date,action,ticker,name,reason
2012-01-05,removed,HANS,,rename → MNST: Hansen Natural renamed Monster Beverage.
2012-01-05,added,MNST,,rename ← HANS: Hansen Natural renamed Monster Beverage.
2012-01-13,removed,NDN,99¢ Only Stores,Market capitalization changes. [ 408 ]
2012-01-13,added,CRI,Carter's,Market capitalization changes. [ 408 ]
2012-02-03,removed,CRK,Comstock Resources,Market capitalization changes. [ 407 ]
2012-02-03,added,POST,Post Holdings,Market capitalization changes. [ 407 ]
2012-03-26,removed,SUG,Southern Union,Market capitalization changes. [ 406 ]
2012-03-26,added,WXS,Wright Express,Market capitalization changes. [ 406 ]
2012-04-30,removed,AM,American Greetings,Market capitalization changes. [ 405 ]
2012-04-30,added,SVU,SUPERVALU,Market capitalization changes. [ 405 ]
2012-05-15,removed,TNB,Thomas & Betts,Acquisition. [ 404 ]
2012-05-15,added,TPX,Tempur-Pedic International,Acquisition. [ 404 ]
2012-06-28,removed,MNST,Monster Beverage,Corporate spin-off . [ 403 ]
2012-06-28,added,HSH,Hillshire Brands,Corporate spin-off . [ 403 ]
2012-06-29,removed,PCX,Patriot Coal,Corporate spin-off . [ 402 ]
2012-07-31,removed,GPRO,Gen-Probe,Acquisition. [ 401 ]
2012-07-31,added,SWI,SolarWinds,Acquisition. [ 401 ]
2012-08-07,removed,LNCR,Lincare Holdings,Acquisition. [ 400 ]
2012-08-07,added,JAH,Jarden,Acquisition. [ 400 ]
2012-09-28,removed,PNR,Pentair,Corporate spin-off . [ 399 ]
2012-09-28,added,DV,DeVry,Corporate spin-off . [ 399 ]
2012-09-28,added,LXK,Lexmark,Corporate spin-off . [ 398 ]
2012-10-01,removed,KFY,Korn/Ferry,Market capitalization changes. [ 396 ]
2012-10-01,removed,PSS,Collective Brands,Acquisition. [ 397 ]
2012-10-01,added,ANR,Alpha Natural Resources,Market capitalization changes. [ 396 ]
2012-10-01,added,GWR,Genesee & Wyoming,Acquisition. [ 397 ]
2012-10-04,removed,PETM,PetSmart,Market capitalization changes. [ 395 ]
2012-10-04,added,CAB,Cabela's,Market capitalization changes. [ 395 ]
2012-12-11,removed,MRX,Medicis Pharmaceutical,Acquisition. [ 394 ]
2012-12-11,added,RRD,R.R. Donnelley,Acquisition. [ 394 ]
2012-12-21,added,UNFI,United Natural Foods,Acquisition. [ 393 ]
2012-12-31,removed,ESI,ITT Educational Services,Corporate spin-off . [ 392 ]
2012-12-31,added,FII,Federated Investors,Corporate spin-off . [ 392 ]
2013-01-25,removed,AGL,,"derived from wiki revision diff (rev 534862350 @ 2013-01-25, prev 2012-12-21)"
2013-01-25,added,GAS,,"derived from wiki revision diff (rev 534862350 @ 2013-01-25, prev 2012-12-21)"
2013-01-29,removed,RAH,Ralcorp,Market capitalization changes. [ 391 ]
2013-01-29,added,EXR,Extra Space Storage,Market capitalization changes. [ 391 ]
2013-02-12,removed,SHAW,The Shaw Group,Acquisition. [ 390 ]
2013-02-12,added,PRI,Primerica,Acquisition. [ 390 ]
2013-02-28,removed,JEF,Jefferies Group,Market capitalization changes. [ 389 ]
2013-02-28,added,KRC,Kilroy Realty,Market capitalization changes. [ 389 ]
2013-04-15,removed,WXS,,rename → WEX: Wright Express renamed WEX Inc.; NYSE ticker change effective 2013-04-15.
2013-04-15,added,WEX,,rename ← WXS: Wright Express renamed WEX Inc.; NYSE ticker change effective 2013-04-15.
2013-04-30,added,EXP,Eagle Materials,Market capitalization changes. [ 388 ]
2013-05-01,added,CST,CST Brands,Corporate spin-off . [ 387 ]
2013-05-08,removed,MAC,The Macerich Company,Market capitalization changes. [ 386 ]
2013-05-08,added,DDD,3D Systems,Market capitalization changes. [ 386 ]
2013-05-23,removed,KSU,Kansas City Southern,Market capitalization changes. [ 384 ]
2013-05-23,removed,KWK,Quicksilver Resources,Market capitalization changes. [ 385 ]
2013-05-23,added,DF,Dean Foods,Market capitalization changes. [ 384 ]
2013-05-23,added,WWAV,WhiteWave Foods,Market capitalization changes. [ 385 ]
2013-05-30,removed,PXP,Plains Exploration & Production,Acquisition. [ 383 ]
2013-05-30,added,DPZ,Domino's Pizza,Acquisition. [ 383 ]
2013-06-21,removed,QLGC,QLogic,Market capitalization changes. [ 382 ]
2013-06-21,added,FHN,First Horizon National,Market capitalization changes. [ 382 ]
2013-06-28,removed,FST,Forest Oil,Corporate spin-off . [ 380 ]
2013-06-28,added,APOL,Apollo Group,Corporate spin-off . [ 380 ]
2013-06-28,added,MNK,Mallinckrodt,Corporate spin-off . [ 381 ]
2013-07-30,removed,GDI,Gardner Denver,Acquisition. [ 379 ]
2013-07-30,added,SLXP,Salix Pharmaceuticals,Acquisition. [ 379 ]
2013-08-30,removed,STRA,Strayer Education,Corporate spin-off . [ 378 ]
2013-08-30,added,MUSA,Murphy USA,Corporate spin-off . [ 378 ]
2013-09-20,removed,AME,Ametek,Market capitalization changes. [ 377 ]
2013-09-20,removed,VRTX,Vertex Pharmaceuticals,Market capitalization changes. [ 376 ]
2013-09-20,added,AMD,Advanced Micro Devices,Market capitalization changes. [ 376 ]
2013-09-20,added,SAI,SAIC,Market capitalization changes. [ 377 ]
2013-09-26,removed,SFD,Smithfield Foods,Acquisition. [ 375 ]
2013-09-26,added,CBST,Cubist Pharmaceuticals,Acquisition. [ 375 ]
2013-09-27,removed,BKS,Barnes & Noble,Market capitalization changes. [ 374 ]
2013-09-27,added,SAIC,Science Applications International,Market capitalization changes. [ 374 ]
2013-09-30,removed,SAI,,rename → LDOS: SAIC restructuring: parent renamed Leidos (LDOS); the government-services business spun off as new SAIC.
2013-09-30,added,LDOS,,rename ← SAI: SAIC restructuring: parent renamed Leidos (LDOS); the government-services business spun off as new SAIC.
2013-10-30,removed,AAI,,"derived from wiki revision diff (rev 579407482 @ 2013-10-30, prev 2013-07-25)"
2013-10-30,removed,ACV,,"derived from wiki revision diff (rev 579407482 @ 2013-10-30, prev 2013-07-25)"
2013-10-30,removed,AMB,,"derived from wiki revision diff (rev 579407482 @ 2013-10-30, prev 2013-07-25)"
2013-10-30,removed,BEC,,"derived from wiki revision diff (rev 579407482 @ 2013-10-30, prev 2013-07-25)"
2013-10-30,removed,BEZ,,"derived from wiki revision diff (rev 579407482 @ 2013-10-30, prev 2013-07-25)"
2013-10-30,removed,BJ,,"derived from wiki revision diff (rev 579407482 @ 2013-10-30, prev 2013-07-25)"
2013-10-30,removed,BUCY,,"derived from wiki revision diff (rev 579407482 @ 2013-10-30, prev 2013-07-25)"
2013-10-30,removed,BWA,,"derived from wiki revision diff (rev 579407482 @ 2013-10-30, prev 2013-07-25)"
2013-10-30,removed,CBB,,"derived from wiki revision diff (rev 579407482 @ 2013-10-30, prev 2013-07-25)"
2013-10-30,removed,CECO,,"derived from wiki revision diff (rev 579407482 @ 2013-10-30, prev 2013-07-25)"
2013-10-30,removed,CPO,,"derived from wiki revision diff (rev 579407482 @ 2013-10-30, prev 2013-07-25)"
2013-10-30,removed,CUZ,,"derived from wiki revision diff (rev 579407482 @ 2013-10-30, prev 2013-07-25)"
2013-10-30,removed,EXBD,,"derived from wiki revision diff (rev 579407482 @ 2013-10-30, prev 2013-07-25)"
2013-10-30,removed,GAS,,"derived from wiki revision diff (rev 579407482 @ 2013-10-30, prev 2013-07-25)"
2013-10-30,removed,JCG,,"derived from wiki revision diff (rev 579407482 @ 2013-10-30, prev 2013-07-25)"
2013-10-30,removed,JOYG,,"derived from wiki revision diff (rev 579407482 @ 2013-10-30, prev 2013-07-25)"
2013-10-30,removed,JWA,,"derived from wiki revision diff (rev 579407482 @ 2013-10-30, prev 2013-07-25)"
2013-10-30,removed,KCI,,"derived from wiki revision diff (rev 579407482 @ 2013-10-30, prev 2013-07-25)"
2013-10-30,removed,KND,,"derived from wiki revision diff (rev 579407482 @ 2013-10-30, prev 2013-07-25)"
2013-10-30,removed,LKQX,,"derived from wiki revision diff (rev 579407482 @ 2013-10-30, prev 2013-07-25)"
2013-10-30,removed,LRCX,,"derived from wiki revision diff (rev 579407482 @ 2013-10-30, prev 2013-07-25)"
2013-10-30,removed,NAL,,"derived from wiki revision diff (rev 579407482 @ 2013-10-30, prev 2013-07-25)"
2013-10-30,removed,NCI,,"derived from wiki revision diff (rev 579407482 @ 2013-10-30, prev 2013-07-25)"
2013-10-30,removed,NST,,"derived from wiki revision diff (rev 579407482 @ 2013-10-30, prev 2013-07-25)"
2013-10-30,removed,OSG,,"derived from wiki revision diff (rev 579407482 @ 2013-10-30, prev 2013-07-25)"
2013-10-30,removed,PDE,,"derived from wiki revision diff (rev 579407482 @ 2013-10-30, prev 2013-07-25)"
2013-10-30,removed,PRSP,,"derived from wiki revision diff (rev 579407482 @ 2013-10-30, prev 2013-07-25)"
2013-10-30,removed,QSFT,,"derived from wiki revision diff (rev 579407482 @ 2013-10-30, prev 2013-07-25)"
2013-10-30,removed,UTR,,"derived from wiki revision diff (rev 579407482 @ 2013-10-30, prev 2013-07-25)"
2013-10-30,added,ACC,,"derived from wiki revision diff (rev 579407482 @ 2013-10-30, prev 2013-07-25)"
2013-10-30,added,AHL,,"derived from wiki revision diff (rev 579407482 @ 2013-10-30, prev 2013-07-25)"
2013-10-30,added,AMCX,,"derived from wiki revision diff (rev 579407482 @ 2013-10-30, prev 2013-07-25)"
2013-10-30,added,BGC,,"derived from wiki revision diff (rev 579407482 @ 2013-10-30, prev 2013-07-25)"
2013-10-30,added,BIG,,"derived from wiki revision diff (rev 579407482 @ 2013-10-30, prev 2013-07-25)"
2013-10-30,added,BMR,,"derived from wiki revision diff (rev 579407482 @ 2013-10-30, prev 2013-07-25)"
2013-10-30,added,CBOE,,"derived from wiki revision diff (rev 579407482 @ 2013-10-30, prev 2013-07-25)"
2013-10-30,added,CEB,,"derived from wiki revision diff (rev 579407482 @ 2013-10-30, prev 2013-07-25)"
2013-10-30,added,CLC,,"derived from wiki revision diff (rev 579407482 @ 2013-10-30, prev 2013-07-25)"
2013-10-30,added,CNK,,"derived from wiki revision diff (rev 579407482 @ 2013-10-30, prev 2013-07-25)"
2013-10-30,added,COO,,"derived from wiki revision diff (rev 579407482 @ 2013-10-30, prev 2013-07-25)"
2013-10-30,added,CPWR,,"derived from wiki revision diff (rev 579407482 @ 2013-10-30, prev 2013-07-25)"
2013-10-30,added,CRR,,"derived from wiki revision diff (rev 579407482 @ 2013-10-30, prev 2013-07-25)"
2013-10-30,added,CVLT,,"derived from wiki revision diff (rev 579407482 @ 2013-10-30, prev 2013-07-25)"
2013-10-30,added,CY,,"derived from wiki revision diff (rev 579407482 @ 2013-10-30, prev 2013-07-25)"
2013-10-30,added,DRC,,"derived from wiki revision diff (rev 579407482 @ 2013-10-30, prev 2013-07-25)"
2013-10-30,added,ESL,,"derived from wiki revision diff (rev 579407482 @ 2013-10-30, prev 2013-07-25)"
2013-10-30,added,HSNI,,"derived from wiki revision diff (rev 579407482 @ 2013-10-30, prev 2013-07-25)"
2013-10-30,added,ITT,,"derived from wiki revision diff (rev 579407482 @ 2013-10-30, prev 2013-07-25)"
2013-10-30,added,JNS,,"derived from wiki revision diff (rev 579407482 @ 2013-10-30, prev 2013-07-25)"
2013-10-30,added,KMPR,,"derived from wiki revision diff (rev 579407482 @ 2013-10-30, prev 2013-07-25)"
2013-10-30,added,PB,,"derived from wiki revision diff (rev 579407482 @ 2013-10-30, prev 2013-07-25)"
2013-10-30,added,Y,,"derived from wiki revision diff (rev 579407482 @ 2013-10-30, prev 2013-07-25)"
2013-11-04,removed,SKS,Saks,Acquisition. [ 373 ]
2013-11-04,added,AOS,A.O. Smith,Acquisition. [ 373 ]
2013-11-20,removed,BLUD,,"derived from wiki revision diff (rev 582546939 @ 2013-11-20, prev 2013-10-30)"
2013-11-20,removed,BYD,,"derived from wiki revision diff (rev 582546939 @ 2013-11-20, prev 2013-10-30)"
2013-11-20,removed,CMG,,"derived from wiki revision diff (rev 582546939 @ 2013-11-20, prev 2013-10-30)"
2013-11-20,removed,DLTR,,"derived from wiki revision diff (rev 582546939 @ 2013-11-20, prev 2013-10-30)"
2013-11-20,removed,DPL,,"derived from wiki revision diff (rev 582546939 @ 2013-11-20, prev 2013-10-30)"
2013-11-20,removed,DRIV,,"derived from wiki revision diff (rev 582546939 @ 2013-11-20, prev 2013-10-30)"
2013-11-20,removed,DYN,,"derived from wiki revision diff (rev 582546939 @ 2013-11-20, prev 2013-10-30)"
2013-11-20,removed,EK,,"derived from wiki revision diff (rev 582546939 @ 2013-11-20, prev 2013-10-30)"
2013-11-20,removed,EW,,"derived from wiki revision diff (rev 582546939 @ 2013-11-20, prev 2013-10-30)"
2013-11-20,removed,EXH,,"derived from wiki revision diff (rev 582546939 @ 2013-11-20, prev 2013-10-30)"
2013-11-20,removed,FOSL,,"derived from wiki revision diff (rev 582546939 @ 2013-11-20, prev 2013-10-30)"
2013-11-20,removed,FTO,,"derived from wiki revision diff (rev 582546939 @ 2013-11-20, prev 2013-10-30)"
2013-11-20,removed,HHS,,"derived from wiki revision diff (rev 582546939 @ 2013-11-20, prev 2013-10-30)"
2013-11-20,removed,LZ,,"derived from wiki revision diff (rev 582546939 @ 2013-11-20, prev 2013-10-30)"
2013-11-20,removed,NHP,,"derived from wiki revision diff (rev 582546939 @ 2013-11-20, prev 2013-10-30)"
2013-11-20,removed,NYB,,"derived from wiki revision diff (rev 582546939 @ 2013-11-20, prev 2013-10-30)"
2013-11-20,removed,PACW,,"derived from wiki revision diff (rev 582546939 @ 2013-11-20, prev 2013-10-30)"
2013-11-20,removed,PPDI,,"derived from wiki revision diff (rev 582546939 @ 2013-11-20, prev 2013-10-30)"
2013-11-20,removed,PRGO,,"derived from wiki revision diff (rev 582546939 @ 2013-11-20, prev 2013-10-30)"
2013-11-20,removed,PVH,,"derived from wiki revision diff (rev 582546939 @ 2013-11-20, prev 2013-10-30)"
2013-11-20,removed,RDK,,"derived from wiki revision diff (rev 582546939 @ 2013-11-20, prev 2013-10-30)"
2013-11-20,removed,RYL,,"derived from wiki revision diff (rev 582546939 @ 2013-11-20, prev 2013-10-30)"
2013-11-20,removed,SRX,,"derived from wiki revision diff (rev 582546939 @ 2013-11-20, prev 2013-10-30)"
2013-11-20,removed,TBL,,"derived from wiki revision diff (rev 582546939 @ 2013-11-20, prev 2013-10-30)"
2013-11-20,removed,TIN,,"derived from wiki revision diff (rev 582546939 @ 2013-11-20, prev 2013-10-30)"
2013-11-20,removed,TRH,,"derived from wiki revision diff (rev 582546939 @ 2013-11-20, prev 2013-10-30)"
2013-11-20,removed,WFSL,,"derived from wiki revision diff (rev 582546939 @ 2013-11-20, prev 2013-10-30)"
2013-11-20,removed,WGOV,,"derived from wiki revision diff (rev 582546939 @ 2013-11-20, prev 2013-10-30)"
2013-11-20,removed,WRC,,"derived from wiki revision diff (rev 582546939 @ 2013-11-20, prev 2013-10-30)"
2013-11-20,added,FBHS,,"derived from wiki revision diff (rev 582546939 @ 2013-11-20, prev 2013-10-30)"
2013-11-20,added,HBHC,,"derived from wiki revision diff (rev 582546939 @ 2013-11-20, prev 2013-10-30)"
2013-11-20,added,HFC,,"derived from wiki revision diff (rev 582546939 @ 2013-11-20, prev 2013-10-30)"
2013-11-20,added,HII,,"derived from wiki revision diff (rev 582546939 @ 2013-11-20, prev 2013-10-30)"
2013-11-20,added,HME,,"derived from wiki revision diff (rev 582546939 @ 2013-11-20, prev 2013-10-30)"
2013-11-20,added,HMSY,,"derived from wiki revision diff (rev 582546939 @ 2013-11-20, prev 2013-10-30)"
2013-11-20,added,HTSI,,"derived from wiki revision diff (rev 582546939 @ 2013-11-20, prev 2013-10-30)"
2013-11-20,added,IDCC,,"derived from wiki revision diff (rev 582546939 @ 2013-11-20, prev 2013-10-30)"
2013-11-20,added,INGR,,"derived from wiki revision diff (rev 582546939 @ 2013-11-20, prev 2013-10-30)"
2013-11-20,added,INT,,"derived from wiki revision diff (rev 582546939 @ 2013-11-20, prev 2013-10-30)"
2013-11-20,added,JWA,,"derived from wiki revision diff (rev 582546939 @ 2013-11-20, prev 2013-10-30)"
2013-11-20,added,LKQ,,"derived from wiki revision diff (rev 582546939 @ 2013-11-20, prev 2013-10-30)"
2013-11-20,added,MATX,,"derived from wiki revision diff (rev 582546939 @ 2013-11-20, prev 2013-10-30)"
2013-11-20,added,MDP,,"derived from wiki revision diff (rev 582546939 @ 2013-11-20, prev 2013-10-30)"
2013-11-20,added,MWW,,"derived from wiki revision diff (rev 582546939 @ 2013-11-20, prev 2013-10-30)"
2013-11-20,added,NNN,,"derived from wiki revision diff (rev 582546939 @ 2013-11-20, prev 2013-10-30)"
2013-11-20,added,NYCB,,"derived from wiki revision diff (rev 582546939 @ 2013-11-20, prev 2013-10-30)"
2013-11-20,added,OIS,,"derived from wiki revision diff (rev 582546939 @ 2013-11-20, prev 2013-10-30)"
2013-11-20,added,PAY,,"derived from wiki revision diff (rev 582546939 @ 2013-11-20, prev 2013-10-30)"
2013-11-20,added,RGLD,,"derived from wiki revision diff (rev 582546939 @ 2013-11-20, prev 2013-10-30)"
2013-11-20,added,ROSE,,"derived from wiki revision diff (rev 582546939 @ 2013-11-20, prev 2013-10-30)"
2013-11-20,added,SBNY,,"derived from wiki revision diff (rev 582546939 @ 2013-11-20, prev 2013-10-30)"
2013-11-20,added,SIG,,"derived from wiki revision diff (rev 582546939 @ 2013-11-20, prev 2013-10-30)"
2013-11-20,added,SUNE,,"derived from wiki revision diff (rev 582546939 @ 2013-11-20, prev 2013-10-30)"
2013-11-20,added,TGI,,"derived from wiki revision diff (rev 582546939 @ 2013-11-20, prev 2013-10-30)"
2013-11-20,added,UFS,,"derived from wiki revision diff (rev 582546939 @ 2013-11-20, prev 2013-10-30)"
2013-11-20,added,UTIW,,"derived from wiki revision diff (rev 582546939 @ 2013-11-20, prev 2013-10-30)"
2013-11-20,added,VCI,,"derived from wiki revision diff (rev 582546939 @ 2013-11-20, prev 2013-10-30)"
2013-11-20,added,WAFD,,"derived from wiki revision diff (rev 582546939 @ 2013-11-20, prev 2013-10-30)"
2013-11-20,added,WWD,,"derived from wiki revision diff (rev 582546939 @ 2013-11-20, prev 2013-10-30)"
2013-11-20,added,XLS,,"derived from wiki revision diff (rev 582546939 @ 2013-11-20, prev 2013-10-30)"
2013-12-20,removed,ACI,Arch Coal,Market capitalization changes. [ 371 ]
2013-12-20,removed,ADS,Alliance Data Systems,Market capitalization changes. [ 369 ]
2013-12-20,removed,MHK,Mohawk Industries,Market capitalization changes. [ 370 ]
2013-12-20,removed,RGS,Regis,Market capitalization changes. [ 372 ]
2013-12-20,removed,SCHL,Scholastic,Market capitalization changes. [ 368 ]
2013-12-20,added,ANF,Abercrombie & Fitch,Market capitalization changes. [ 369 ]
2013-12-20,added,BC,Brunswick,Market capitalization changes. [ 372 ]
2013-12-20,added,JDSU,JDS Uniphase,Market capitalization changes. [ 370 ]
2013-12-20,added,ODFL,Old Dominion Freight Line,Market capitalization changes. [ 371 ]
2013-12-20,added,TER,Teradyne,Market capitalization changes. [ 368 ]
2013-12-23,removed,NVE,NV Energy,Acquisition. [ 367 ]
2013-12-23,added,HAIN,The Hain Celestial Group,Acquisition. [ 367 ]
2014-01-02,removed,LPS,Lender Processing Services,Acquisition. [ 366 ]
2014-01-02,added,RNR,RenaissanceRe,Acquisition. [ 366 ]
2014-01-23,removed,TSCO,Tractor Supply,Market capitalization changes. [ 365 ]
2014-01-23,added,ALGN,Align Technology,Market capitalization changes. [ 365 ]
2014-01-28,removed,HMA,Health Management Associates,Acquisition. [ 364 ]
2014-01-28,removed,HTSI,Harris Teeter,Acquisition. [ 363 ]
2014-01-28,added,FTNT,Fortinet,Acquisition. [ 363 ]
2014-01-28,added,SIRO,Sirona Dental Systems,Acquisition. [ 364 ]
2014-01-31,removed,VCI,Valassis Communications,Corporate spin-off . [ 362 ]
2014-01-31,added,OGS,ONE Gas,Corporate spin-off . [ 362 ]
2014-02-28,removed,AINV,Apollo Investment,Corporate spin-off . [ 361 ]
2014-02-28,removed,PMTC,,"derived from wiki revision diff (rev 597534985 @ 2014-02-28, prev 2014-01-09)"
2014-02-28,added,KN,Knowles Corporation,Corporate spin-off . [ 361 ]
2014-02-28,added,PTC,,"derived from wiki revision diff (rev 597534985 @ 2014-02-28, prev 2014-01-09)"
2014-03-21,removed,GMCR,Keurig Green Mountain,Market capitalization changes. [ 359 ]
2014-03-21,removed,MATX,Matson,Market capitalization changes. [ 360 ]
2014-03-21,added,KATE,Kate Spade & Company,Market capitalization changes. [ 360 ]
2014-03-21,added,WPX,WPX Energy,Market capitalization changes. [ 359 ]
2014-04-01,removed,BRE,BRE Properties,Acquisition. [ 358 ]
2014-04-01,removed,ESS,Essex Property Trust,Acquisition. [ 357 ]
2014-04-01,added,CLF,Cleveland-Cliffs,Acquisition. [ 357 ]
2014-04-01,added,FEIC,FEI Company,Acquisition. [ 358 ]
2014-04-17,removed,SGMS,Scientific Games,Acquisition. [ 356 ]
2014-04-17,added,UMPQ,Umpqua Holdings,Acquisition. [ 356 ]
2014-04-30,removed,ANR,Alpha Natural Resources,Corporate spin-off . [ 354 ]
2014-04-30,added,POL,PolyOne,Corporate spin-off . [ 355 ]
2014-04-30,added,SLM,SLM,Corporate spin-off . [ 354 ]
2014-05-28,removed,UTIW,UTi Worldwide,Corporate spin-off . [ 353 ]
2014-05-28,added,WPG,Washington Prime Group,Corporate spin-off . [ 353 ]
2014-05-30,removed,BGC,General Cable,Corporate spin-off . [ 351 ]
2014-05-30,removed,MATW,Matthews International,Corporate spin-off . [ 352 ]
2014-05-30,added,CVEO,Civeo,Corporate spin-off . [ 352 ]
2014-05-30,added,DNOW,NOW,Corporate spin-off . [ 351 ]
2014-06-06,removed,BOBE,Bob Evans Farms,Corporate spin-off . [ 350 ]
2014-06-06,added,TIME,Time Inc.,Corporate spin-off . [ 350 ]
2014-06-20,removed,BCO,The Brink's Company,Market capitalization changes. [ 349 ]
2014-06-20,removed,MASI,Masimo,Market capitalization changes. [ 348 ]
2014-06-20,removed,XEC,Cimarex Energy,Market capitalization changes. [ 347 ]
2014-06-20,added,ARRS,ARRIS Group,Market capitalization changes. [ 349 ]
2014-06-20,added,IGT,International Game Technology,Market capitalization changes. [ 347 ]
2014-06-20,added,LYV,Live Nation Entertainment,Market capitalization changes. [ 348 ]
2014-06-27,removed,IPI,Intrepid Potash,Acquisition. [ 346 ]
2014-06-27,added,RYAM,Rayonier Advanced Materials,Acquisition. [ 346 ]
2014-06-30,removed,AMG,Affiliated Managers Group,Corporate spin-off . [ 343 ]
2014-06-30,removed,FNF,Fidelity National Financial,Corporate spin-off . [ 345 ]
2014-06-30,removed,GHL,Greenhill & Co.,Corporate spin-off . [ 344 ]
2014-06-30,added,BDC,Belden,Corporate spin-off . [ 345 ]
2014-06-30,added,LHO,LaSalle Hotel Properties,Corporate spin-off . [ 343 ]
2014-06-30,added,TMST,Timken Company,Corporate spin-off . [ 344 ]
2014-07-01,removed,MLM,Martin Marietta Materials,Market capitalization changes. [ 342 ]
2014-07-01,added,X,United States Steel,Market capitalization changes. [ 342 ]
2014-08-14,removed,HSH,Hillshire Brands,Acquisition. [ 341 ]
2014-08-14,added,ULTI,Ultimate Software Group,Acquisition. [ 341 ]
2014-08-18,removed,MNK,Mallinckrodt,Market capitalization changes. [ 340 ]
2014-08-18,added,RDC,Rowan,Market capitalization changes. [ 340 ]
2014-09-03,removed,MCRS,MICROS Systems,Market capitalization changes. [ 339 ]
2014-09-03,added,CNC,Centene,Market capitalization changes. [ 339 ]
2014-09-19,removed,UHS,Universal Health Services,Market capitalization changes. [ 337 ]
2014-09-19,removed,URI,United Rentals,Market capitalization changes. [ 336 ]
2014-09-19,removed,WABC,Westamerica Bancorporation,Market capitalization changes. [ 338 ]
2014-09-19,added,BTU,Peabody Energy,Market capitalization changes. [ 337 ]
2014-09-19,added,CGNX,Cognex,Market capitalization changes. [ 338 ]
2014-09-19,added,GHC,Graham Holdings,Market capitalization changes. [ 336 ]
2014-09-30,removed,BBG,Bill Barrett Corporation,Bill Barrett's market capitalization is below $1.2 billion. [ 335 ]
2014-09-30,added,CDK,CDK Global Inc.,Bill Barrett's market capitalization is below $1.2 billion. [ 335 ]
2014-10-17,removed,URS,URS,Market capitalization changes. [ 334 ]
2014-10-17,added,SKT,Tanger Factory Outlet Centers,Market capitalization changes. [ 334 ]
2014-10-31,removed,ADTN,ADTRAN,Corporate spin-off . [ 333 ]
2014-10-31,removed,UVV,Universal,Corporate spin-off . [ 332 ]
2014-10-31,added,HYH,Halyard Health,Corporate spin-off . [ 333 ]
2014-10-31,added,KEYS,Keysight Technologies,Corporate spin-off . [ 332 ]
2014-11-04,removed,TWTC,TW Telecom,Acquisition. [ 331 ]
2014-11-04,added,JBL,Jabil Circuit,Acquisition. [ 331 ]
2014-11-24,removed,BYI,Bally Technologies,Acquisition. [ 330 ]
2014-11-24,added,WNR,Western Refining,Acquisition. [ 330 ]
2014-11-28,removed,RYAM,Rayonier Advanced Materials,Acquisition. [ 329 ]
2014-11-28,added,CRC,California Resources Corporation,Acquisition. [ 329 ]
2014-12-04,removed,CNQR,Concur Technologies,Acquisition. [ 327 ]
2014-12-04,removed,TIBX,TIBCO Software,Acquisition. [ 328 ]
2014-12-04,added,BMS,Bemis,Acquisition. [ 327 ]
2014-12-04,added,TYL,Tyler Technologies,Acquisition. [ 328 ]
2014-12-08,removed,CPWR,Compuware,Acquisition. [ 326 ]
2014-12-08,added,IPGP,IPG Photonics,Acquisition. [ 326 ]
2014-12-09,added,THS,TreeHouse Foods,Acquisition. [ 325 ]
2014-12-16,removed,CVEO,Civeo,Corporate spin-off . [ 324 ]
2014-12-16,added,KLXI,KLX,Corporate spin-off . [ 324 ]
2015-04-07,removed,IGT,International Game Technology,manual override: Acquired by GTECH plc (closed 2015-04-07); the successor IGT plc is UK-domiciled and not eligible for S&P US indices.
2015-04-07,removed,SLXP,Salix Pharmaceuticals,Salix Pharmaceuticals was acquired by Valeant Pharmaceuticals. [ 323 ]
2015-04-07,added,CNO,CNO Financial Group,Salix Pharmaceuticals was acquired by Valeant Pharmaceuticals. [ 323 ]
2015-04-24,removed,CLF,Cliffs Natural Resources,Windstream Holdings completed the corporate spin-off of Communications Sales & Leasing; Cliffs Natural Resources removed due to market cap adjustments [ 322 ]
2015-04-24,added,CSAL,Communications Sales & Leasing,Windstream Holdings completed the corporate spin-off of Communications Sales & Leasing; Cliffs Natural Resources removed due to market cap adjustments [ 322 ]
2015-04-27,removed,RVBD,Riverbed Technology Inc,Riverbed Technology was acquired by group led by Thoma Bravo LLC. [ 321 ]
2015-04-27,added,DNKN,Dunkin' Brands,Riverbed Technology was acquired by group led by Thoma Bravo LLC. [ 321 ]
2015-05-21,removed,ACM,,"derived from wiki revision diff (rev 663446281 @ 2015-05-21, prev 2015-04-13)"
2015-05-21,removed,AF,,"derived from wiki revision diff (rev 663446281 @ 2015-05-21, prev 2015-04-13)"
2015-05-21,removed,ARO,,"derived from wiki revision diff (rev 663446281 @ 2015-05-21, prev 2015-04-13)"
2015-05-21,removed,ASBC,,"derived from wiki revision diff (rev 663446281 @ 2015-05-21, prev 2015-04-13)"
2015-05-21,removed,ATK,,"derived from wiki revision diff (rev 663446281 @ 2015-05-21, prev 2015-04-13)"
2015-05-21,removed,CBST,,"derived from wiki revision diff (rev 663446281 @ 2015-05-21, prev 2015-04-13)"
2015-05-21,removed,CRR,,"derived from wiki revision diff (rev 663446281 @ 2015-05-21, prev 2015-04-13)"
2015-05-21,removed,CVD,,"derived from wiki revision diff (rev 663446281 @ 2015-05-21, prev 2015-04-13)"
2015-05-21,removed,ENDP,,"derived from wiki revision diff (rev 663446281 @ 2015-05-21, prev 2015-04-13)"
2015-05-21,removed,EQIX,,"derived from wiki revision diff (rev 663446281 @ 2015-05-21, prev 2015-04-13)"
2015-05-21,removed,GMT,,"derived from wiki revision diff (rev 663446281 @ 2015-05-21, prev 2015-04-13)"
2015-05-21,removed,GNTX,,"derived from wiki revision diff (rev 663446281 @ 2015-05-21, prev 2015-04-13)"
2015-05-21,removed,GPN,,"derived from wiki revision diff (rev 663446281 @ 2015-05-21, prev 2015-04-13)"
2015-05-21,removed,HBI,,"derived from wiki revision diff (rev 663446281 @ 2015-05-21, prev 2015-04-13)"
2015-05-21,removed,HSIC,,"derived from wiki revision diff (rev 663446281 @ 2015-05-21, prev 2015-04-13)"
2015-05-21,removed,HUBB,,"derived from wiki revision diff (rev 663446281 @ 2015-05-21, prev 2015-04-13)"
2015-05-21,removed,IRF,,"derived from wiki revision diff (rev 663446281 @ 2015-05-21, prev 2015-04-13)"
2015-05-21,removed,JWA,,"derived from wiki revision diff (rev 663446281 @ 2015-05-21, prev 2015-04-13)"
2015-05-21,removed,LRY,,"derived from wiki revision diff (rev 663446281 @ 2015-05-21, prev 2015-04-13)"
2015-05-21,removed,MANT,,"derived from wiki revision diff (rev 663446281 @ 2015-05-21, prev 2015-04-13)"
2015-05-21,removed,MWW,,"derived from wiki revision diff (rev 663446281 @ 2015-05-21, prev 2015-04-13)"
2015-05-21,removed,O,,"derived from wiki revision diff (rev 663446281 @ 2015-05-21, prev 2015-04-13)"
2015-05-21,removed,PL,,"derived from wiki revision diff (rev 663446281 @ 2015-05-21, prev 2015-04-13)"
2015-05-21,removed,RFMD,,"derived from wiki revision diff (rev 663446281 @ 2015-05-21, prev 2015-04-13)"
2015-05-21,removed,SLG,,"derived from wiki revision diff (rev 663446281 @ 2015-05-21, prev 2015-04-13)"
2015-05-21,removed,SWKS,,"derived from wiki revision diff (rev 663446281 @ 2015-05-21, prev 2015-04-13)"
2015-05-21,removed,UA,,"derived from wiki revision diff (rev 663446281 @ 2015-05-21, prev 2015-04-13)"
2015-05-21,removed,VCLK,,"derived from wiki revision diff (rev 663446281 @ 2015-05-21, prev 2015-04-13)"
2015-05-21,removed,WMS,,"derived from wiki revision diff (rev 663446281 @ 2015-05-21, prev 2015-04-13)"
2015-05-21,added,AKRX,,"derived from wiki revision diff (rev 663446281 @ 2015-05-21, prev 2015-04-13)"
2015-05-21,added,ASB,,"derived from wiki revision diff (rev 663446281 @ 2015-05-21, prev 2015-04-13)"
2015-05-21,added,AVP,,"derived from wiki revision diff (rev 663446281 @ 2015-05-21, prev 2015-04-13)"
2015-05-21,added,BWLD,,"derived from wiki revision diff (rev 663446281 @ 2015-05-21, prev 2015-04-13)"
2015-05-21,added,DAN,,"derived from wiki revision diff (rev 663446281 @ 2015-05-21, prev 2015-04-13)"
2015-05-21,added,DEI,,"derived from wiki revision diff (rev 663446281 @ 2015-05-21, prev 2015-04-13)"
2015-05-21,added,DNR,,"derived from wiki revision diff (rev 663446281 @ 2015-05-21, prev 2015-04-13)"
2015-05-21,added,GPOR,,"derived from wiki revision diff (rev 663446281 @ 2015-05-21, prev 2015-04-13)"
2015-05-21,added,HUB.B,,"derived from wiki revision diff (rev 663446281 @ 2015-05-21, prev 2015-04-13)"
2015-05-21,added,JCP,,"derived from wiki revision diff (rev 663446281 @ 2015-05-21, prev 2015-04-13)"
2015-05-21,added,JW.A,,"derived from wiki revision diff (rev 663446281 @ 2015-05-21, prev 2015-04-13)"
2015-05-21,added,LPT,,"derived from wiki revision diff (rev 663446281 @ 2015-05-21, prev 2015-04-13)"
2015-05-21,added,MAA,,"derived from wiki revision diff (rev 663446281 @ 2015-05-21, prev 2015-04-13)"
2015-05-21,added,MMS,,"derived from wiki revision diff (rev 663446281 @ 2015-05-21, prev 2015-04-13)"
2015-05-21,added,NBR,,"derived from wiki revision diff (rev 663446281 @ 2015-05-21, prev 2015-04-13)"
2015-05-21,added,OA,,"derived from wiki revision diff (rev 663446281 @ 2015-05-21, prev 2015-04-13)"
2015-05-21,added,PACW,,"derived from wiki revision diff (rev 663446281 @ 2015-05-21, prev 2015-04-13)"
2015-05-21,added,QRVO,,"derived from wiki revision diff (rev 663446281 @ 2015-05-21, prev 2015-04-13)"
2015-05-21,added,SAM,,"derived from wiki revision diff (rev 663446281 @ 2015-05-21, prev 2015-04-13)"
2015-05-21,added,SF,,"derived from wiki revision diff (rev 663446281 @ 2015-05-21, prev 2015-04-13)"
2015-05-21,added,TDY,,"derived from wiki revision diff (rev 663446281 @ 2015-05-21, prev 2015-04-13)"
2015-05-21,added,UE,,"derived from wiki revision diff (rev 663446281 @ 2015-05-21, prev 2015-04-13)"
2015-05-21,added,VSTO,,"derived from wiki revision diff (rev 663446281 @ 2015-05-21, prev 2015-04-13)"
2015-05-21,added,WIN,,"derived from wiki revision diff (rev 663446281 @ 2015-05-21, prev 2015-04-13)"
2015-05-29,removed,XLS,Exelis,Harris acquired Exelis. [ 320 ]
2015-05-29,added,OZRK,Bank of the Ozarks,Harris acquired Exelis. [ 320 ]
2015-06-01,removed,WIN,Windstream,PPL Corp completed the corporate spin-off of Talen Energy. [ 319 ]
2015-06-01,added,TLN,Talen Energy,PPL Corp completed the corporate spin-off of Talen Energy. [ 319 ]
2015-06-10,removed,LTM,Life Time Fitness Inc.,Life Time Fitness is now a private company.
2015-06-10,added,MANH,Manhattan Associates,Life Time Fitness is now a private company.
2015-06-11,removed,QRVO,Qorvo,Qorvo Inc. replaced Lorillard Inc. in the S&P 500; Lorillard was acquired by Reynolds American Inc.
2015-06-11,added,WETF,WisdomTree Investments,Qorvo Inc. replaced Lorillard Inc. in the S&P 500; Lorillard was acquired by Reynolds American Inc.
2015-06-19,added,ACM,,"derived from wiki revision diff (rev 667639485 @ 2015-06-19, prev 2015-05-21)"
2015-06-19,added,GMT,,"derived from wiki revision diff (rev 667639485 @ 2015-06-19, prev 2015-05-21)"
2015-06-19,added,GNTX,,"derived from wiki revision diff (rev 667639485 @ 2015-06-19, prev 2015-05-21)"
2015-06-19,added,GPN,,"derived from wiki revision diff (rev 667639485 @ 2015-06-19, prev 2015-05-21)"
2015-06-25,removed,AOL,AOL,Verizon acquired AOL. [ 317 ]
2015-06-25,added,CASY,Casey's General Stores,Verizon acquired AOL. [ 317 ]
2015-06-29,removed,DRC,Dresser-Rand Group,Siemens AG acquired Dresser-Rand Group. [ 318 ]
2015-06-29,added,CBRL,Cracker Barrel,Siemens AG acquired Dresser-Rand Group. [ 318 ]
2015-06-30,removed,BTU,Peabody Energy,Graham Holdings Company completed the corporate spin-off of Cable One. Graham Holdings remained in the S&P MidCap 400 following the distribution.
2015-06-30,removed,HSC,Harsco,"Energizer completed the corporate spin-off of ""new"" Energizer. Post spin, the parent company changed its name to Edgewell Personal Care Co. and trade under the symbol ""EPC"". It remained in the S&P MidCap 400 following the distribution."
2015-06-30,removed,SMTC,Semtech,E. I. du Pont de Nemours and Co. completed the corporate spin-off of Chemours.
2015-06-30,added,CABO,Cable One,Graham Holdings Company completed the corporate spin-off of Cable One. Graham Holdings remained in the S&P MidCap 400 following the distribution.
2015-06-30,added,CC,Chemours,E. I. du Pont de Nemours and Co. completed the corporate spin-off of Chemours.
2015-06-30,added,EPC,Edgewell Personal Care,"Energizer completed the corporate spin-off of ""new"" Energizer. Post spin, the parent company changed its name to Edgewell Personal Care Co. and trade under the symbol ""EPC"". It remained in the S&P MidCap 400 following the distribution."
2015-07-01,removed,UNT,Unit,NiSource completed the corporate spin-off of Columbia Pipeline Group. NiSource remained in the S&P 500 and Columbia Pipeline was added to the S&P 500.
2015-07-01,added,ATI,Allegheny Technologies,NiSource completed the corporate spin-off of Columbia Pipeline Group. NiSource remained in the S&P 500 and Columbia Pipeline was added to the S&P 500.
2015-07-08,removed,AAP,Advance Auto Parts,Dollar Tree acquired Family Dollar Stores. Advance Auto Parts moved to the S&P 500 to replace Family Dollar Stores.
2015-07-08,removed,ADVS,Advent Software,SS&C Technologies Holdings acquired Advent Software.
2015-07-08,added,JACK,Jack in the Box,Dollar Tree acquired Family Dollar Stores. Advance Auto Parts moved to the S&P 500 to replace Family Dollar Stores.
2015-07-08,added,WST,West Pharmaceutical Services,SS&C Technologies Holdings acquired Advent Software.
2015-07-30,removed,TMST,Timken Company,Endurance Specialty Holdings acquired Montpelier Re Holdings. [ 315 ]
2015-07-30,added,ENH,Endurance Specialty Holdings,Endurance Specialty Holdings acquired Montpelier Re Holdings. [ 315 ]
2015-11-02,removed,CYN,City National Corp,Royal Bank of Canada acquired City National. [ 314 ]
2015-11-02,added,MKTX,MarketAxess,Royal Bank of Canada acquired City National. [ 314 ]
2015-11-18,removed,ROVI,Rovi,Synchrony Financial replaced Genworth Financial in the S&P 500. [ 313 ]
2015-11-18,added,GNW,Genworth Financial,Synchrony Financial replaced Genworth Financial in the S&P 500. [ 313 ]
2015-11-30,removed,APOL,Apollo Education Group,CSRA Inc. was added to the S&P 500 reflecting its spin-off from Computer Sciences. CSC was removed from the S&P 500. [ 312 ]
2015-11-30,added,CSC,Computer Sciences Corp,CSRA Inc. was added to the S&P 500 reflecting its spin-off from Computer Sciences. CSC was removed from the S&P 500. [ 312 ]
2015-12-14,removed,CYT,Cytec Industries,Solvay S.A. acquired Cytec Industries. [ 311 ]
2015-12-14,added,JCOM,j2 Global,Solvay S.A. acquired Cytec Industries. [ 311 ]
2015-12-29,removed,CHD,Church & Dwight,Intel acquired Altera. Church & Dwight replaced Altera in the S&P 500. [ 310 ]
2015-12-29,added,SNX,Synnex,Intel acquired Altera. Church & Dwight replaced Altera in the S&P 500. [ 310 ]
2016-01-05,removed,TW,Towers Watson,Willis Group merged with Towers Watson. The combined company replaced Fossil Group in the S&P 500. [ 309 ]
2016-01-05,added,FOSL,Fossil Group,Willis Group merged with Towers Watson. The combined company replaced Fossil Group in the S&P 500. [ 309 ]
2016-01-19,removed,ATW,Atwood Oceanics,Microsemi acquired PMC-Sierra. [ 307 ]
2016-01-19,removed,EXR,Extra Space Storage,ACE Ltd. acquired Chubb. Extra Space Storage replaced Chubb in the S&P 500. [ 308 ]
2016-01-19,added,EPR,EPR Properties,ACE Ltd. acquired Chubb. Extra Space Storage replaced Chubb in the S&P 500. [ 308 ]
2016-01-19,added,MSCC,Microsemi,Microsemi acquired PMC-Sierra. [ 307 ]
2016-01-27,removed,BMR,BioMed Realty Trust,Blackstone Real Estate Partners acquired BioMed Realty Trust. [ 306 ]
2016-01-27,added,POOL,Pool Corporation,Blackstone Real Estate Partners acquired BioMed Realty Trust. [ 306 ]
2016-02-01,removed,CC,Chemours,comScore acquired Rentrak. [ 305 ]
2016-02-01,removed,FRT,Federal Realty Investment Trust,Avago Technologies acquired Broadcom. Federal Realty Investment Trust replaced Broadcom in the S&P 500. [ 306 ]
2016-02-01,added,CW,Curtiss-Wright,Avago Technologies acquired Broadcom. Federal Realty Investment Trust replaced Broadcom in the S&P 500. [ 306 ]
2016-02-01,added,SCOR,comScore,comScore acquired Rentrak. [ 305 ]
2016-02-09,removed,RCII,Rent-A-Center,F.N.B. acquired Metro Bancorp. [ 303 ]
2016-02-09,removed,SWI,SolarWinds,Private equity firms Silver Lake Partners and Thoma Bravo LLC acquired SolarWinds. [ 304 ]
2016-02-09,added,FNB,FNB Corporation,F.N.B. acquired Metro Bancorp. [ 303 ]
2016-02-09,added,SFM,Sprouts Farmers Market,Private equity firms Silver Lake Partners and Thoma Bravo LLC acquired SolarWinds. [ 304 ]
2016-02-25,removed,CRC,California Resources Corporation,Snyder's-Lance acquired Diamond Foods. [ 302 ]
2016-02-25,added,LNCE,Snyder's-Lance,Snyder's-Lance acquired Diamond Foods. [ 302 ]
2016-03-01,removed,SIRO,Sirona Dental Systems,Dentsply International acquired Sirona Dental Systems. [ 301 ]
2016-03-01,added,PVTB,PrivateBancorp,Dentsply International acquired Sirona Dental Systems. [ 301 ]
2016-03-04,removed,SLH,Solera Holdings,Vista Equity Partners acquired Solera. [ 300 ]
2016-03-04,added,CNX,Consol Energy,Vista Equity Partners acquired Solera. [ 300 ]
2016-03-07,removed,UDR,"UDR, Inc.",UDR Inc. replaced Keurig Green Mountain in the S&P 500. JAB Holding Company acquired Keurig Green Mountain. [ 299 ]
2016-03-07,added,HR,Healthcare Realty Trust,UDR Inc. replaced Keurig Green Mountain in the S&P 500. JAB Holding Company acquired Keurig Green Mountain. [ 299 ]
2016-03-08,removed,SFG,StanCorp Financial,Meiji Yasuda Life Insurance Co. acquired StanCorp Financial. [ 298 ]
2016-03-08,added,NJR,New Jersey Resources,Meiji Yasuda Life Insurance Co. acquired StanCorp Financial. [ 298 ]
2016-03-30,removed,CNC,Centene,Centene replaced Ensco plc in the S&P 500.
2016-03-30,removed,HNT,Health Net,Centene acquired Health Net.
2016-03-30,removed,HOLX,Hologic,Exelon acquired Pepco Holdings. Hologic moved to S&P 500 to replace Pepco Holdings.
2016-03-30,added,ABMD,Abiomed,Exelon acquired Pepco Holdings. Hologic moved to S&P 500 to replace Pepco Holdings.
2016-03-30,added,ESV,Ensco plc,Centene replaced Ensco plc in the S&P 500.
2016-03-30,added,FR,First Industrial Realty Trust,Centene acquired Health Net.
2016-04-04,removed,FL,Foot Locker,Foot Locker replaced Cameron International in the S&P 500. Schlumberger acquired Cameron International.
2016-04-04,removed,SUNE,SunEdison,Market capitalization changes.
2016-04-04,added,DCT,DCT Industrial Trust,Foot Locker replaced Cameron International in the S&P 500. Schlumberger acquired Cameron International.
2016-04-04,added,WBMD,webMD,Market capitalization changes.
2016-04-06,removed,ATML,Atmel,Microchip Technology acquired Atmel. [ 294 ]
2016-04-06,added,RH,Restoration Hardware,Microchip Technology acquired Atmel. [ 294 ]
2016-04-14,removed,CNL,CLECO,Macquarie Infrastructure Partners acquired Cleco. [ 293 ]
2016-04-14,added,PBH,Prestige Brands,Macquarie Infrastructure Partners acquired Cleco. [ 293 ]
2016-04-18,removed,JAH,Jarden,"Newell Rubbermaid acquired Jarden. Ulta Salon, Cosmetics & Fragrance replaced Tenet Healthcare in the S&P 500. [ 292 ]"
2016-04-18,added,THC,Tenet Healthcare,"Newell Rubbermaid acquired Jarden. Ulta Salon, Cosmetics & Fragrance replaced Tenet Healthcare in the S&P 500. [ 292 ]"
2016-04-22,removed,GPN,Global Payments Inc,Global Payments acquired Heartland Payment Systems. [ 291 ]
2016-04-22,added,GME,GameStop,Global Payments acquired Heartland Payment Systems. [ 291 ]
2016-05-03,removed,AYI,Acuity Brands,"Acuity Brands replaced ADT. in the S&P 500. Apollo Global Management, LLC acquired ADT. [ 290 ]"
2016-05-03,added,VSAT,ViaSat,"Acuity Brands replaced ADT. in the S&P 500. Apollo Global Management, LLC acquired ADT. [ 290 ]"
2016-05-04,removed,SPW,,"derived from wiki revision diff (rev 718663041 @ 2016-05-04, prev 2016-03-29)"
2016-05-04,added,SPXC,,"derived from wiki revision diff (rev 718663041 @ 2016-05-04, prev 2016-03-29)"
2016-05-12,removed,ALK,Alaska Air Group,Western Digital acquired SanDisk. [ 289 ]
2016-05-12,added,TXRH,Texas Roadhouse,Western Digital acquired SanDisk. [ 289 ]
2016-05-23,removed,LKQ,LKQ Corp,LKQ replaced Airgas in the S&P 500. Air Liquide SA acquired Airgas. [ 288 ]
2016-05-23,added,MPW,Medical Properties Trust,LKQ replaced Airgas in the S&P 500. Air Liquide SA acquired Airgas. [ 288 ]
2016-05-27,removed,AJG,Arthur J. Gallagher & Co.,Coca-Cola Enterprises merged with Coca-Cola Iberian Partners SA and Coca-Cola Erfrischungsgetränke AG to form a new company called Coca-Cola European Partners Plc. [ 287 ]
2016-05-27,added,EDR,Education Realty Trust,Coca-Cola Enterprises merged with Coca-Cola Iberian Partners SA and Coca-Cola Erfrischungsgetränke AG to form a new company called Coca-Cola European Partners Plc. [ 287 ]
2016-05-31,removed,MDC,MDC Holdings,Brocade Communications Systems acquired Ruckus Wireless.
2016-05-31,removed,WCN,Waste Connections,"Progressive Waste Solutions and Waste Connections merged to form a new company called Waste Connections, domiciled in Canada."
2016-05-31,added,BRCD,Brocade Communications Systems,Brocade Communications Systems acquired Ruckus Wireless.
2016-05-31,added,HELE,Helen of Troy Limited,"Progressive Waste Solutions and Waste Connections merged to form a new company called Waste Connections, domiciled in Canada."
2016-06-24,removed,FBHS,Fortune Brands Home & Security,Fortune Brands Home & Security replaced Cablevision Systems in the S&P 500 index. Altice NV acquired Cablevision. [ 285 ]
2016-06-24,added,CHDN,Churchill Downs,Fortune Brands Home & Security replaced Cablevision Systems in the S&P 500 index. Altice NV acquired Cablevision. [ 285 ]
2016-06-30,removed,ALB,Albemarle Corporation,Emera acquired TECO Energy.
2016-06-30,removed,LNT,Alliant Energy,Southern Corporation acquired AGL Resources.
2016-06-30,added,EME,Emcor,Emera acquired TECO Energy.
2016-06-30,added,SWX,Southwest Gas,Southern Corporation acquired AGL Resources.
2016-07-29,removed,FNFG,First Niagara Bank,KeyBank acquired First Niagara Bank. [ 282 ]
2016-07-29,added,MBFI,MB Financial,KeyBank acquired First Niagara Bank. [ 282 ]
2016-08-19,removed,FMER,FirstMerit,Huntington Bancshares acquired FirstMerit. [ 281 ]
2016-08-19,added,DY,Dycom Industries,Huntington Bancshares acquired FirstMerit. [ 281 ]
2016-08-26,removed,DWA,DreamWorks Animation,Comcast Corp acquired DreamWorks Animation. [ 280 ]
2016-08-26,added,ENS,EnerSys,Comcast Corp acquired DreamWorks Animation. [ 280 ]
2016-09-01,removed,SVU,SuperValu,Chemical Financial acquired Talmer Bancorp. [ 279 ]
2016-09-01,added,CHFC,Chemical Financial (later TCF Financial Corporation ),Chemical Financial acquired Talmer Bancorp. [ 279 ]
2016-09-02,removed,MTD,Mettler-Toledo,Mettler-Toledo International replaced Johnson Controls in the S&P 500. Tyco International acquired Johnson Controls. [ 278 ]
2016-09-02,added,MPWR,Monolithic Power Systems,Mettler-Toledo International replaced Johnson Controls in the S&P 500. Tyco International acquired Johnson Controls. [ 278 ]
2016-09-16,removed,STR,Questar,Dominion Resources acquired Questar. [ 277 ]
2016-09-16,added,CAR,Avis Budget Group,Dominion Resources acquired Questar. [ 277 ]
2016-09-21,removed,FCS,Fairchild Semiconductor,ON Semiconductor acquired Fairchild Semiconductor. [ 276 ]
2016-09-21,added,CRUS,Cirrus Logic,ON Semiconductor acquired Fairchild Semiconductor. [ 276 ]
2016-09-22,removed,COO,The Cooper Companies,The Cooper Companies replaced Starwood Hotels & Resorts Worldwide in the S&P 500. Marriott International acquired Starwood.
2016-09-22,removed,FEIC,FEI Company,Thermo Fisher Scientific acquired FEI.
2016-09-22,added,NUVA,NuVasive,Thermo Fisher Scientific acquired FEI.
2016-09-22,added,NWE,NorthWestern Corporation,The Cooper Companies replaced Starwood Hotels & Resorts Worldwide in the S&P 500. Marriott International acquired Starwood.
2016-09-27,removed,RRD,RR Donnelley,R.R. Donnelly & Sons is spinning off certain operations and assets. [ 273 ]
2016-09-27,added,SBH,Sally Beauty,R.R. Donnelly & Sons is spinning off certain operations and assets. [ 273 ]
2016-09-30,removed,PLCM,Polycom,"Siris Capital Group acquired Polycom. Coty, Inc. replaced Diamond Offshore in the S&P 500 index. [ 274 ]"
2016-09-30,added,DO,Diamond Offshore Drilling,"Siris Capital Group acquired Polycom. Coty, Inc. replaced Diamond Offshore in the S&P 500 index. [ 274 ]"
2016-10-03,removed,ANF,Abercrombie & Fitch,Air Products and Chemicals completed the corporate spin-off of Versum Materials. Air Products and Chemicals remained in the S&P 500 post Corporate spin-off . [ 273 ]
2016-10-03,added,VSM,Versum Materials,Air Products and Chemicals completed the corporate spin-off of Versum Materials. Air Products and Chemicals remained in the S&P 500 post Corporate spin-off . [ 273 ]
2016-10-05,removed,CYH,Community Health Systems,Cousins Properties acquired Parkway Properties. [ 272 ]
2016-10-05,added,CUZ,Cousins Properties,Cousins Properties acquired Parkway Properties. [ 272 ]
2016-11-01,removed,GES,Guess? Inc,HCP completed the corporate spin-off of Quality Care Properties. [ 271 ]
2016-11-01,added,QCP,Quality Care Properties,HCP completed the corporate spin-off of Quality Care Properties. [ 271 ]
2016-11-03,removed,RAX,Rackspace,Apollo Global Management acquired Rackspace Hosting. [ 270 ]
2016-11-03,added,HLS,HealthSouth,Apollo Global Management acquired Rackspace Hosting. [ 270 ]
2016-11-10,removed,ASNA,Dressbarn,ConAgra Foods completed the corporate spin-off of Lamb Weston.
2016-11-10,added,LW,Lamb Weston,ConAgra Foods completed the corporate spin-off of Lamb Weston.
2016-11-28,removed,LXK,Lexmark,Apex Technology and PAG Asia Capital acquired Lexmark International.
2016-11-28,added,LFUS,Littelfuse,Apex Technology and PAG Asia Capital acquired Lexmark International.
2016-12-01,removed,MAA,Market capitalization changes.,[ 267 ]
2016-12-01,added,LM,Legg Mason,"AmSurg replaced Legg Mason in the S&P 500, and Legg Mason replaced AmSurg in the S&P MidCap 400. AmSurg acquired Envision Healthcare Holdings. Post merger, AmSurg changed its name to Envision Healthcare Corporation."
2016-12-01,added,OI,Owens-Illinois,[ 267 ]
2016-12-01,added,PZZA,Papa John's Pizza,"Papa John's International replaced Post Properties in the S&P MidCap 400, and Wingstop replaced Papa John's International in the S&P SmallCap 600. Mid-America Apartment Communities acquired Post Properties."
2016-12-06,removed,IM,Ingram Micro,Tianjin Tianhai Investment Company acquired Ingram Micro.
2016-12-06,removed,TLN,Talen Energy,Riverstone Holdings LLC acquired Talen Energy.
2016-12-06,added,GMED,Globus Medical,Riverstone Holdings LLC acquired Talen Energy.
2016-12-06,added,UMBF,UMB Financial Corporation,Tianjin Tianhai Investment Company acquired Ingram Micro.
2016-12-31,removed,ANN,,"derived from wiki revision diff (rev 757637907 @ 2016-12-31, prev 2016-11-14)"
2016-12-31,removed,CNW,,"derived from wiki revision diff (rev 757637907 @ 2016-12-31, prev 2016-11-14)"
2016-12-31,removed,GMT,,"derived from wiki revision diff (rev 757637907 @ 2016-12-31, prev 2016-11-14)"
2016-12-31,removed,HCC,,"derived from wiki revision diff (rev 757637907 @ 2016-12-31, prev 2016-11-14)"
2016-12-31,removed,HLX,,"derived from wiki revision diff (rev 757637907 @ 2016-12-31, prev 2016-11-14)"
2016-12-31,removed,HME,,"derived from wiki revision diff (rev 757637907 @ 2016-12-31, prev 2016-11-14)"
2016-12-31,removed,HMSY,,"derived from wiki revision diff (rev 757637907 @ 2016-12-31, prev 2016-11-14)"
2016-12-31,removed,HUB.B,,"derived from wiki revision diff (rev 757637907 @ 2016-12-31, prev 2016-11-14)"
2016-12-31,removed,INFA,,"derived from wiki revision diff (rev 757637907 @ 2016-12-31, prev 2016-11-14)"
2016-12-31,removed,ITRI,,"derived from wiki revision diff (rev 757637907 @ 2016-12-31, prev 2016-11-14)"
2016-12-31,removed,JBHT,,"derived from wiki revision diff (rev 757637907 @ 2016-12-31, prev 2016-11-14)"
2016-12-31,removed,JDSU,,"derived from wiki revision diff (rev 757637907 @ 2016-12-31, prev 2016-11-14)"
2016-12-31,removed,OCR,,"derived from wiki revision diff (rev 757637907 @ 2016-12-31, prev 2016-11-14)"
2016-12-31,removed,RKT,,"derived from wiki revision diff (rev 757637907 @ 2016-12-31, prev 2016-11-14)"
2016-12-31,removed,ROSE,,"derived from wiki revision diff (rev 757637907 @ 2016-12-31, prev 2016-11-14)"
2016-12-31,removed,SIG,,"derived from wiki revision diff (rev 757637907 @ 2016-12-31, prev 2016-11-14)"
2016-12-31,removed,SPXC,,"derived from wiki revision diff (rev 757637907 @ 2016-12-31, prev 2016-11-14)"
2016-12-31,removed,TDW,,"derived from wiki revision diff (rev 757637907 @ 2016-12-31, prev 2016-11-14)"
2016-12-31,removed,THOR,,"derived from wiki revision diff (rev 757637907 @ 2016-12-31, prev 2016-11-14)"
2016-12-31,added,CAA,,"derived from wiki revision diff (rev 757637907 @ 2016-12-31, prev 2016-11-14)"
2016-12-31,added,CCP,,"derived from wiki revision diff (rev 757637907 @ 2016-12-31, prev 2016-11-14)"
2016-12-31,added,CTLT,,"derived from wiki revision diff (rev 757637907 @ 2016-12-31, prev 2016-11-14)"
2016-12-31,added,GATX,,"derived from wiki revision diff (rev 757637907 @ 2016-12-31, prev 2016-11-14)"
2016-12-31,added,HUBB,,"derived from wiki revision diff (rev 757637907 @ 2016-12-31, prev 2016-11-14)"
2016-12-31,added,JOY,,"derived from wiki revision diff (rev 757637907 @ 2016-12-31, prev 2016-11-14)"
2016-12-31,added,LIVN,,"derived from wiki revision diff (rev 757637907 @ 2016-12-31, prev 2016-11-14)"
2016-12-31,added,LSI,,"derived from wiki revision diff (rev 757637907 @ 2016-12-31, prev 2016-11-14)"
2016-12-31,added,MOH,,"derived from wiki revision diff (rev 757637907 @ 2016-12-31, prev 2016-11-14)"
2016-12-31,added,NE,,"derived from wiki revision diff (rev 757637907 @ 2016-12-31, prev 2016-11-14)"
2016-12-31,added,NTCT,,"derived from wiki revision diff (rev 757637907 @ 2016-12-31, prev 2016-11-14)"
2016-12-31,added,PRXL,,"derived from wiki revision diff (rev 757637907 @ 2016-12-31, prev 2016-11-14)"
2016-12-31,added,QEP,,"derived from wiki revision diff (rev 757637907 @ 2016-12-31, prev 2016-11-14)"
2016-12-31,added,SKX,,"derived from wiki revision diff (rev 757637907 @ 2016-12-31, prev 2016-11-14)"
2016-12-31,added,SYNA,,"derived from wiki revision diff (rev 757637907 @ 2016-12-31, prev 2016-11-14)"
2016-12-31,added,TPH,,"derived from wiki revision diff (rev 757637907 @ 2016-12-31, prev 2016-11-14)"
2016-12-31,added,TTC,,"derived from wiki revision diff (rev 757637907 @ 2016-12-31, prev 2016-11-14)"
2017-01-04,removed,IDXX,IDEXX Laboratories,Abbott Laboratories acquired St. Jude Medical. IDEXX Laboratories replaced St. Jude Medical in the S&P 500. [ 265 ]
2017-01-04,added,CC,Chemours,Abbott Laboratories acquired St. Jude Medical. IDEXX Laboratories replaced St. Jude Medical in the S&P 500. [ 265 ]
2017-02-02,removed,TGI,Triumph Group,"Citrix Systems completed the corporate spin-off of GetGo, which was immediately acquired by LogMeIn. [ 264 ]"
2017-02-02,added,LOGM,LogMeIn,"Citrix Systems completed the corporate spin-off of GetGo, which was immediately acquired by LogMeIn. [ 264 ]"
2017-02-03,removed,RH,Restoration Hardware,Biogen completed the corporate spin-off of Bioverativ. RH replaced Ciber in the S&P SmallCap 600. [ 264 ]
2017-02-03,added,BIVV,Bioverativ,Biogen completed the corporate spin-off of Bioverativ. RH replaced Ciber in the S&P SmallCap 600. [ 264 ]
2017-02-13,removed,SCOR,comScore,NASDAQ delisted comScore due to non-compliance. [ 263 ]
2017-02-13,added,CTB,Cooper Tire & Rubber,NASDAQ delisted comScore due to non-compliance. [ 263 ]
2017-02-28,removed,ISIL,Intersil,Renesas Electronics acquired Intersil. [ 262 ]
2017-02-28,added,DDS,Dillard's,Renesas Electronics acquired Intersil. [ 262 ]
2017-03-01,removed,CBOE,Cboe Holdings,"CBOE acquired Bats Global Markets. Post acquisition, CBOE Holdings replaced Pitney Bowes in the S&P 500."
2017-03-01,removed,CLC,CLARCOR Inc.,Parker-Hannifin acquired CLARCOR.
2017-03-01,added,CONE,CyrusOne,Parker-Hannifin acquired CLARCOR.
2017-03-01,added,PBI,Pitney Bowes,"CBOE acquired Bats Global Markets. Post acquisition, CBOE Holdings replaced Pitney Bowes in the S&P 500."
2017-03-02,removed,EQY,Equity One,Equity One was acquired by Regency Centers.
2017-03-02,removed,REG,Regency Centers Corporation,Regency Centers acquired Equity One. Regency Centers replaced Endo International plc in the S&P 500.
2017-03-02,added,ENDP,Endo International,Regency Centers acquired Equity One. Regency Centers replaced Endo International plc in the S&P 500.
2017-03-02,added,NUS,Nu Skin,Equity One was acquired by Regency Centers.
2017-03-16,removed,SNPS,Synopsys,Synopsys replaced Harman International Industries in the S&P 500. [ 261 ]
2017-03-16,added,GEO,GEO Group,Synopsys replaced Harman International Industries in the S&P 500. [ 261 ]
2017-03-20,removed,AMD,Advanced Micro Devices,Market capitalization changes.
2017-03-20,removed,ARE,Alexandria Real Estate Equities,Market capitalization changes.
2017-03-20,removed,DNR,Denbury Resources,Market capitalization changes.
2017-03-20,removed,FOSL,Fossil Group,Market capitalization changes.
2017-03-20,removed,RJF,Raymond James Financial,Market capitalization changes.
2017-03-20,removed,VSTO,Vista Outdoor,Market capitalization changes.
2017-03-20,added,COHR,"Coherent, Inc.",Market capitalization changes.
2017-03-20,added,FSLR,First Solar,Market capitalization changes.
2017-03-20,added,FTR,Frontier Communications,Market capitalization changes.
2017-03-20,added,MASI,Masimo,Market capitalization changes.
2017-03-20,added,TTWO,Take-Two Interactive,Market capitalization changes.
2017-03-20,added,URBN,Urban Outfitters,Market capitalization changes.
2017-03-29,removed,ENH,Endurance Specialty Holdings,SOMPO Holdings acquired Endurance Specialty Holdings.
2017-03-29,removed,WETF,WisdomTree Investments,WisdomTree Investments moved to the S&P SmallCap 600.
2017-03-29,added,MIK,Michaels,WisdomTree Investments moved to the S&P SmallCap 600.
2017-03-29,added,TCBI,Texas Capital Bancshares,SOMPO Holdings acquired Endurance Specialty Holdings.
2017-04-03,removed,MENT,Mentor Graphics,Siemens acquired Mentor Graphics.
2017-04-03,added,WTFC,Wintrust Financial,Siemens acquired Mentor Graphics.
2017-04-04,removed,CSC,Computer Sciences Corp.,Computer Sciences Corp. replaced Southwestern Energy in the S&P 500.
2017-04-04,added,SWN,Southwestern Energy,Computer Sciences Corp. replaced Southwestern Energy in the S&P 500.
2017-04-05,removed,CEB,CEB Inc.,Gartner acquired CEB.
2017-04-05,removed,IT,Gartner,Gartner replaced The Dun & Bradstreet in the S&P 500.
2017-04-05,added,DNB,Dun & Bradstreet,Gartner replaced The Dun & Bradstreet in the S&P 500.
2017-04-05,added,INCR,INC Research,Gartner acquired CEB.
2017-04-06,removed,JOY,Joy Global,Komatsu Limited acquired Joy Global.
2017-04-06,added,ACHC,Acadia Healthcare,Komatsu Limited acquired Joy Global.
2017-04-12,removed,WWAV,WhiteWave Foods,Danone SA acquired WhiteWave Foods.
2017-04-12,added,UBSI,United Bankshares,Danone SA acquired WhiteWave Foods.
2017-04-19,removed,BEAV,B/E Aerospace,Rockwell Collins acquired B/E Aerospace.
2017-04-19,added,SABR,Sabre Corporation,Rockwell Collins acquired B/E Aerospace.
2017-04-28,removed,WDR,Waddell & Reed,Waddell & Reed Financial replaced Stillwater Mining in the S&P SmallCap 600.
2017-04-28,added,PBF,PBF Energy,Waddell & Reed Financial replaced Stillwater Mining in the S&P SmallCap 600.
2017-04-29,removed,CSAL,,"derived from wiki revision diff (rev 777894592 @ 2017-04-29, prev 2017-03-22)"
2017-04-29,added,UNIT,,"derived from wiki revision diff (rev 777894592 @ 2017-04-29, prev 2017-03-22)"
2017-05-16,removed,NE,Noble Corporation,Ashland Global Holdings completed the corporate spin-off of its remaining stake in Valvoline.
2017-05-16,added,VVV,Valvoline,Ashland Global Holdings completed the corporate spin-off of its remaining stake in Valvoline.
2017-06-02,removed,JCP,J. C. Penney,IHS Markit replaced TEGNA in the S&P 500.
2017-06-02,removed,TIME,Time Inc.,TEGNA completed the corporate spin-off of Cars.com.
2017-06-02,removed,VAL,Valspar,Sherwin-Williams acquired Valspar.
2017-06-02,removed,WNR,Western Refining,Tesoro acquired Western Refining.
2017-06-02,added,CARS,Cars.com,TEGNA completed the corporate spin-off of Cars.com.
2017-06-02,added,HOMB,Home BancShares,Sherwin-Williams acquired Valspar.
2017-06-02,added,MTDR,Matador Resources,Tesoro acquired Western Refining.
2017-06-02,added,TGNA,"Tegna, Inc.",IHS Markit replaced TEGNA in the S&P 500.
2017-06-19,removed,ALGN,Align Technology,Market capitalization changes.
2017-06-19,removed,ANSS,ANSYS Inc,Market capitalization changes.
2017-06-19,removed,RE,Everest Re,Everest Re Group Ltd replaced Mead Johnson Nutrition Co. in the S&P 500. [ 247 ]
2017-06-19,added,PNFP,Pinnacle Financial Partners,Everest Re Group Ltd replaced Mead Johnson Nutrition Co. in the S&P 500. [ 247 ]
2017-06-19,added,R,Ryder,Market capitalization changes.
2017-06-19,added,TDC,Teradata,Market capitalization changes.
2017-06-24,removed,JNS,,"derived from wiki revision diff (rev 787360767 @ 2017-06-24, prev 2017-05-18)"
2017-06-24,added,JHG,,"derived from wiki revision diff (rev 787360767 @ 2017-06-24, prev 2017-05-18)"
2017-06-26,removed,PVTB,PrivateBancorp,Canadian Imperial Bank of Commerce acquired PrivateBancorp. [ 246 ]
2017-06-26,added,MDSO,Medidata Solutions,Canadian Imperial Bank of Commerce acquired PrivateBancorp. [ 246 ]
2017-06-29,removed,CST,CST Brands,Alimentation Couche-Tard acquired CST Brands. [ 245 ]
2017-06-29,added,BLKB,Blackbaud,Alimentation Couche-Tard acquired CST Brands. [ 245 ]
2017-07-12,removed,KATE,Kate Spade & Company,"Coach, Inc. acquired Kate Spade."
2017-07-12,removed,PNRA,Panera Bread,JAB Holdings B.V. acquired Panera Bread.
2017-07-12,added,CLB,Core Laboratories,JAB Holdings B.V. acquired Panera Bread.
2017-07-12,added,KNX,Knight Transportation,"Coach, Inc. acquired Kate Spade."
2017-07-20,removed,CHS,,"derived from wiki revision diff (rev 791524478 @ 2017-07-20, prev 2017-06-24)"
2017-07-20,added,JBGS,,"derived from wiki revision diff (rev 791524478 @ 2017-07-20, prev 2017-06-24)"
2017-07-26,removed,AOS,A.O. Smith,Market capitalization changes.
2017-07-26,removed,PKG,Packaging Corporation of America,Market capitalization changes.
2017-07-26,removed,RMD,ResMed,Market capitalization changes.
2017-07-26,added,BBBY,Bed Bath & Beyond Inc.,Market capitalization changes.
2017-07-26,added,MNK,Mallinckrodt,Market capitalization changes.
2017-07-26,added,MUR,Murphy Oil,Market capitalization changes.
2017-08-08,removed,FCN,FTI Consulting,Brighthouse Financial replaced AutoNation in the S&P 500. [ 241 ]
2017-08-08,added,AN,AutoNation,Brighthouse Financial replaced AutoNation in the S&P 500. [ 241 ]
2017-08-10,removed,NSR,Neustar,NeuStar was acquired by a private investment group led by Golden Gate Capital. [ 240 ]
2017-08-10,added,COR,CoreSite Realty,NeuStar was acquired by a private investment group led by Golden Gate Capital. [ 240 ]
2017-08-17,removed,CCP,Care Capital Properties,Sabra Health Care REIT acquired Care Capital Properties. [ 239 ]
2017-08-17,added,SBRA,Sabra Health Care REIT,Sabra Health Care REIT acquired Care Capital Properties. [ 239 ]
2017-08-31,removed,DRE,,"derived from wiki revision diff (rev 798100344 @ 2017-08-31, prev 2017-07-20)"
2017-08-31,added,RIG,,"derived from wiki revision diff (rev 798100344 @ 2017-08-31, prev 2017-07-20)"
2017-09-18,removed,CDNS,Cadence Design Systems,Cadence Design Systems replaced Staples Inc. in the S&P 500.
2017-09-18,removed,WBMD,WebMD,Internet Brands acquired WebMD Health.
2017-09-18,removed,WOOF,VCA Animal Hospitals,Mars Inc. acquired VCA.
2017-09-18,added,BCO,Brink's,Mars Inc. acquired VCA.
2017-09-18,added,CPE,Callon Petroleum,Internet Brands acquired WebMD Health.
2017-09-18,added,ILG,"ILG, Inc.",Cadence Design Systems replaced Staples Inc. in the S&P 500.
2017-09-26,removed,CAB,Cabela's,Bass Pro Shops acquired Cabela's. [ 237 ]
2017-09-26,added,SAFM,Sanderson Farms,Bass Pro Shops acquired Cabela's. [ 237 ]
2017-10-02,removed,OIS,Oil States International,Sterling Bancorp acquired Astoria Financial .
2017-10-02,removed,PRXL,PAREXEL,Pamplona Capital Management acquired PAREXEL.
2017-10-02,added,SIX,Six Flags,Pamplona Capital Management acquired PAREXEL.
2017-10-02,added,STL,Sterling Bancorp,Sterling Bancorp acquired Astoria Financial .
2017-10-25,removed,DV,,"derived from wiki revision diff (rev 807080579 @ 2017-10-25, prev 2017-09-21)"
2017-10-25,removed,TCB,,"derived from wiki revision diff (rev 807080579 @ 2017-10-25, prev 2017-09-21)"
2017-10-25,added,ATGE,,"derived from wiki revision diff (rev 807080579 @ 2017-10-25, prev 2017-09-21)"
2017-10-25,added,TCF,,"derived from wiki revision diff (rev 807080579 @ 2017-10-25, prev 2017-09-21)"
2017-11-22,removed,BRCD,Brocade Communications Systems,Broadcom Limited acquired Brocade Communications Systems. [ 235 ]
2017-11-22,added,MKSI,MKS Instruments,Broadcom Limited acquired Brocade Communications Systems. [ 235 ]
2017-12-06,removed,FTR,Frontier Communications,Delphi Automotive plc was be renamed Aptiv plc and trade under new symbol APTV; completed the corporate spin-off of Delphi Technologies. [ 234 ]
2017-12-06,added,DLPH,Delphi Technologies,Delphi Automotive plc was be renamed Aptiv plc and trade under new symbol APTV; completed the corporate spin-off of Delphi Technologies. [ 234 ]
2018-01-02,removed,HLS,HealthSouth,HealthSouth was renamed Encompass Health and changed to new symbol. [ 232 ]
2018-01-02,removed,HSNI,HSN Inc,Liberty Interactive Corp acquired HSN. [ 233 ]
2018-01-02,added,EHC,Encompass Health Corp.,HealthSouth was renamed Encompass Health and changed to new symbol. [ 232 ]
2018-01-02,added,IBKR,Interactive Brokers,Liberty Interactive Corp acquired HSN. [ 233 ]
2018-01-03,removed,HII,Huntington Ingalls,Huntington Ingalls Industries replaced C. R. Bard in the S&P 500. [ 231 ]
2018-01-03,added,SGMS,Scientific Games,Huntington Ingalls Industries replaced C. R. Bard in the S&P 500. [ 231 ]
2018-02-05,removed,BWLD,Buffalo Wild Wings,Arby's Restaurant Group acquired Buffalo Wild Wings. [ 230 ]
2018-02-05,added,HCSG,Healthcare Services Group,Arby's Restaurant Group acquired Buffalo Wild Wings. [ 230 ]
2018-02-13,removed,CAA,CalAtlantic Homes,Lennar acquired CalAtlantic. [ 229 ]
2018-02-13,added,BYD,Boyd Gaming,Lennar acquired CalAtlantic. [ 229 ]
2018-03-07,removed,IPGP,IPG Photonics,IPG Photonics replaced Scripps Networks Interactive in the S&P 500. [ 228 ]
2018-03-07,added,ALE,ALLETE,IPG Photonics replaced Scripps Networks Interactive in the S&P 500. [ 228 ]
2018-03-08,removed,BIVV,Bioverativ,Sanofi acquired Bioverativ. [ 228 ]
2018-03-08,added,TREE,LendingTree,Sanofi acquired Bioverativ. [ 228 ]
2018-03-19,removed,AVP,Avon Products,Market capitalization changes.
2018-03-19,removed,DF,Dean Foods,Market capitalization changes.
2018-03-19,removed,OMI,Owens & Minor,Market capitalization changes.
2018-03-19,removed,SIVB,SVB Financial,Market capitalization changes.
2018-03-19,removed,TTWO,Take-Two Interactive,Market capitalization changes.
2018-03-19,added,CHK,Chesapeake Energy,Market capitalization changes.
2018-03-19,added,CMD,Cantel Medical Corporation,Market capitalization changes.
2018-03-19,added,ICUI,ICU Medical,Market capitalization changes.
2018-03-19,added,PDCO,Patterson Companies,Market capitalization changes.
2018-03-19,added,SIG,Signet Jewelers,Market capitalization changes.
2018-03-26,removed,LNCE,Snyder's-Lance,Campbell Soup Company acquired Snyder's-Lance.
2018-03-26,added,EVR,Evercore,Campbell Soup Company acquired Snyder's-Lance.
2018-04-04,removed,MSCI,MSCI Inc,MSCI Inc. replaced CSRA Inc. in the S&P 500.
2018-04-04,added,LITE,Lumentum,MSCI Inc. replaced CSRA Inc. in the S&P 500.
2018-04-19,removed,DST,DST Systems,SS&C Technologies Holdings acquired DST Systems.
2018-04-19,added,FIVE,Five Below,SS&C Technologies Holdings acquired DST Systems.
2018-04-29,removed,INCR,,"derived from wiki revision diff (rev 838747893 @ 2018-04-29, prev 2018-03-21)"
2018-04-29,added,SYNH,,"derived from wiki revision diff (rev 838747893 @ 2018-04-29, prev 2018-03-21)"
2018-05-01,removed,WPG,Washington Prime Group,Market capitalization changes.
2018-05-01,added,OAS,Oasis Petroleum,Market capitalization changes.
2018-05-02,removed,KN,Knowles,Pentair completed the corporate spin-off of nVent Electric.
2018-05-02,added,NVT,nVent Electric,Pentair completed the corporate spin-off of nVent Electric.
2018-05-10,removed,DBD,Diebold Nixdorf,McDermott International merged with Chicago Bridge & Iron Company N.V.
2018-05-10,removed,DDD,3D Systems,Dover Corp. completed the corporate spin-off of Apergy.
2018-05-10,added,APY,Apergy Corp.,Dover Corp. completed the corporate spin-off of Apergy.
2018-05-10,added,MDR,McDermott International,McDermott International merged with Chicago Bridge & Iron Company N.V.
2018-05-31,removed,ABMD,Abiomed,ABIOMED replaced Wyndham Worldwide in the S&P 500.
2018-05-31,removed,MSCC,Microsemi,Microchip Technology acquired Microsemi.
2018-05-31,added,PRAH,PRA Health Sciences,ABIOMED replaced Wyndham Worldwide in the S&P 500.
2018-05-31,added,WYND,Wyndham Destinations,Microchip Technology acquired Microsemi.
2018-06-05,removed,GXP,Great Plains Energy,Westar Energy acquired Great Plains Energy which moved the combined company to the S&P 500.
2018-06-05,removed,WR,Westar Energy (renamed Evergy),Navient had a market capitalization closer to the mid-cap market space. [ 218 ]
2018-06-05,added,IART,Integra LifeSciences,Westar Energy acquired Great Plains Energy which moved the combined company to the S&P 500.
2018-06-05,added,NAVI,Navient Corp.,Navient had a market capitalization closer to the mid-cap market space. [ 218 ]
2018-06-11,removed,OA,Orbital ATK,Northrop Grumman acquired Orbital ATK. [ 217 ]
2018-06-11,added,OLLI,Ollie's Bargain Outlet,Northrop Grumman acquired Orbital ATK. [ 217 ]
2018-06-18,removed,BR,Broadridge Financial Solutions,Market capitalization changes.
2018-06-18,removed,CTB,Cooper Tire & Rubber Company,Market capitalization changes.
2018-06-18,removed,ENDP,Endo International,Market capitalization changes.
2018-06-18,removed,HFC,HollyFrontier,Market capitalization changes.
2018-06-18,added,AYI,Acuity Brands,Market capitalization changes.
2018-06-18,added,CHE,Chemed,Market capitalization changes.
2018-06-18,added,HAE,Haemonetics,Market capitalization changes.
2018-06-18,added,RRC,Range Resources,Market capitalization changes.
2018-07-02,removed,CPRT,Copart,Copart replaced Dr Pepper Snapple Group in the S&P 500. [ 215 ]
2018-07-02,added,EXEL,Exelixis,Copart replaced Dr Pepper Snapple Group in the S&P 500. [ 215 ]
2018-07-11,removed,WGL,WGL Holdings,AltaGas acquired WGL Holdings. [ 214 ]
2018-07-11,added,VC,Visteon,AltaGas acquired WGL Holdings. [ 214 ]
2018-07-21,removed,OZRK,,"derived from wiki revision diff (rev 851361720 @ 2018-07-21, prev 2018-06-24)"
2018-07-21,added,OZK,,"derived from wiki revision diff (rev 851361720 @ 2018-07-21, prev 2018-06-24)"
2018-08-01,removed,QCP,Quality Care Properties,Welltower acquired Quality Care Properties.
2018-08-01,added,WWE,World Wrestling Entertainment,Welltower acquired Quality Care Properties.
2018-08-20,removed,PAY,VeriFone,Francisco Partners acquired VeriFone Systems.
2018-08-20,added,ERI,Eldorado Resorts,Francisco Partners acquired VeriFone Systems.
2018-08-22,removed,DCT,DCT Industrial Trust,ProLogis acquired DCT Industrial Trust.
2018-08-22,added,ADNT,Adient,ProLogis acquired DCT Industrial Trust.
2018-09-04,removed,ILG,"ILG, Inc.",Marriott Vacations Worldwide acquired ILG.
2018-09-04,added,VAC,Marriott Vacations Worldwide Corporation,Marriott Vacations Worldwide acquired ILG.
2018-09-17,removed,WCG,WellCare,WellCare Health Plans replaced XL Group in the S&P 500.
2018-09-17,added,HQY,HealthEquity,WellCare Health Plans replaced XL Group in the S&P 500.
2018-09-18,removed,KLXI,KLX Inc.,Boeing acquired KLX.
2018-09-18,added,WTW,WW International,Boeing acquired KLX.
2018-09-20,removed,EDR,Education Realty Trust,Greystar Real Estate Partners acquired Education Realty Trust.
2018-09-20,added,RLGY,Realogy,Greystar Real Estate Partners acquired Education Realty Trust.
2018-10-10,removed,CVG,Convergys,SYNNEX Corporation acquired Convergys.
2018-10-10,added,PENN,Penn National Gaming,SYNNEX Corporation acquired Convergys.
2018-10-11,removed,FTNT,Fortinet,Fortinet replaced Envision Healthcare Corp. in the S&P 500.
2018-10-11,added,ASGN,ASGN,Fortinet replaced Envision Healthcare Corp. in the S&P 500.
2018-10-19,removed,HYH,,"derived from wiki revision diff (rev 864769773 @ 2018-10-19, prev 2018-09-26)"
2018-10-19,added,AVNS,,"derived from wiki revision diff (rev 864769773 @ 2018-10-19, prev 2018-09-26)"
2018-11-06,removed,LPNT,LifePoint Health,Insperity replaced LifePointHealth.
2018-11-06,added,NSP,Insperity,Insperity replaced LifePointHealth.
2018-11-12,removed,UNFI,United Natural Foods,United Natural Foods replaced MiMedx in the S&P SmallCap 600.
2018-11-12,added,MTZ,MasTec,United Natural Foods replaced MiMedx in the S&P SmallCap 600.
2018-11-13,removed,JKHY,Jack Henry & Associates,EQT replaced Jack Henry & Associates in the S&P MidCap 400.
2018-11-13,removed,KEYS,Keysight Technologies,Keysight replaced CA Inc. in the S&P 500.
2018-11-13,added,EQT,EQT Corporation,EQT replaced Jack Henry & Associates in the S&P MidCap 400.
2018-11-13,added,ETRN,Equitrans Midstream,Equitrans Midstream Corp. was added to the S&P MidCap 400.
2018-11-13,added,LGND,Ligand Pharmaceuticals,Keysight replaced CA Inc. in the S&P 500.
2018-11-14,removed,SPN,Superior Energy Services,Superior Energy Services was removed from the S&P MidCap 400 and added to the S&P SmallCap 600.
2018-11-20,removed,ACXM,,"derived from wiki revision diff (rev 869771705 @ 2018-11-20, prev 2018-10-19)"
2018-11-20,removed,HBHC,,"derived from wiki revision diff (rev 869771705 @ 2018-11-20, prev 2018-10-19)"
2018-11-20,added,HWC,,"derived from wiki revision diff (rev 869771705 @ 2018-11-20, prev 2018-10-19)"
2018-11-20,added,RAMP,,"derived from wiki revision diff (rev 869771705 @ 2018-11-20, prev 2018-10-19)"
2018-12-03,removed,EGN,Energen,Stericycle replaced Energen in the S&P MidCap 400.
2018-12-03,removed,LHO,LaSalle Hotel Properties,Pebblebrook Hotel Trust acquired LaSalle Hotel Properties.
2018-12-03,removed,LW,Lamb Weston,CACI International replaced Lamb Weston Holdings in the S&P MidCap 400.
2018-12-03,added,CACI,CACI International,CACI International replaced Lamb Weston Holdings in the S&P MidCap 400.
2018-12-03,added,PEB,Pebblebrook Hotel Trust,Pebblebrook Hotel Trust acquired LaSalle Hotel Properties.
2018-12-03,added,SRCL,Stericycle,Stericycle replaced Energen in the S&P MidCap 400.
2018-12-10,removed,NBR,Nabors Industries,Nabors Industries replaced Sonic in the S&P SmallCap 600.
2018-12-10,added,OLED,Universal Display Corporation,Nabors Industries replaced Sonic in the S&P SmallCap 600.
2018-12-12,removed,GPOR,Gulfport Energy,Gulfport Energy replaced Oclaro in the S&P SmallCap 600.
2018-12-12,added,YELP,Yelp,Gulfport Energy replaced Oclaro in the S&P SmallCap 600.
2019-01-18,removed,TFX,Teleflex,Teleflex replaced PG&E in the S&P 500.
2019-01-18,added,GDOT,Green Dot Corporation,Teleflex replaced PG&E in the S&P 500.
2019-01-21,removed,IBKR,,"derived from wiki revision diff (rev 879517417 @ 2019-01-21, prev 2018-12-05)"
2019-01-21,added,TEMPLATE:INVESTORS EXCHANGE LINK,,"derived from wiki revision diff (rev 879517417 @ 2019-01-21, prev 2018-12-05)"
2019-02-04,removed,DRQ,Dril-Quip,Dril-Quip replaced Essendant in the S&P SmallCap 600.
2019-02-04,added,CZR,Caesars Entertainment Corporation,Dril-Quip replaced Essendant in the S&P SmallCap 600.
2019-02-06,removed,VVC,Vectren,CenterPoint Energy acquired Vectren.
2019-02-06,added,BRX,Brixmor Property Group,CenterPoint Energy acquired Vectren.
2019-02-11,removed,DNB,Dun & Bradstreet Corp,Cannae Holdings acquired Dun & Bradstreet.
2019-02-11,added,CVET,Covetrus,Cannae Holdings acquired Dun & Bradstreet.
2019-02-21,removed,AHL,Aspen Insurance Holdings,Apollo Global Management acquired Aspen Insurance Holdings.
2019-02-21,added,AMED,Amedisys,Apollo Global Management acquired Aspen Insurance Holdings.
2019-02-27,removed,WAB,Wabtec,Market capitalization changes.
2019-02-27,added,GT,Goodyear Tire & Rubber,Market capitalization changes.
2019-03-18,removed,BIG,Big Lots,Colfax replaced Big Lots in the S&P MidCap 400.
2019-03-18,removed,DO,Diamond Offshore Drilling,Diamond Offshore Drilling replaced Maiden Holding in the S&P SmallCap 600.
2019-03-18,removed,ESL,Esterline Technologies,TransDigm Group acquired Esterline Technologies.
2019-03-18,added,CFX,Colfax Corporation,Colfax replaced Big Lots in the S&P MidCap 400.
2019-03-18,added,NGVT,Ingevity,TransDigm Group acquired Esterline Technologies.
2019-03-18,added,XPO,"XPO, Inc.",Diamond Offshore Drilling replaced Maiden Holding in the S&P SmallCap 600.
2019-03-22,removed,MBFI,MB Financial,Fifth Third Bancorp acquired MB Financial.
2019-03-22,added,FFIN,First Financial,Fifth Third Bancorp acquired MB Financial.
2019-04-01,removed,IDTI,Integrated Device Technology,Renesas Electronics acquired Integrated Device Technology. [ 192 ]
2019-04-01,added,TREX,"Trex Company, Inc.",Renesas Electronics acquired Integrated Device Technology. [ 192 ]
2019-04-03,removed,PBI,Pitney Bowes,Market capitalization changes. [ 192 ]
2019-04-03,added,BHF,Brighthouse Financial,Market capitalization changes. [ 192 ]
2019-04-11,removed,ARRS,Arris International,CommScope Holding Company acquired ARRIS International.
2019-04-11,removed,RDC,Rowan Companies,Ensco plc acquired Rowan.
2019-04-11,added,PSB,PS Business Parks,Ensco plc acquired Rowan.
2019-04-11,added,SMTC,Semtech,CommScope Holding Company acquired ARRIS International.
2019-05-07,removed,ULTI,Ultimate Software Group,Hellman & Friedman acquired Ultimate Software Group. [ 190 ]
2019-05-07,added,EGP,EastGroup Properties,Hellman & Friedman acquired Ultimate Software Group. [ 190 ]
2019-06-04,removed,RLGY,Realogy,Fluor has a market capitalization more representative of the mid-cap market space. [ 189 ]
2019-06-04,added,FLR,Fluor,Fluor has a market capitalization more representative of the mid-cap market space. [ 189 ]
2019-06-07,removed,BMS,Bemis Company,Amcor merged with Bemis.
2019-06-07,added,MAT,Mattel,Amcor merged with Bemis.
2019-07-01,removed,MKTX,MarketAxess,MarketAxess replaced L3 Technologies in the S&P 500.
2019-07-01,added,AAXN,Axon Enterprise,MarketAxess replaced L3 Technologies in the S&P 500.
2019-07-09,removed,SM,SM Energy,Market capitalization changes.
2019-07-09,added,SRC,Spirit Realty,Market capitalization changes.
2019-08-01,removed,CHFC,Chemical Financial,Chemical Financial acquired TCF Financial Corporation and was renamed TCF Financial Corporation
2019-08-01,added,TTEK,Tetra Tech,Chemical Financial acquired TCF Financial Corporation and was renamed TCF Financial Corporation
2019-08-09,removed,IEX,IDEX Corp.,Market capitalization changes.
2019-08-09,removed,LDOS,Leidos Holdings,Market capitalization changes.
2019-08-09,added,FL,Foot Locker,Market capitalization changes.
2019-08-09,added,GRUB,Grubhub,Market capitalization changes.
2019-08-11,removed,ESV,,"derived from wiki revision diff (rev 910294267 @ 2019-08-11, prev 2019-07-06)"
2019-08-11,added,VAL,,"derived from wiki revision diff (rev 910294267 @ 2019-08-11, prev 2019-07-06)"
2019-09-18,added,PK,Park Hotels & Resorts,Market capitalization changes. [ 182 ]
2019-09-23,removed,CARS,Cars.com,Market capitalization changes.
2019-09-23,removed,MDR,McDermott International,Market capitalization changes.
2019-09-23,removed,MIK,The Michaels Companies,Market capitalization changes.
2019-09-23,removed,MNK,Mallinckrodt,Market capitalization changes.
2019-09-23,removed,QEP,QEP Resources,Market capitalization changes.
2019-09-23,removed,RRC,Range Resources Corp,Market capitalization changes.
2019-09-23,removed,SIG,Signet Jewelers Ltd,Market capitalization changes.
2019-09-23,removed,TUP,Tupperware Brands Corp,Market capitalization changes.
2019-09-23,removed,VAL,Valaris Limited,Market capitalization changes.
2019-09-23,added,AM,Antero Midstream,Market capitalization changes.
2019-09-23,added,ETSY,Etsy,Market capitalization changes.
2019-09-23,added,FCFS,FirstCash,Market capitalization changes.
2019-09-23,added,KAR,KAR Auction Services,Market capitalization changes.
2019-09-23,added,OC,Owens Corning,Market capitalization changes.
2019-09-23,added,PEN,"Penumbra, Inc.",Market capitalization changes.
2019-09-23,added,PPC,Pilgrim's Pride,Market capitalization changes.
2019-09-23,added,RGEN,Repligen,Market capitalization changes.
2019-09-23,added,SIGI,Selective Insurance,Market capitalization changes.
2019-09-26,removed,CPE,Callon Petroleum,Market capitalization changes.
2019-09-26,removed,NVR,"NVR, Inc.",Market capitalization changes.
2019-09-26,added,IIVI,II-VI,Market capitalization changes.
2019-09-26,added,JEF,Jefferies Financial Group,Market capitalization changes.
2019-09-28,removed,TCF,,"derived from wiki revision diff (rev 918482817 @ 2019-09-28, prev 2019-08-11)"
2019-09-28,removed,TEMPLATE:INVESTORS EXCHANGE LINK,,"derived from wiki revision diff (rev 918482817 @ 2019-09-28, prev 2019-08-11)"
2019-09-28,removed,WTW,,"derived from wiki revision diff (rev 918482817 @ 2019-09-28, prev 2019-08-11)"
2019-09-28,added,IBKR,,"derived from wiki revision diff (rev 918482817 @ 2019-09-28, prev 2019-08-11)"
2019-09-28,added,WW,,"derived from wiki revision diff (rev 918482817 @ 2019-09-28, prev 2019-08-11)"
2019-10-03,removed,BID,Sotheby's,Market capitalization changes.
2019-10-03,added,NKTR,Nektar Therapeutics,Market capitalization changes.
2019-10-08,removed,VSM,Versum Materials,Merck KGaA acquired Versum Materials.
2019-10-08,added,MRCY,Mercury Systems,Merck KGaA acquired Versum Materials.
2019-10-18,removed,ISCA,International Speedway,NASCAR Holdings acquired International Speedway.
2019-10-18,added,SEDG,SolarEdge,NASCAR Holdings acquired International Speedway.
2019-10-24,removed,MDSO,Medidata Solutions,Dassault Systèmes SA acquired Medidata Solutions.
2019-10-24,added,FCN,FTI Consulting,Dassault Systèmes SA acquired Medidata Solutions.
2019-10-30,removed,CVET,Covetrus,Market capitalization changes.
2019-10-30,removed,OII,Oceaneering International,Market capitalization changes.
2019-10-30,added,BJ,BJ's Wholesale Club,Market capitalization changes.
2019-10-30,added,CDAY,Ceridian,Market capitalization changes.
2019-11-27,removed,WRB,W.R. Berkley,Market capitalization changes.
2019-11-27,added,RLI,RLI Corp.,Market capitalization changes.
2019-12-02,removed,ODFL,Old Dominion Freight Line,Market capitalization changes.
2019-12-02,added,CCMP,Cabot Microelectronics,Market capitalization changes.
2019-12-10,removed,PLT,Plantronics,Market capitalization changes.
2019-12-10,added,CHH,Choice Hotels,Market capitalization changes.
2019-12-13,removed,GVA,Granite Construction,Market capitalization changes.
2019-12-13,removed,LYV,Live Nation Entertainment,Market capitalization changes.
2019-12-13,removed,OAS,Oasis Petroleum,Market capitalization changes.
2019-12-13,removed,STE,STERIS plc,Market capitalization changes.
2019-12-13,removed,SWN,Southwestern Energy,Market capitalization changes.
2019-12-13,removed,ZBRA,Zebra Technologies,Market capitalization changes.
2019-12-13,added,AMG,Affiliated Managers Group,Market capitalization changes.
2019-12-13,added,ARWR,Arrowhead Pharmaceuticals,Market capitalization changes.
2019-12-13,added,LEA,Lear Corp,Market capitalization changes.
2019-12-13,added,LOPE,Grand Canyon Education,Market capitalization changes.
2019-12-13,added,MAC,Macerich Co.,Market capitalization changes.
2019-12-13,added,TRIP,TripAdvisor,Market capitalization changes.
2019-12-17,removed,UNIT,Uniti Group,Market capitalization changes.
2019-12-17,added,COLM,Columbia Sportswear,Market capitalization changes.
2019-12-26,removed,GWR,Genesee & Wyoming,Market capitalization changes.
2019-12-26,added,RH,RH,Market capitalization changes.
2019-12-27,removed,AKRX,,"derived from wiki revision diff (rev 932594637 @ 2019-12-27, prev 2019-11-10)"
2020-01-21,removed,SKT,Tanger Factory Outlet Centers,CIT Group replaced Tanger Factory Outlet Centers.
2020-01-21,added,CIT,CIT Group,CIT Group replaced Tanger Factory Outlet Centers.
2020-01-29,removed,LPT,Liberty Property Trust,Darling Ingredients replaced Liberty Property Trust.
2020-01-29,added,DAR,Darling Ingredients,Darling Ingredients replaced Liberty Property Trust.
2020-01-31,removed,GDOT,Green Dot Corp,Taylor Morrison Home replaced Green Dot.
2020-01-31,added,TMHC,Taylor Morrison,Taylor Morrison Home replaced Green Dot.
2020-02-07,removed,ALEX,Alexander & Baldwin,Generac Holdings replaced Alexander & Baldwin.
2020-02-07,added,GNRC,Generac Holdings,Generac Holdings replaced Alexander & Baldwin.
2020-02-27,removed,CHK,Chesapeake Energy,Market capitalization changes.
2020-02-27,added,XEC,Cimarex Energy,Market capitalization changes.
2020-03-26,removed,HPT,,"derived from wiki revision diff (rev 947396937 @ 2020-03-26, prev 2020-01-31)"
2020-03-26,removed,WTR,,"derived from wiki revision diff (rev 947396937 @ 2020-03-26, prev 2020-01-31)"
2020-03-26,added,SVC,,"derived from wiki revision diff (rev 947396937 @ 2020-03-26, prev 2020-01-31)"
2020-03-26,added,WTRG,,"derived from wiki revision diff (rev 947396937 @ 2020-03-26, prev 2020-01-31)"
2020-04-13,removed,CY,Cypress Semiconductor,LHC Group replaced Cypress Semiconductor.
2020-04-13,added,LHCG,LHC Group,LHC Group replaced Cypress Semiconductor.
2020-04-27,removed,CLB,Core Laboratories,Market capitalization changes.
2020-04-27,removed,MDP,Meredith Corp,Market capitalization changes.
2020-04-27,added,ENPH,Enphase Energy,Market capitalization changes.
2020-04-27,added,PCTY,Paylocity,Market capitalization changes.
2020-05-06,removed,DPZ,Domino's Pizza,Market capitalization changes.
2020-05-06,added,STOR,Store Capital,Market capitalization changes.
2020-05-18,removed,WST,West Pharmaceutical Services,Market capitalization changes.
2020-05-18,added,DOC,Physicians Realty Trust,Market capitalization changes.
2020-05-26,removed,PTEN,Patterson-UTI Energy,Market capitalization changes.
2020-05-26,added,ESNT,Essent Group,Market capitalization changes.
2020-05-27,added,HPP,Hudson Pacific Properties,Market capitalization changes.
2020-06-22,removed,BBBY,Bed Bath & Beyond Inc.,Market capitalization changes.
2020-06-22,removed,BIO,Bio-Rad Laboratories,Market capitalization changes.
2020-06-22,removed,CAKE,Cheesecake Factory,Market capitalization changes.
2020-06-22,removed,DDS,Dillard's,Market capitalization changes.
2020-06-22,removed,DNOW,DNOW,Market capitalization changes.
2020-06-22,removed,MDRX,Allscripts Healthcare Solutions,Market capitalization changes.
2020-06-22,removed,MTDR,Matador Resources,Market capitalization changes.
2020-06-22,removed,TDY,Teledyne Technologies,Market capitalization changes.
2020-06-22,removed,TYL,Tyler Technologies,Market capitalization changes.
2020-06-22,added,ADS,Alliance Data Systems,Market capitalization changes.
2020-06-22,added,GBCI,Glacier Bancorp,Market capitalization changes.
2020-06-22,added,HOG,Harley-Davidson,Market capitalization changes.
2020-06-22,added,HXL,Hexcel,Market capitalization changes.
2020-06-22,added,JWN,Nordstrom,Market capitalization changes.
2020-06-22,added,MIDD,Middleby Corporation,Market capitalization changes.
2020-06-22,added,QDEL,Quidel Corp,Market capitalization changes.
2020-06-22,added,QLYS,Qualys Inc,Market capitalization changes.
2020-06-22,added,STRA,"Strategic Education, Inc.",Market capitalization changes.
2020-06-22,added,UNVR,Univar Solutions,Market capitalization changes.
2020-06-25,removed,EAT,Brinker International,Market capitalization changes. [ 157 ]
2020-06-25,added,GO,Grocery Outlet,Market capitalization changes. [ 157 ]
2020-06-30,removed,TECD,Tech Data,Apollo Global Management acquired Tech Data. [ 156 ]
2020-06-30,added,BLD,TopBuild,Apollo Global Management acquired Tech Data. [ 156 ]
2020-07-24,removed,CZR,Caesars Entertainment,Eldorado Resorts acquired Caesars Entertainment. [ 155 ]
2020-07-24,added,EBS,Emergent BioSolutions,Eldorado Resorts acquired Caesars Entertainment. [ 155 ]
2020-08-03,removed,CRS,Carpenter Technology,Market capitalization changes. [ 154 ]
2020-08-03,removed,DLX,Deluxe Corporation,Market capitalization changes. [ 154 ]
2020-08-03,removed,LM,Legg Mason,Franklin Resources acquired Legg Mason. [ 154 ]
2020-08-03,added,IAA,IAA,Market capitalization changes. [ 154 ]
2020-08-03,added,REXR,Rexford Industrial Realty,Market capitalization changes. [ 154 ]
2020-08-03,added,RUN,Sunrun,Franklin Resources acquired Legg Mason. [ 154 ]
2020-08-17,removed,CXW,CoreCivic,Market capitalization changes. [ 153 ]
2020-08-17,added,BLDR,Builders FirstSource,Market capitalization changes. [ 153 ]
2020-08-31,removed,FII,,"derived from wiki revision diff (rev 975982402 @ 2020-08-31, prev 2020-07-22)"
2020-08-31,added,FHI,,"derived from wiki revision diff (rev 975982402 @ 2020-08-31, prev 2020-07-22)"
2020-08-31,added,GWRS,,"derived from wiki revision diff (rev 975982402 @ 2020-08-31, prev 2020-07-22)"
2020-09-01,removed,LOGM,LogMeIn,Francisco Partners and Elliott Management acquired LogMeIn. [ 152 ]
2020-09-01,added,LAD,Lithia Motors,Francisco Partners and Elliott Management acquired LogMeIn. [ 152 ]
2020-09-21,removed,ATI,Allegheny Technologies,Market capitalization changes. [ 151 ]
2020-09-21,removed,CLI,Mack-Cali Realty,Market capitalization changes. [ 151 ]
2020-09-21,removed,CTLT,Catalent,Market capitalization changes. [ 151 ]
2020-09-21,removed,ETSY,Etsy,Market capitalization changes. [ 151 ]
2020-09-21,removed,PBF,PBF Energy,Market capitalization changes. [ 151 ]
2020-09-21,removed,RIG,Transocean,Market capitalization changes. [ 151 ]
2020-09-21,removed,TER,Teradyne,Market capitalization changes. [ 151 ]
2020-09-21,added,COTY,Coty,Market capitalization changes. [ 151 ]
2020-09-21,added,FOXF,Fox Factory,Market capitalization changes. [ 151 ]
2020-09-21,added,HRB,H&R Block,Market capitalization changes. [ 151 ]
2020-09-21,added,JAZZ,Jazz Pharmaceuticals,Market capitalization changes. [ 151 ]
2020-09-21,added,KSS,Kohl's,Market capitalization changes. [ 151 ]
2020-09-21,added,MEDP,Medpace,Market capitalization changes. [ 151 ]
2020-09-21,added,WING,Wingstop,Market capitalization changes. [ 151 ]
2020-10-05,removed,SBH,Sally Beauty Holdings,Market capitalization changes. [ 150 ]
2020-10-05,added,SAIL,SailPoint Technologies,Market capitalization changes. [ 150 ]
2020-10-07,removed,DLPH,Delphi Technologies,BorgWarner acquired Delphi Technologies. [ 149 ]
2020-10-07,removed,POOL,Pool Corporation,Market capitalization changes. [ 149 ]
2020-10-07,added,NEOG,Neogen,Market capitalization changes. [ 149 ]
2020-10-07,added,SSD,Simpson Manufacturing,BorgWarner acquired Delphi Technologies. [ 149 ]
2020-10-30,removed,FHI,,"derived from wiki revision diff (rev 986144483 @ 2020-10-30, prev 2020-08-31)"
2020-10-30,removed,GWRS,,"derived from wiki revision diff (rev 986144483 @ 2020-10-30, prev 2020-08-31)"
2020-10-30,removed,MRCY,,"derived from wiki revision diff (rev 986144483 @ 2020-10-30, prev 2020-08-31)"
2020-10-30,removed,NKTR,,"derived from wiki revision diff (rev 986144483 @ 2020-10-30, prev 2020-08-31)"
2020-10-30,removed,SEDG,,"derived from wiki revision diff (rev 986144483 @ 2020-10-30, prev 2020-08-31)"
2020-10-30,removed,SVC,,"derived from wiki revision diff (rev 986144483 @ 2020-10-30, prev 2020-08-31)"
2020-10-30,added,AKRX,,"derived from wiki revision diff (rev 986144483 @ 2020-10-30, prev 2020-08-31)"
2020-10-30,added,BID,,"derived from wiki revision diff (rev 986144483 @ 2020-10-30, prev 2020-08-31)"
2020-10-30,added,FII,,"derived from wiki revision diff (rev 986144483 @ 2020-10-30, prev 2020-08-31)"
2020-10-30,added,GWR,,"derived from wiki revision diff (rev 986144483 @ 2020-10-30, prev 2020-08-31)"
2020-10-30,added,HPT,,"derived from wiki revision diff (rev 986144483 @ 2020-10-30, prev 2020-08-31)"
2020-10-30,added,INDUSTRIALS,,"derived from wiki revision diff (rev 986144483 @ 2020-10-30, prev 2020-08-31)"
2020-10-30,added,ISCA,,"derived from wiki revision diff (rev 986144483 @ 2020-10-30, prev 2020-08-31)"
2020-10-30,added,VSM,,"derived from wiki revision diff (rev 986144483 @ 2020-10-30, prev 2020-08-31)"
2020-11-13,removed,GEO,GEO Group,Market capitalization changes. [ 148 ]
2020-11-13,removed,MD,Mednax,Market capitalization changes. [ 148 ]
2020-11-13,added,HALO,Halozyme,Market capitalization changes. [ 148 ]
2020-11-13,added,MTG,MGIC Investment Corporation,Market capitalization changes. [ 148 ]
2020-11-23,removed,GWR,,"derived from wiki revision diff (rev 990282804 @ 2020-11-23, prev 2020-10-30)"
2020-11-23,removed,INDUSTRIALS,,"derived from wiki revision diff (rev 990282804 @ 2020-11-23, prev 2020-10-30)"
2020-12-01,added,CNXC,Concentrix,SYNNEX completed the corporate spin-off of Concentrix. [ 147 ]
2020-12-02,removed,AMCX,AMC Networks,Market capitalization changes. [ 147 ]
2020-12-21,removed,DNKN,Dunkin' Brands,Inspire Brands acquired Dunkin' Brands Group. [ 146 ]
2020-12-21,added,AIRC,Apartment Income REIT,Inspire Brands acquired Dunkin' Brands Group. [ 146 ]
2020-12-29,removed,AAN,,"derived from wiki revision diff (rev 997074539 @ 2020-12-29, prev 2020-11-23)"
2020-12-29,removed,AKRX,,"derived from wiki revision diff (rev 997074539 @ 2020-12-29, prev 2020-11-23)"
2020-12-29,removed,ATO,,"derived from wiki revision diff (rev 997074539 @ 2020-12-29, prev 2020-11-23)"
2020-12-29,removed,BID,,"derived from wiki revision diff (rev 997074539 @ 2020-12-29, prev 2020-11-23)"
2020-12-29,removed,ERI,,"derived from wiki revision diff (rev 997074539 @ 2020-12-29, prev 2020-11-23)"
2020-12-29,removed,GME,,"derived from wiki revision diff (rev 997074539 @ 2020-12-29, prev 2020-11-23)"
2020-12-29,removed,ISCA,,"derived from wiki revision diff (rev 997074539 @ 2020-12-29, prev 2020-11-23)"
2020-12-29,removed,ODP,,"derived from wiki revision diff (rev 997074539 @ 2020-12-29, prev 2020-11-23)"
2020-12-29,removed,ROL,,"derived from wiki revision diff (rev 997074539 @ 2020-12-29, prev 2020-11-23)"
2020-12-29,removed,SNH,,"derived from wiki revision diff (rev 997074539 @ 2020-12-29, prev 2020-11-23)"
2020-12-29,removed,TCO,Taubman Centers,Simon Property Group acquired Taubman Centers. [ 145 ]
2020-12-29,removed,VSM,,"derived from wiki revision diff (rev 997074539 @ 2020-12-29, prev 2020-11-23)"
2020-12-29,added,KNSL,Kinsale Capital,Simon Property Group acquired Taubman Centers. [ 145 ]
2020-12-29,added,MRCY,,"derived from wiki revision diff (rev 997074539 @ 2020-12-29, prev 2020-11-23)"
2020-12-29,added,NKTR,,"derived from wiki revision diff (rev 997074539 @ 2020-12-29, prev 2020-11-23)"
2020-12-29,added,PRG,,"derived from wiki revision diff (rev 997074539 @ 2020-12-29, prev 2020-11-23)"
2020-12-29,added,PRSP,,"derived from wiki revision diff (rev 997074539 @ 2020-12-29, prev 2020-11-23)"
2020-12-29,added,SEDG,,"derived from wiki revision diff (rev 997074539 @ 2020-12-29, prev 2020-11-23)"
2020-12-29,added,SR,,"derived from wiki revision diff (rev 997074539 @ 2020-12-29, prev 2020-11-23)"
2020-12-29,added,TCF,,"derived from wiki revision diff (rev 997074539 @ 2020-12-29, prev 2020-11-23)"
2020-12-29,added,WH,,"derived from wiki revision diff (rev 997074539 @ 2020-12-29, prev 2020-11-23)"
2021-01-07,removed,ENPH,Enphase Energy,Market capitalization changes. [ 144 ]
2021-01-07,removed,WPX,WPX Energy,Devon Energy acquired WPX Energy. [ 144 ]
2021-01-07,added,BRKS,Brooks Automation,Devon Energy acquired WPX Energy. [ 144 ]
2021-01-07,added,CPRI,Capri Holdings,Market capitalization changes. [ 144 ]
2021-01-21,removed,TRMB,Trimble Inc.,Trimble Inc. replaced Concho Resources in the S&P 500. [ 143 ]
2021-01-21,added,YETI,Yeti Holdings,Trimble Inc. replaced Concho Resources in the S&P 500. [ 143 ]
2021-01-26,removed,APY,,"derived from wiki revision diff (rev 1002981626 @ 2021-01-26, prev 2020-12-29)"
2021-01-26,removed,FII,,"derived from wiki revision diff (rev 1002981626 @ 2021-01-26, prev 2020-12-29)"
2021-01-26,removed,HPT,,"derived from wiki revision diff (rev 1002981626 @ 2021-01-26, prev 2020-12-29)"
2021-01-26,removed,POL,,"derived from wiki revision diff (rev 1002981626 @ 2021-01-26, prev 2020-12-29)"
2021-01-26,added,AVNT,,"derived from wiki revision diff (rev 1002981626 @ 2021-01-26, prev 2020-12-29)"
2021-01-26,added,CHX,,"derived from wiki revision diff (rev 1002981626 @ 2021-01-26, prev 2020-12-29)"
2021-01-26,added,FHI,,"derived from wiki revision diff (rev 1002981626 @ 2021-01-26, prev 2020-12-29)"
2021-01-26,added,SVC,,"derived from wiki revision diff (rev 1002981626 @ 2021-01-26, prev 2020-12-29)"
2021-01-29,removed,PBH,Prestige Brands,Market capitalization changes. [ 142 ]
2021-01-29,added,STAA,STAAR Surgical,Market capitalization changes. [ 142 ]
2021-02-12,removed,MPWR,Monolithic Power Systems,Monolithic Power Systems replaced TechnipFMC in the S&P 500. [ 141 ]
2021-02-12,added,IRDM,Iridium Communications,Monolithic Power Systems replaced TechnipFMC in the S&P 500. [ 141 ]
2021-02-16,removed,HNI,HNI Corporation,Market capitalization changes. [ 140 ]
2021-02-16,added,AMKR,Amkor Technology,Market capitalization changes. [ 140 ]
2021-03-01,removed,EV,Eaton Vance,Morgan Stanley acquired Eaton Vance. [ 139 ]
2021-03-01,added,CLF,Cleveland-Cliffs,Morgan Stanley acquired Eaton Vance. [ 139 ]
2021-03-22,removed,EPC,Edgewell Personal Care,Market capitalization changes. [ 138 ]
2021-03-22,removed,GNRC,Generac Holdings,Market capitalization changes. [ 138 ]
2021-03-22,removed,PENN,Penn National Gaming,Market capitalization changes. [ 138 ]
2021-03-22,added,FLS,Flowserve,Market capitalization changes. [ 138 ]
2021-03-22,added,SLG,SL Green Realty,Market capitalization changes. [ 138 ]
2021-03-22,added,VNT,Vontier,Market capitalization changes. [ 138 ]
2021-03-22,added,XRX,Xerox,Market capitalization changes. [ 138 ]
2021-03-30,removed,OI,O-I Glass,Market capitalization changes. [ 137 ]
2021-03-30,added,NBIX,Neurocrine Biosciences,Market capitalization changes. [ 137 ]
2021-03-31,removed,AAXN,,"derived from wiki revision diff (rev 1015305749 @ 2021-03-31, prev 2021-02-28)"
2021-03-31,removed,WYND,,"derived from wiki revision diff (rev 1015305749 @ 2021-03-31, prev 2021-02-28)"
2021-03-31,added,AXON,,"derived from wiki revision diff (rev 1015305749 @ 2021-03-31, prev 2021-02-28)"
2021-03-31,added,TNL,,"derived from wiki revision diff (rev 1015305749 @ 2021-03-31, prev 2021-02-28)"
2021-04-12,removed,IDCC,InterDigital,Market capitalization changes. [ 136 ]
2021-04-12,added,NVST,Envista Holdings,Market capitalization changes. [ 136 ]
2021-04-20,removed,PTC,PTC Inc.,PTC replaced Varian Medical Systems in the S&P 500. [ 135 ]
2021-04-20,removed,UFS,Domtar,Market capitalization changes. [ 135 ]
2021-04-20,added,LSCC,Lattice Semiconductor,PTC replaced Varian Medical Systems in the S&P 500. [ 135 ]
2021-04-20,added,PGNY,Progyny Inc.,Market capitalization changes. [ 135 ]
2021-05-03,removed,GNW,Genworth Financial,Market capitalization changes. [ 134 ]
2021-05-03,added,G,Genpact,Market capitalization changes. [ 134 ]
2021-05-07,removed,PRSP,Perspecta Inc.,Veritas Capital acquired Perspecta. [ 133 ]
2021-05-07,added,RCM,R1 RCM,Veritas Capital acquired Perspecta. [ 133 ]
2021-05-14,removed,CRL,Charles River Laboratories,Charles River Laboratories replaced FLIR Systems in the S&P 500. [ 132 ]
2021-05-14,added,NSA,National Storage Affiliates Trust,Charles River Laboratories replaced FLIR Systems in the S&P 500. [ 132 ]
2021-05-17,removed,AVNS,Avanos Medical,Market capitalization changes. [ 132 ]
2021-05-17,added,AZPN,Aspen Technology,Market capitalization changes. [ 132 ]
2021-06-02,removed,CMD,Cantel Medical Corporation,STERIS plc acquired Cantel Medical. [ 131 ]
2021-06-02,added,CROX,Crocs,STERIS plc acquired Cantel Medical. [ 131 ]
2021-06-04,removed,SVC,Service Properties Trust,Market capitalization changes. [ 130 ]
2021-06-04,added,HFC,HollyFrontier,Market capitalization changes. [ 130 ]
2021-06-09,removed,CLGX,CoreLogic,Stone Point Capital and Insight Partners acquired CoreLogic. [ 129 ]
2021-06-09,removed,TCF,TCF Financial Corporation,Huntington Bancshares]] acquired TCF Financial Corporation. [ 129 ]
2021-06-09,added,ENV,Envestnet,Huntington Bancshares]] acquired TCF Financial Corporation. [ 129 ]
2021-06-09,added,TRGP,Targa Resources,Stone Point Capital and Insight Partners acquired CoreLogic. [ 129 ]
2021-06-15,removed,GRUB,Grubhub,Just Eat Takeaway .com NV acquired GrubHub. [ 128 ]
2021-06-15,added,ELY,Callaway Golf,Just Eat Takeaway .com NV acquired GrubHub. [ 128 ]
2021-07-02,removed,PRAH,PRA Health Sciences,ICON plc acquired PRA Health Sciences. [ 127 ]
2021-07-02,added,DTM,DT Midstream,ICON plc acquired PRA Health Sciences. [ 127 ]
2021-07-07,removed,ATGE,Adtalem Global Education,Market capitalization changes. [ 126 ]
2021-07-07,added,CRNC,Cerence,Market capitalization changes. [ 126 ]
2021-08-02,added,GXO,GXO Logistics,"Spun off from XPO, Inc. [ 125 ]"
2021-08-03,removed,STRA,"Strategic Education, Inc.",Market capitalization changes. [ 125 ]
2021-08-04,removed,INT,World Fuel Services,L Brands completed the corporate spin-off of Victoria's Secret. [ 125 ]
2021-08-04,removed,WRI,Weingarten Realty,Kimco Realty acquired Weingarten Realty. [ 125 ]
2021-08-04,added,GME,GameStop,Kimco Realty acquired Weingarten Realty. [ 125 ]
2021-08-04,added,VSCO,Victoria's Secret,L Brands completed the corporate spin-off of Victoria's Secret. [ 125 ]
2021-08-30,removed,CNK,Cinemark Holdings,Market capitalization changes. [ 124 ]
2021-08-30,removed,TECH,Bio-Techne,Market capitalization changes. [ 124 ]
2021-08-30,removed,TRMK,Trustmark Corporation,Market capitalization changes. [ 124 ]
2021-08-30,added,MIME,Mimecast,Market capitalization changes. [ 124 ]
2021-08-30,added,OPCH,Option Care Health,Market capitalization changes. [ 124 ]
2021-08-30,added,SAIA,Saia,Market capitalization changes. [ 124 ]
2021-09-03,removed,THS,TreeHouse Foods,Market capitalization changes. [ 123 ]
2021-09-03,added,PFGC,Performance Food Group,Market capitalization changes. [ 123 ]
2021-09-07,removed,LGND,Ligand Pharmaceuticals,Market capitalization changes. [ 123 ]
2021-09-07,added,APPS,Digital Turbine,Market capitalization changes. [ 123 ]
2021-09-20,removed,BRO,Brown & Brown,Market capitalization changes. [ 122 ]
2021-09-20,removed,CDAY,Ceridian,Market capitalization changes. [ 122 ]
2021-09-20,removed,HCSG,Healthcare Services Group,Market capitalization changes. [ 122 ]
2021-09-20,removed,WW,WW International,Market capitalization changes. [ 122 ]
2021-09-20,added,NOV,NOV Inc.,Market capitalization changes. [ 122 ]
2021-09-20,added,PRGO,Perrigo,Market capitalization changes. [ 122 ]
2021-09-20,added,TNDM,Tandem Diabetes Care,Market capitalization changes. [ 122 ]
2021-09-20,added,UNM,Unum,Market capitalization changes. [ 122 ]
2021-10-05,removed,XEC,Cimarex Energy,Cabot Oil & Gas acquired Cimarex Energy. [ 121 ]
2021-10-05,added,SPWR,SunPower,Cabot Oil & Gas acquired Cimarex Energy. [ 121 ]
2021-10-22,removed,TREE,LendingTree,Market capitalization changes. [ 120 ]
2021-10-22,added,KRG,Kite Realty Group Trust,Market capitalization changes. [ 120 ]
2021-10-30,removed,JCOM,,"derived from wiki revision diff (rev 1052750851 @ 2021-10-30, prev 2021-09-30)"
2021-10-30,added,ZD,,"derived from wiki revision diff (rev 1052750851 @ 2021-10-30, prev 2021-09-30)"
2021-11-05,removed,NTCT,NetScout Systems,IBM completed the corporate spin-off of Kyndryl Holdings. [ 119 ]
2021-11-05,added,KD,Kyndryl,IBM completed the corporate spin-off of Kyndryl Holdings. [ 119 ]
2021-11-17,removed,BXS,,"derived from wiki revision diff (rev 1055693069 @ 2021-11-17, prev 2021-10-30)"
2021-11-17,removed,CREE,,"derived from wiki revision diff (rev 1055693069 @ 2021-11-17, prev 2021-10-30)"
2021-11-17,removed,MLHR,,"derived from wiki revision diff (rev 1055693069 @ 2021-11-17, prev 2021-10-30)"
2021-11-17,added,CADE,,"derived from wiki revision diff (rev 1055693069 @ 2021-11-17, prev 2021-10-30)"
2021-11-17,added,MLKN,,"derived from wiki revision diff (rev 1055693069 @ 2021-11-17, prev 2021-10-30)"
2021-11-17,added,WOLF,,"derived from wiki revision diff (rev 1055693069 @ 2021-11-17, prev 2021-10-30)"
2021-11-30,removed,EBS,Emergent BioSolutions,Market capitalization changes. [ 118 ]
2021-11-30,added,SITM,SiTime,Market capitalization changes. [ 118 ]
2021-12-02,removed,KAR,KAR Auction Services,Market capitalization changes. [ 117 ]
2021-12-02,added,BRKR,Bruker,Market capitalization changes. [ 117 ]
2021-12-20,removed,FDS,FactSet,Market capitalization changes. [ 116 ]
2021-12-20,removed,HRC,Hillrom,Baxter International acquired Hill-Rom. [ 115 ]
2021-12-20,removed,NKTR,Nektar Therapeutics,Market capitalization changes. [ 116 ]
2021-12-20,removed,SBNY,Signature Bank,Market capitalization changes. [ 116 ]
2021-12-20,removed,SEDG,SolarEdge,Market capitalization changes. [ 116 ]
2021-12-20,removed,TDS,Telephone and Data Systems,Market capitalization changes. [ 116 ]
2021-12-20,removed,TR,Tootsie Roll,Market capitalization changes. [ 116 ]
2021-12-20,added,AA,Alcoa,Baxter International acquired Hill-Rom. [ 115 ]
2021-12-20,added,HBI,Hanesbrands,Market capitalization changes. [ 116 ]
2021-12-20,added,LEG,Leggett & Platt,Market capitalization changes. [ 116 ]
2021-12-20,added,M,Macy's,Market capitalization changes. [ 116 ]
2021-12-20,added,POWI,Power Integrations,Market capitalization changes. [ 116 ]
2021-12-20,added,VICR,Vicor,Market capitalization changes. [ 116 ]
2021-12-20,added,WU,Western Union,Market capitalization changes. [ 116 ]
2021-12-28,removed,COR,CoreSite,American Tower acquired CoreSite Realty. [ 114 ]
2021-12-28,added,VOYA,Voya Financial,American Tower acquired CoreSite Realty. [ 114 ]
2021-12-31,removed,BRKS,,"derived from wiki revision diff (rev 1062911677 @ 2021-12-31, prev 2021-11-17)"
2021-12-31,removed,RBC,,"derived from wiki revision diff (rev 1062911677 @ 2021-12-31, prev 2021-11-17)"
2021-12-31,added,AZTA,,"derived from wiki revision diff (rev 1062911677 @ 2021-12-31, prev 2021-11-17)"
2021-12-31,added,RRX,,"derived from wiki revision diff (rev 1062911677 @ 2021-12-31, prev 2021-11-17)"
2022-01-04,removed,CIT,CIT Group,First Citizens BancShares acquired CIT Group. [ 113 ]
2022-01-04,added,CALX,Calix,First Citizens BancShares acquired CIT Group. [ 113 ]
2022-02-01,removed,CMP,Compass Minerals,Market capitalization changes. [ 112 ]
2022-02-01,removed,STL,Sterling Bancorp,Webster Bank acquired Sterling Bancorp. [ 112 ]
2022-02-01,added,EEFT,Euronet Worldwide,Market capitalization changes. [ 112 ]
2022-02-01,added,WTS,Watts Water Technologies,Webster Bank acquired Sterling Bancorp. [ 112 ]
2022-02-03,removed,JACK,Jack in the Box,Market capitalization changes. [ 112 ]
2022-02-03,added,GPS,Gap,Market capitalization changes. [ 112 ]
2022-02-15,removed,NDSN,Nordson,Market capitalization changes. [ 111 ]
2022-02-15,added,PDCE,PDC Energy,Market capitalization changes. [ 111 ]
2022-02-18,removed,UE,Urban Edge Properties,Market capitalization changes. [ 110 ]
2022-02-18,added,ONB,Old National,Market capitalization changes. [ 110 ]
2022-03-02,removed,MOH,Molina Healthcare,Market capitalization changes. [ 109 ]
2022-03-02,added,RRC,Range Resources,Market capitalization changes. [ 109 ]
2022-03-14,removed,CRNC,Cerence,Market capitalization changes. [ 108 ]
2022-03-14,added,BRBR,BellRing Brands,Market capitalization changes. [ 108 ]
2022-03-29,removed,HFC,,"derived from wiki revision diff (rev 1080007634 @ 2022-03-29, prev 2022-02-19)"
2022-03-29,added,DINO,,"derived from wiki revision diff (rev 1080007634 @ 2022-03-29, prev 2022-02-19)"
2022-03-30,removed,CONE,CyrusOne,Global Infrastructure Partners acquired CyrusOne. [ 107 ]
2022-03-30,added,GTLS,Chart Industries,Global Infrastructure Partners acquired CyrusOne. [ 107 ]
2022-04-04,removed,CPT,Camden,Market capitalization changes. [ 106 ]
2022-04-04,added,MTDR,Matador Resources,Market capitalization changes. [ 106 ]
2022-04-05,added,ESAB,ESAB,Colfax completed the corporate spin-off of ESAB. [ 105 ]
2022-04-06,removed,PRG,PROG Holdings,Market capitalization changes. [ 105 ]
2022-04-30,removed,ADS,,"derived from wiki revision diff (rev 1085473167 @ 2022-04-30, prev 2022-03-29)"
2022-04-30,removed,CFX,,"derived from wiki revision diff (rev 1085473167 @ 2022-04-30, prev 2022-03-29)"
2022-04-30,removed,SGMS,,"derived from wiki revision diff (rev 1085473167 @ 2022-04-30, prev 2022-03-29)"
2022-04-30,added,BFH,,"derived from wiki revision diff (rev 1085473167 @ 2022-04-30, prev 2022-03-29)"
2022-04-30,added,ENOV,,"derived from wiki revision diff (rev 1085473167 @ 2022-04-30, prev 2022-03-29)"
2022-04-30,added,LNW,,"derived from wiki revision diff (rev 1085473167 @ 2022-04-30, prev 2022-03-29)"
2022-05-03,removed,TPH,Tri Pointe Homes,Market capitalization changes. [ 104 ]
2022-05-03,added,NARI,Inari Medical,Market capitalization changes. [ 104 ]
2022-05-19,removed,MIME,Mimecast,Permira Holdings acquired Mimecast. [ 103 ]
2022-05-19,added,IRT,IRT Living,Permira Holdings acquired Mimecast. [ 103 ]
2022-06-21,removed,RAMP,LiveRamp,Market capitalization changes. [ 102 ]
2022-06-21,removed,TRN,Trinity Industries,Market capitalization changes. [ 102 ]
2022-06-21,removed,URBN,Urban Outfitters,Market capitalization changes. [ 102 ]
2022-06-21,removed,YELP,Yelp,Market capitalization changes. [ 102 ]
2022-06-21,added,IPGP,IPG Photonics,Market capitalization changes. [ 102 ]
2022-06-21,added,SHC,Sotera Health,Market capitalization changes. [ 102 ]
2022-06-21,added,SWAV,Shockwave Medical,Market capitalization changes. [ 102 ]
2022-06-29,removed,APPS,Digital Turbine,Market capitalization changes. [ 101 ]
2022-06-29,added,POR,Portland General Electric,Market capitalization changes. [ 101 ]
2022-06-30,added,UA,,"derived from wiki revision diff (rev 1095734928 @ 2022-06-30, prev 2022-05-18)"
2022-06-30,added,UAA,,"derived from wiki revision diff (rev 1095734928 @ 2022-06-30, prev 2022-05-18)"
2022-07-05,removed,COHR,"Coherent, Inc.",II-VI Inc. acquired Coherent. [ 100 ]
2022-07-05,added,OMCL,Omnicell,II-VI Inc. acquired Coherent. [ 100 ]
2022-07-06,removed,CDK,CDK Global,Brookfield Business Partners acquired CDK Global in a tender offer. [ 100 ]
2022-07-06,added,SWN,Southwestern Energy,Brookfield Business Partners acquired CDK Global in a tender offer. [ 100 ]
2022-07-07,removed,CCMP,CMC Materials,Entegris acquired CMC Materials. [ 100 ]
2022-07-07,added,ORA,Ormat Technologies,Entegris acquired CMC Materials. [ 100 ]
2022-07-20,removed,PSB,PS Business Parks,Blackstone Inc. acquired PS Business Parks. [ 99 ]
2022-07-20,added,COKE,Coca-Cola Consolidated,Blackstone Inc. acquired PS Business Parks. [ 99 ]
2022-07-21,removed,HR,Healthcare Realty Trust,"Healthcare Trust of America acquired Healthcare Realty Trust. Post-merger, Healthcare Trust of America changed its name and symbol to Healthcare Realty Trust Inc. [ 99 ]"
2022-07-21,added,HTA,Healthcare Trust of America,"Healthcare Trust of America acquired Healthcare Realty Trust. Post-merger, Healthcare Trust of America changed its name and symbol to Healthcare Realty Trust Inc. [ 99 ]"
2022-07-22,removed,HTA,,rename → HR: HTA acquired Healthcare Realty (closed 2022-07-20); the combined company kept the Healthcare Realty name and the HR ticker.
2022-07-22,added,HR,,rename ← HTA: HTA acquired Healthcare Realty (closed 2022-07-20); the combined company kept the Healthcare Realty name and the HR ticker.
2022-07-26,removed,SIX,Six Flags,Market capitalization changes. [ 98 ]
2022-07-26,added,NOVT,Novanta,Market capitalization changes. [ 98 ]
2022-07-27,removed,SAFM,Sanderson Farms,Cargill and Continental Grain Co. acquired Sanderson Farms. [ 97 ]
2022-07-27,added,MP,MP Materials,Cargill and Continental Grain Co. acquired Sanderson Farms. [ 97 ]
2022-08-10,removed,ACC,American Campus Communities,Blackstone Inc. acquired American Campus Communities. [ 96 ]
2022-08-10,added,CELH,Celsius Holdings,Blackstone Inc. acquired American Campus Communities. [ 96 ]
2022-08-17,removed,SAIL,SailPoint Technologies,Thoma Bravo acquired SailPoint Technologies Holdings. [ 95 ]
2022-08-17,added,MTSI,MACOM Technology Solutions,Thoma Bravo acquired SailPoint Technologies Holdings. [ 95 ]
2022-09-19,removed,AEO,American Eagle Outfitters,Market capitalization changes. [ 94 ]
2022-09-19,removed,HPP,Hudson Pacific Properties,Market capitalization changes. [ 94 ]
2022-09-19,removed,MCY,Mercury General,Market capitalization changes. [ 94 ]
2022-09-19,removed,MTX,Minerals Technologies,Market capitalization changes. [ 94 ]
2022-09-19,added,DT,Dynatrace,Market capitalization changes. [ 94 ]
2022-09-19,added,NLY,Annaly Capital Management,Market capitalization changes. [ 94 ]
2022-09-19,added,PENN,Penn Entertainment,Market capitalization changes. [ 94 ]
2022-09-19,added,PVH,PVH Corp.,Market capitalization changes. [ 94 ]
2022-09-22,removed,ELY,,"derived from wiki revision diff (rev 1111632889 @ 2022-09-22, prev 2022-08-28)"
2022-09-22,removed,IIVI,,"derived from wiki revision diff (rev 1111632889 @ 2022-09-22, prev 2022-08-28)"
2022-09-22,added,COHR,,"derived from wiki revision diff (rev 1111632889 @ 2022-09-22, prev 2022-08-28)"
2022-09-22,added,MODG,,"derived from wiki revision diff (rev 1111632889 @ 2022-09-22, prev 2022-08-28)"
2022-10-03,removed,EQT,EQT Corporation,Market capitalization changes. [ 93 ]
2022-10-03,removed,HAIN,Hain Celestial Group,Market capitalization changes. [ 92 ]
2022-10-03,added,EXLS,EXL Service,Market capitalization changes. [ 93 ]
2022-10-03,added,FYBR,Frontier Communications,Market capitalization changes. [ 92 ]
2022-10-12,removed,TRGP,Targa Resources,Market capitalization changes. [ 91 ]
2022-10-12,added,LNTH,Lantheus Holdings,Market capitalization changes. [ 91 ]
2022-10-18,removed,MLKN,MillerKnoll,Market capitalization changes. [ 90 ]
2022-10-18,added,WLK,Westlake,Market capitalization changes. [ 90 ]
2022-10-20,removed,Y,Alleghany,Berkshire Hathaway acquired Alleghany. [ 89 ]
2022-10-20,added,AR,Antero Resources,Berkshire Hathaway acquired Alleghany. [ 89 ]
2022-11-01,added,RXO,RXO,"XPO, Inc. completed the corporate spin-off of RXO. [ 88 ]"
2022-11-02,removed,BFH,Bread Financial,Market capitalization changes. [ 88 ]
2022-12-01,removed,NUS,Nu Skin Enterprises,Market capitalization changes. [ 87 ]
2022-12-01,removed,SABR,Sabre,Market capitalization changes. [ 87 ]
2022-12-01,added,NXST,Nexstar Media Group,Market capitalization changes. [ 87 ]
2022-12-01,added,PBF,PBF Energy,Market capitalization changes. [ 87 ]
2022-12-19,removed,FSLR,First Solar,Market capitalization changes. [ 85 ]
2022-12-19,removed,NUVA,NuVasive,Market capitalization changes. [ 86 ]
2022-12-19,removed,SMTC,Semtech,Market capitalization changes. [ 86 ]
2022-12-19,added,ALGM,Allegro Microsystems,Market capitalization changes. [ 86 ]
2022-12-19,added,CUBE,CubeSmart,Market capitalization changes. [ 86 ]
2022-12-19,added,FBIN,Fortune Brands Innovations,Market capitalization changes. [ 85 ]
2022-12-22,removed,STLD,Steel Dynamics,Market capitalization changes. [ 84 ]
2022-12-22,added,SMCI,Supermicro,Market capitalization changes. [ 84 ]
2022-12-31,removed,JW.A,,"derived from wiki revision diff (rev 1130633662 @ 2022-12-31, prev 2022-11-28)"
2022-12-31,added,WLY,,"derived from wiki revision diff (rev 1130633662 @ 2022-12-31, prev 2022-11-28)"
2023-01-05,removed,RXO,RXO,Market capitalization changes. [ 83 ]
2023-01-05,added,VNO,Vornado Realty Trust,Market capitalization changes. [ 83 ]
2023-02-06,removed,STOR,Store Capital,Store Capital was acquired by GIC and Oak Street Capital . [ 82 ]
2023-02-06,added,ADC,Agree Realty,Store Capital was acquired by GIC and Oak Street Capital . [ 82 ]
2023-02-23,removed,LHCG,LHC Group,UnitedHealth Group acquired LHC Group. [ 81 ]
2023-02-23,added,UFPI,UFP Industries,UnitedHealth Group acquired LHC Group. [ 81 ]
2023-03-01,removed,UMPQ,Umpqua Bank,Columbia Banking System acquired Umpqua Bank. [ 80 ]
2023-03-01,added,COLB,Columbia Banking System,Columbia Banking System acquired Umpqua Bank. [ 80 ]
2023-03-20,removed,CBRL,Cracker Barrel,Market capitalization changes. [ 79 ]
2023-03-20,removed,DY,Dycom Industries,Market capitalization changes. [ 79 ]
2023-03-20,removed,FICO,Fair Isaac,Market capitalization changes. [ 79 ]
2023-03-20,removed,HBI,Hanesbrands,Market capitalization changes. [ 79 ]
2023-03-20,removed,JBGS,JBG Smith,Market capitalization changes. [ 79 ]
2023-03-20,removed,KMT,Kennametal,Market capitalization changes. [ 79 ]
2023-03-20,removed,PEB,Pebblebrook Hotel Trust,Market capitalization changes. [ 79 ]
2023-03-20,removed,SLG,SL Green Realty,Market capitalization changes. [ 79 ]
2023-03-20,removed,TNDM,Tandem Diabetes Care,Market capitalization changes. [ 79 ]
2023-03-20,removed,VSAT,Viasat,Market capitalization changes. [ 79 ]
2023-03-20,removed,WAFD,"WaFd, Inc.",Market capitalization changes. [ 79 ]
2023-03-20,added,ALV,Autoliv,Market capitalization changes. [ 79 ]
2023-03-20,added,ARMK,Aramark,Market capitalization changes. [ 79 ]
2023-03-20,added,AXTA,Axalta,Market capitalization changes. [ 79 ]
2023-03-20,added,CHRD,Chord Energy,Market capitalization changes. [ 79 ]
2023-03-20,added,HGV,Hilton Grand Vacations,Market capitalization changes. [ 79 ]
2023-03-20,added,HTZ,Hertz,Market capitalization changes. [ 79 ]
2023-03-20,added,SSB,South State Bank,Market capitalization changes. [ 79 ]
2023-03-20,added,STWD,Starwood Property Trust,Market capitalization changes. [ 79 ]
2023-03-20,added,USFD,US Foods,Market capitalization changes. [ 79 ]
2023-03-20,added,VAL,Valaris,Market capitalization changes. [ 79 ]
2023-03-20,added,WMS,Advanced Drainage Systems,Market capitalization changes. [ 79 ]
2023-03-22,removed,IAA,"IAA, Inc.",Ritchie Bros. Auctioneers acquired IAA. [ 78 ]
2023-03-22,added,EXPO,Exponent,Ritchie Bros. Auctioneers acquired IAA. [ 78 ]
2023-04-05,removed,PACW,PacWest Bancorp,Market capitalization changes. [ 77 ]
2023-04-29,added,CXT,,"derived from wiki revision diff (rev 1152343947 @ 2023-04-29, prev 2023-03-26)"
2023-05-04,removed,AXON,Axon Enterprise,Market capitalization changes. [ 76 ]
2023-05-04,added,STAG,STAG Industrial,Market capitalization changes. [ 76 ]
2023-06-01,removed,BOH,Bank of Hawaii,MDU Resources Group Inc. completed the corporate spin-off of Knife River. [ 75 ]
2023-06-01,added,KNF,Knife River Corporation,MDU Resources Group Inc. completed the corporate spin-off of Knife River. [ 75 ]
2023-06-19,removed,DAN,Dana Incorporated,Market capitalization changes. [ 74 ]
2023-06-19,removed,DEI,Douglas Emmett,Market capitalization changes.
2023-06-19,removed,FULT,Fulton Financial Corporation,Market capitalization changes. [ 74 ]
2023-06-19,removed,MAC,Macerich,Market capitalization changes. [ 74 ]
2023-06-19,removed,NAVI,Navient,Market capitalization changes. [ 74 ]
2023-06-19,removed,NGVT,Ingevity,Market capitalization changes. [ 74 ]
2023-06-19,removed,SITM,SiTime,Market capitalization changes. [ 74 ]
2023-06-19,removed,SPWR,SunPower,Market capitalization changes. [ 74 ]
2023-06-19,removed,VSCO,Victoria's Secret,Market capitalization changes. [ 74 ]
2023-06-19,removed,WLY,John Wiley & Sons,Market capitalization changes. [ 74 ]
2023-06-19,added,BERY,Berry Global,Market capitalization changes. [ 74 ]
2023-06-19,added,BWXT,BWX Technologies,Market capitalization changes. [ 74 ]
2023-06-19,added,CCK,Crown Holdings,Market capitalization changes. [ 74 ]
2023-06-19,added,DBX,Dropbox,Market capitalization changes.
2023-06-19,added,DOCS,Doximity,Market capitalization changes. [ 74 ]
2023-06-19,added,GPK,Graphic Packaging,Market capitalization changes. [ 74 ]
2023-06-19,added,OVV,Ovintiv,Market capitalization changes. [ 74 ]
2023-06-19,added,PLNT,Planet Fitness,Market capitalization changes. [ 74 ]
2023-06-19,added,WCC,WESCO International,Market capitalization changes. [ 74 ]
2023-06-19,added,ZI,ZoomInfo,Market capitalization changes. [ 74 ]
2023-07-24,removed,LSI,Life Storage,Extra Space Storage acquired Life Storage. [ 73 ]
2023-07-24,added,ELS,Equity Lifestyle Properties,Extra Space Storage acquired Life Storage. [ 73 ]
2023-08-04,removed,UNVR,Univar Solutions,Apollo Global Management acquired Univar Solutions. [ 72 ]
2023-08-04,added,PAG,Penske Automotive,Apollo Global Management acquired Univar Solutions. [ 72 ]
2023-08-08,removed,PDCE,PDC Energy,Chevron Corporation acquired PDC Energy. [ 72 ]
2023-08-08,added,ERIE,Erie Indemnity,Chevron Corporation acquired PDC Energy. [ 72 ]
2023-08-21,removed,MRCY,Mercury Systems,Market capitalization changes. [ 71 ]
2023-08-21,added,CHK,Chesapeake Energy,Market capitalization changes. [ 71 ]
2023-08-22,removed,STAA,STAAR Surgical,Market capitalization changes. [ 70 ]
2023-08-22,added,DLB,Dolby,Market capitalization changes. [ 70 ]
2023-09-18,removed,CATY,Cathay Bank,Market capitalization changes. [ 69 ]
2023-09-18,removed,ENR,Energizer,Market capitalization changes. [ 69 ]
2023-09-18,removed,FL,Foot Locker,Market capitalization changes. [ 69 ]
2023-09-18,removed,HE,Hawaiian Electric Industries,Market capitalization changes. [ 69 ]
2023-09-18,removed,HIW,Highwoods Properties,Market capitalization changes. [ 69 ]
2023-09-18,removed,JBLU,JetBlue,Market capitalization changes. [ 69 ]
2023-09-18,removed,OMCL,Omnicell,Market capitalization changes. [ 69 ]
2023-09-18,removed,PZZA,Papa John's,Market capitalization changes. [ 69 ]
2023-09-18,removed,SXT,Sensient Technologies,Market capitalization changes. [ 69 ]
2023-09-18,removed,TRIP,Tripadvisor,Market capitalization changes. [ 69 ]
2023-09-18,removed,XRX,Xerox,Market capitalization changes. [ 69 ]
2023-09-18,added,ALLY,Ally Financial,Market capitalization changes. [ 69 ]
2023-09-18,added,FNF,Fidelity National Financial,Market capitalization changes. [ 69 ]
2023-09-18,added,GDDY,GoDaddy,Market capitalization changes. [ 69 ]
2023-09-18,added,GLPI,Gaming and Leisure Properties,Market capitalization changes. [ 69 ]
2023-09-18,added,MORN,"Morningstar, Inc.",Market capitalization changes. [ 69 ]
2023-09-18,added,MTN,Vail Resorts,Market capitalization changes. [ 69 ]
2023-09-18,added,PR,Permian Resources,Market capitalization changes. [ 69 ]
2023-09-18,added,RBC,RBC Bearings,Market capitalization changes. [ 69 ]
2023-09-18,added,ST,Sensata Technologies,Market capitalization changes. [ 69 ]
2023-09-18,added,VST,Vistra Corp,Market capitalization changes. [ 69 ]
2023-09-18,added,WFRD,Weatherford International,Market capitalization changes. [ 69 ]
2023-09-29,removed,SYNH,Syneos Health,Elliott Investment Management acquired Syneos Health. [ 68 ]
2023-09-29,added,CIVI,Civitas Resources,Elliott Investment Management acquired Syneos Health. [ 68 ]
2023-10-02,added,VSTS,Vestis,Aramark completed the corporate spin-off of Vestis. [ 67 ]
2023-10-03,removed,KSS,Kohl's,Market capitalization changes. [ 67 ]
2023-10-12,removed,NATI,National Instruments,Emerson Electric acquired National Instruments. [ 66 ]
2023-10-12,added,H,Hyatt,Emerson Electric acquired National Instruments. [ 66 ]
2023-10-18,removed,HUBB,Hubbell Incorporated,Market capitalization changes. [ 65 ]
2023-10-18,added,ONTO,Onto Innovation,Market capitalization changes. [ 65 ]
2023-10-20,removed,VICR,Vicor,Market capitalization changes. [ 64 ]
2023-10-20,added,FND,Floor & Decor,Market capitalization changes. [ 64 ]
2023-10-30,removed,NCR,,"derived from wiki revision diff (rev 1182690657 @ 2023-10-30, prev 2023-09-26)"
2023-10-30,removed,OFC,,"derived from wiki revision diff (rev 1182690657 @ 2023-10-30, prev 2023-09-26)"
2023-10-30,removed,WWE,,"derived from wiki revision diff (rev 1182690657 @ 2023-10-30, prev 2023-09-26)"
2023-10-30,added,CDP,,"derived from wiki revision diff (rev 1182690657 @ 2023-10-30, prev 2023-09-26)"
2023-10-30,added,TKO,,"derived from wiki revision diff (rev 1182690657 @ 2023-10-30, prev 2023-09-26)"
2023-10-30,added,VYX,,"derived from wiki revision diff (rev 1182690657 @ 2023-10-30, prev 2023-09-26)"
2023-11-07,removed,ENV,Envestnet,Market capitalization changes. [ 63 ]
2023-11-07,added,BURL,Burlington Stores,Market capitalization changes. [ 63 ]
2023-11-13,removed,ACIW,ACI Worldwide,Market capitalization changes. [ 62 ]
2023-11-13,added,CNM,Core & Main,Market capitalization changes. [ 62 ]
2023-11-30,removed,ICUI,ICU Medical,Market capitalization changes. [ 61 ]
2023-11-30,removed,WOR,Worthington Industries,Market capitalization changes. [ 61 ]
2023-11-30,added,CG,Carlyle Group,Market capitalization changes. [ 61 ]
2023-11-30,added,WPC,W. P. Carey,Market capitalization changes. [ 61 ]
2023-12-18,removed,BLDR,Builders FirstSource,Market capitalization changes. [ 60 ]
2023-12-18,removed,JBL,Jabil,Market capitalization changes. [ 60 ]
2023-12-18,removed,MODG,Topgolf Callaway Brands,Market capitalization changes. [ 60 ]
2023-12-18,removed,VSTS,Vestis,Market capitalization changes. [ 60 ]
2023-12-18,added,EQH,Equitable Holdings,Market capitalization changes. [ 60 ]
2023-12-18,added,FIX,Comfort Systems USA,Market capitalization changes. [ 60 ]
2023-12-18,added,HLI,Houlihan Lokey,Market capitalization changes. [ 60 ]
2023-12-18,added,RMBS,Rambus,Market capitalization changes. [ 60 ]
2024-01-02,removed,VYX,NCR Voyix,Market capitalization changes. [ 59 ]
2024-01-02,added,ALTM,Arcadium Lithium,Market capitalization changes. [ 59 ]
2024-01-05,removed,PDCO,Patterson Companies,Market capitalization changes. [ 58 ]
2024-01-05,added,PSTG,Pure Storage,Market capitalization changes. [ 58 ]
2024-01-23,removed,SRC,Spirit Realty,Realty Income acquired Spirit Realty Capital. [ 57 ]
2024-01-23,added,ELF,e.l.f. Beauty,Realty Income acquired Spirit Realty Capital. [ 57 ]
2024-03-01,removed,DOC,Physicians Realty Trust,Healthpeak Properties acquired Physicians Realty Trust. [ 56 ]
2024-03-01,added,AMH,American Homes 4 Rent,Healthpeak Properties acquired Physicians Realty Trust. [ 56 ]
2024-03-18,removed,CALX,Calix,Market capitalization changes. [ 55 ]
2024-03-18,removed,DECK,Deckers Brands,Market capitalization changes. [ 55 ]
2024-03-18,removed,MPW,Medical Properties Trust,Market capitalization changes. [ 55 ]
2024-03-18,removed,SMCI,Supermicro,Market capitalization changes. [ 55 ]
2024-03-18,added,AIT,Applied Industrial Technologies,Market capitalization changes. [ 55 ]
2024-03-18,added,CYTK,Cytokinetics,Market capitalization changes. [ 55 ]
2024-03-18,added,WHR,Whirlpool,Market capitalization changes. [ 55 ]
2024-03-18,added,ZION,Zions Bancorporation,Market capitalization changes. [ 55 ]
2024-04-01,removed,NARI,Inari Medical,Market capitalization changes. [ 54 ]
2024-04-01,removed,RUN,Sunrun,Market capitalization changes. [ 53 ]
2024-04-01,added,APPF,AppFolio,Market capitalization changes. [ 54 ]
2024-04-01,added,ROIV,Roivant Sciences,Market capitalization changes. [ 53 ]
2024-04-03,removed,FOXF,Fox Factory,Market capitalization changes. [ 52 ]
2024-04-03,added,XRAY,Dentsply Sirona,Market capitalization changes. [ 52 ]
2024-04-22,removed,CABO,Cable One,Market capitalization changes. [ 51 ]
2024-04-22,added,DUOL,Duolingo,Market capitalization changes. [ 51 ]
2024-05-03,removed,VST,Vistra,Market capitalization changes. [ 50 ]
2024-05-03,added,AAON,AAON,Market capitalization changes. [ 50 ]
2024-06-03,removed,SWAV,Shockwave Medical,Johnson & Johnson acquired Shockwave Medical. [ 49 ]
2024-06-03,added,SRPT,Sarepta Therapeutics,Johnson & Johnson acquired Shockwave Medical. [ 49 ]
2024-06-24,removed,GDDY,GoDaddy,Market capitalization changes. [ 48 ]
2024-06-24,removed,GO,Grocery Outlet,Market capitalization changes. [ 48 ]
2024-06-24,removed,HTZ,Hertz,Market capitalization changes. [ 48 ]
2024-06-24,removed,IART,Integra LifeSciences,Market capitalization changes. [ 48 ]
2024-06-24,removed,LEG,Leggett & Platt,Market capitalization changes. [ 48 ]
2024-06-24,removed,PENN,Penn Entertainment,Market capitalization changes. [ 48 ]
2024-06-24,removed,WERN,Werner Enterprises,Market capitalization changes. [ 48 ]
2024-06-24,added,ALTR,Altair Engineering,Market capitalization changes. [ 48 ]
2024-06-24,added,BMRN,BioMarin Pharmaceutical,Market capitalization changes. [ 48 ]
2024-06-24,added,ILMN,"Illumina, Inc.",Market capitalization changes. [ 48 ]
2024-06-24,added,NXT,Nextracker,Market capitalization changes. [ 48 ]
2024-06-24,added,RBA,RB Global,Market capitalization changes. [ 48 ]
2024-06-24,added,TPL,Texas Pacific Land Corporation,Market capitalization changes. [ 48 ]
2024-06-24,added,WMG,Warner Music Group,Market capitalization changes. [ 48 ]
2024-06-28,removed,AIRC,Apartment Income REIT,Blackstone Inc. acquired Apartment Income REIT. [ 47 ]
2024-06-28,added,RYAN,Ryan Specialty,Blackstone Inc. acquired Apartment Income REIT. [ 47 ]
2024-07-22,removed,ETRN,Equitrans Midstream,EQT Corporation acquired Equitrans Midstream. [ 46 ]
2024-07-22,added,ANF,Abercrombie & Fitch,EQT Corporation acquired Equitrans Midstream. [ 46 ]
2024-07-26,removed,QDEL,QuidelOrtho,Market capitalization changes. [ 45 ]
2024-07-26,added,AVTR,Avantor,Market capitalization changes. [ 45 ]
2024-08-22,removed,GPS,,"derived from wiki revision diff (rev 1241722477 @ 2024-08-22, prev 2024-07-29)"
2024-08-22,added,GAP,,"derived from wiki revision diff (rev 1241722477 @ 2024-08-22, prev 2024-07-29)"
2024-09-23,removed,ADNT,Adient,Market capitalization changes. [ 44 ]
2024-09-23,removed,ERIE,Erie Indemnity,Market capitalization changes. [ 44 ]
2024-09-23,removed,HELE,Helen of Troy Limited,Market capitalization changes. [ 44 ]
2024-09-23,removed,MP,MP Materials,Market capitalization changes. [ 44 ]
2024-09-23,removed,PGNY,Progyny,Market capitalization changes. [ 44 ]
2024-09-23,removed,TGNA,Tegna Inc.,Market capitalization changes. [ 44 ]
2024-09-23,removed,WOLF,Wolfspeed,Market capitalization changes. [ 44 ]
2024-09-23,removed,ZD,Ziff Davis,Market capitalization changes. [ 44 ]
2024-09-23,added,AAL,American Airlines Group,Market capitalization changes. [ 44 ]
2024-09-23,added,BIO,Bio-Rad Laboratories,Market capitalization changes. [ 44 ]
2024-09-23,added,CNH,CNH Industrial,Market capitalization changes. [ 44 ]
2024-09-23,added,FN,Fabrinet,Market capitalization changes. [ 44 ]
2024-09-23,added,HLNE,Hamilton Lane,Market capitalization changes. [ 44 ]
2024-09-23,added,PSN,Parsons Corporation,Market capitalization changes. [ 44 ]
2024-09-23,added,VNOM,Viper Energy,Market capitalization changes. [ 44 ]
2024-09-23,added,WAL,Western Alliance Bancorporation,Market capitalization changes. [ 44 ]
2024-10-01,removed,SWN,Southwestern Energy,Chesapeake Energy acquired Southwestern Energy. The combined company was renamed Expand Energy Corporation. [ 43 ]
2024-10-01,added,ENSG,Ensign Group,Chesapeake Energy acquired Southwestern Energy. The combined company was renamed Expand Energy Corporation. [ 43 ]
2024-10-11,removed,MDU,MDU Resources,Market capitalization changes. [ 42 ]
2024-10-11,added,DOCU,Docusign,Market capitalization changes. [ 42 ]
2024-10-15,removed,CHK,,"derived from wiki revision diff (rev 1251231827 @ 2024-10-15, prev 2024-09-30)"
2024-10-15,added,EXE,,"derived from wiki revision diff (rev 1251231827 @ 2024-10-15, prev 2024-09-30)"
2024-11-06,removed,SRCL,Stericycle,"Waste Management, Inc. acquired Stericycle. [ 41 ]"
2024-11-06,added,CHWY,Chewy,"Waste Management, Inc. acquired Stericycle. [ 41 ]"
2024-11-20,removed,RCM,R1 RCM,"TowerBrook Capital Partners and Clayton, Dubilier & Rice acquired R1 RCM. [ 40 ]"
2024-11-20,added,FOUR,Shift4,"TowerBrook Capital Partners and Clayton, Dubilier & Rice acquired R1 RCM. [ 40 ]"
2024-11-25,removed,AZTA,Azenta,Market capitalization changes. [ 39 ]
2024-11-25,added,FLEX,Flex Ltd.,Market capitalization changes. [ 39 ]
2024-11-26,removed,TPL,Texas Pacific Land Corporation,Market capitalization changes. [ 38 ]
2024-11-26,added,MLI,Mueller Industries,Market capitalization changes. [ 38 ]
2024-12-23,removed,CRI,Carter's,Market capitalization changes.
2024-12-23,removed,LII,Lennox International,Market capitalization changes.
2024-12-23,removed,VSH,Vishay Intertechnology,Market capitalization changes.
2024-12-23,added,BILL,Bill.com,Market capitalization changes.
2024-12-23,added,CMA,Comerica,Market capitalization changes.
2024-12-23,added,CRS,Carpenter Technology Corporation,Market capitalization changes.
2025-01-14,removed,ENOV,Enovis,Market capitalization changes.
2025-01-14,added,CART,Maplebear Inc.,Market capitalization changes.
2025-01-27,removed,ARWR,Arrowhead Pharmaceuticals,Market capitalization changes.
2025-01-27,added,GWRE,Guidewire Software,Market capitalization changes.
2025-01-28,removed,NYCB,,"derived from wiki revision diff (rev 1272297914 @ 2025-01-28, prev 2024-12-30)"
2025-01-28,removed,PNM,,"derived from wiki revision diff (rev 1272297914 @ 2025-01-28, prev 2024-12-30)"
2025-01-28,added,FLG,,"derived from wiki revision diff (rev 1272297914 @ 2025-01-28, prev 2024-12-30)"
2025-01-28,added,TXNM,,"derived from wiki revision diff (rev 1272297914 @ 2025-01-28, prev 2024-12-30)"
2025-03-06,removed,ALTM,Arcadium Lithium,Rio Tinto acquired Arcadium Lithium.
2025-03-06,added,ENTG,Entegris,Rio Tinto acquired Arcadium Lithium.
2025-03-11,removed,AZPN,Aspen Technology,Emerson Electric acquired Aspen Technology.
2025-03-11,added,ACI,Albertsons,Emerson Electric acquired Aspen Technology.
2025-03-24,removed,CC,Chemours,Market capitalization changes.
2025-03-24,removed,EXE,Expand Energy,Market capitalization changes.
2025-03-24,removed,NEOG,Neogen,Market capitalization changes.
2025-03-24,removed,TDC,Teradata,Market capitalization changes.
2025-03-24,removed,TKO,TKO Group Holdings,Market capitalization changes.
2025-03-24,removed,WSM,"Williams-Sonoma, Inc.",Market capitalization changes.
2025-03-24,added,ALK,Alaska Air Group,Market capitalization changes.
2025-03-24,added,ATI,Allegheny Technologies,Market capitalization changes.
2025-03-24,added,BBWI,"Bath & Body Works, Inc.",Market capitalization changes.
2025-03-24,added,HIMS,Hims & Hers Health,Market capitalization changes.
2025-03-24,added,SATS,EchoStar,Market capitalization changes.
2025-03-24,added,VFC,VF Corporation,Market capitalization changes.
2025-03-30,removed,TPX,,"derived from wiki revision diff (rev 1283042793 @ 2025-03-30, prev 2025-02-27)"
2025-03-30,added,SGI,,"derived from wiki revision diff (rev 1283042793 @ 2025-03-30, prev 2025-02-27)"
2025-03-31,removed,ALTR,Altair Engineering,Siemens AG acquired Altair Engineering.
2025-03-31,added,CAVA,Cava Group,Siemens AG acquired Altair Engineering.
2025-05-01,removed,BERY,Berry Global,Amcor acquired Berry Global Group.
2025-05-01,added,OKTA,"Okta, Inc.",Amcor acquired Berry Global Group.
2025-05-22,removed,JWN,Nordstrom,The Nordstrom family and El Puerto de Liverpool acquired Nordstrom.
2025-05-22,added,PEGA,Pegasystems,The Nordstrom family and El Puerto de Liverpool acquired Nordstrom.
2025-06-24,removed,X,U.S. Steel,Nippon Steel acquired United States Steel.
2025-06-24,removed,ZI,,"derived from wiki revision diff (rev 1297067213 @ 2025-06-24, prev 2025-05-23)"
2025-06-24,added,APG,APi Group,Nippon Steel acquired United States Steel.
2025-06-24,added,GTM,,"derived from wiki revision diff (rev 1297067213 @ 2025-06-24, prev 2025-05-23)"
2025-07-18,removed,CHX,ChampionX,Schlumberger acquired ChampionX.
2025-07-18,added,AVAV,AeroVironment,Schlumberger acquired ChampionX.
2025-08-19,removed,AMED,Amedisys,UnitedHealth Group acquired Amedisys.
2025-08-19,added,TWLO,Twilio,UnitedHealth Group acquired Amedisys.
2025-08-27,removed,LANC,,"derived from wiki revision diff (rev 1308022568 @ 2025-08-27, prev 2025-07-19)"
2025-08-27,added,MZTI,,"derived from wiki revision diff (rev 1308022568 @ 2025-08-27, prev 2025-07-19)"
2025-08-28,removed,IBKR,Interactive Brokers,Market capitalization changes.
2025-08-28,added,TLN,Talen Energy,Market capitalization changes.
2025-09-02,removed,SRPT,Sarepta Therapeutics,Market capitalization changes.
2025-09-02,added,ELAN,Elanco,Market capitalization changes.
2025-09-12,removed,SKX,Skechers,3G Capital acquired Skechers USA.
2025-09-12,added,FTI,TechnipFMC,3G Capital acquired Skechers USA.
2025-09-22,removed,ACHC,Acadia Healthcare,Market capitalization changes. [ 21 ]
2025-09-22,removed,EME,Emcor,Market capitalization changes. [ 21 ]
2025-09-22,removed,MAN,ManpowerGroup,Market capitalization changes. [ 21 ]
2025-09-22,removed,WEN,Wendy's,Market capitalization changes. [ 21 ]
2025-09-22,added,KTOS,Kratos Defense & Security Solutions,Market capitalization changes. [ 21 ]
2025-09-22,added,MP,MP Materials,Market capitalization changes. [ 21 ]
2025-09-22,added,NTNX,Nutanix,Market capitalization changes. [ 21 ]
2025-09-22,added,TRU,TransUnion,Market capitalization changes. [ 21 ]
2025-10-06,removed,WU,Western Union,Market capitalization changes. [ 20 ]
2025-10-06,added,BSY,Bentley Systems,Market capitalization changes. [ 20 ]
2025-11-13,removed,LNW,Light & Wonder,Light & Wonder delisted from the NASDAQ Stock Exchange but kept its primary listing exclusively in Australia. [ 19 ]
2025-11-13,added,STRL,Sterling Infrastructure,Light & Wonder delisted from the NASDAQ Stock Exchange but kept its primary listing exclusively in Australia. [ 19 ]
2025-12-17,removed,ALE,"Allete, Inc.",Canada Pension Plan Investment Board and Global Infrastructure Partners acquired Allete. [ 18 ]
2025-12-17,added,CRBG,Corebridge Financial,Canada Pension Plan Investment Board and Global Infrastructure Partners acquired Allete. [ 18 ]
2025-12-22,removed,FIX,Comfort Systems USA,Market capitalization changes. [ 17 ]
2025-12-22,removed,IRDM,Iridium Communications,Market capitalization changes. [ 17 ]
2025-12-22,removed,NSP,Insperity,Market capitalization changes. [ 17 ]
2025-12-22,removed,POWI,Power Integrations,Market capitalization changes. [ 17 ]
2025-12-22,removed,PRGO,Perrigo,Market capitalization changes. [ 17 ]
2025-12-22,removed,VAC,Marriott Vacations Worldwide,Market capitalization changes. [ 17 ]
2025-12-22,added,BAH,Booz Allen Hamilton,Market capitalization changes. [ 17 ]
2025-12-22,added,BWA,BorgWarner,Market capitalization changes. [ 17 ]
2025-12-22,added,DY,Dycom Industries,Market capitalization changes. [ 17 ]
2025-12-22,added,HL,Hecla Mining,Market capitalization changes. [ 17 ]
2025-12-22,added,PINS,Pinterest,Market capitalization changes. [ 17 ]
2025-12-22,added,SPXC,SPX Technologies,Market capitalization changes. [ 17 ]
2025-12-22,added,ULS,UL Solutions,Market capitalization changes. [ 17 ]
2026-01-02,removed,SNV,Synovus,Pinnacle Financial Partners acquired Synovus. [ 16 ]
2026-01-02,added,PATH,UiPath,Pinnacle Financial Partners acquired Synovus. [ 16 ]
2026-01-22,removed,FYBR,Frontier Communications,Verizon acquired Frontier Communications. [ 15 ]
2026-01-22,added,SARO,StandardAero,Verizon acquired Frontier Communications. [ 15 ]
2026-01-30,removed,CIVI,Civitas Resources,S&P SM Energy acquired Civitas Resources. [ 14 ]
2026-01-30,added,TTMI,TTM Technologies,S&P SM Energy acquired Civitas Resources. [ 14 ]
2026-01-31,removed,UA,,"derived from wiki revision diff (rev 1335903129 @ 2026-01-31, prev 2025-12-28)"
2026-01-31,removed,UAA,,"derived from wiki revision diff (rev 1335903129 @ 2026-01-31, prev 2025-12-28)"
2026-02-02,removed,CADE,Cadence Bank,Huntington Bancshares acquired Cadence Bank. [ 14 ]
2026-02-02,removed,CMA,Comerica,Fifth Third Bank acquired Comerica.
2026-02-02,removed,PCH,PotlatchDeltic,Rayonier acquired PotlatchDeltic.
2026-02-02,added,AEIS,Advanced Energy,Fifth Third Bank acquired Comerica.
2026-02-02,added,AHR,American Healthcare REIT,Huntington Bancshares acquired Cadence Bank. [ 14 ]
2026-02-02,added,BROS,Dutch Bros Coffee,Rayonier acquired PotlatchDeltic.
2026-02-09,removed,CIEN,Ciena,Market capitalization changes.
2026-02-09,added,ARWR,Arrowhead Pharmaceuticals,Market capitalization changes.
2026-03-23,removed,ASGN,ASGN Inc.,Market capitalization changes.
2026-03-23,removed,COHR,Coherent Corp.,Market capitalization changes.
2026-03-23,removed,GTM,ZoomInfo,Market capitalization changes.
2026-03-23,removed,KMPR,Kemper Corporation,Market capitalization changes.
2026-03-23,removed,LITE,Lumentum,Market capitalization changes.
2026-03-23,removed,SATS,EchoStar,Market capitalization changes.
2026-03-23,added,CTRE,CareTrust REIT,Market capitalization changes.
2026-03-23,added,IDCC,InterDigital,Market capitalization changes.
2026-03-23,added,MOG.A,Moog Inc.,Market capitalization changes.
2026-03-23,added,SITM,SiTime,Market capitalization changes.
2026-03-23,added,SOLS,Solstice Advanced Materials,Market capitalization changes.
2026-03-23,added,VICR,Vicor Corporation,Market capitalization changes.
2026-04-09,removed,CASY,Casey's,Market capitalization changes.
2026-04-09,added,DOCN,DigitalOcean,Market capitalization changes.
2026-05-18,removed,FLO,Flowers Foods,Market capitalization changes.
2026-05-18,added,SN,SharkNinja,Market capitalization changes.
2026-05-24,removed,PSTG,,"derived from wiki revision diff (rev 1355833270 @ 2026-05-24, prev 2026-04-16)"
2026-05-24,added,P,,"derived from wiki revision diff (rev 1355833270 @ 2026-05-24, prev 2026-04-16)"
2026-06-11,removed,MASI,Masimo,Danaher Corporation acquired Masimo.
2026-06-11,added,SIRI,SiriusXM,Danaher Corporation acquired Masimo.
2026-06-22,removed,BLKB,Blackbaud,Market capitalization changes.
2026-06-22,removed,BRBR,BellRing Brands,Market capitalization changes.
2026-06-22,removed,CNXC,Concentrix,Market capitalization changes.
2026-06-22,removed,COTY,Coty,Market capitalization changes.
2026-06-22,removed,FLEX,Flex Ltd.,Market capitalization changes.
2026-06-22,added,CDE,Coeur Mining,Market capitalization changes.
2026-06-22,added,ROKU,"Roku, Inc.",Market capitalization changes.
2026-06-22,added,SANM,Sanmina Corporation,Market capitalization changes.
2026-06-22,added,SMTC,Semtech,Market capitalization changes.
2026-06-22,added,VIAV,Viavi Solutions,Market capitalization changes.
2026-07-01,removed,BLD,TopBuild,QXO acquired TopBuild
2026-07-01,removed,JHG,Janus Henderson,"Janus Henderson was acquired by Trian Fund Management, L.P., General Catalyst Group Management, LLC, and Qatar Investment Authority."
2026-07-01,added,IESC,IES Holdings,"Janus Henderson was acquired by Trian Fund Management, L.P., General Catalyst Group Management, LLC, and Qatar Investment Authority."
2026-07-01,added,TOST,"Toast, Inc.",QXO acquired TopBuild
2026-07-06,removed,GT,Goodyear Tire & Rubber,Market capitalization changes.
2026-07-06,added,ALSN,Allison Transmission,Market capitalization changes.
2026-07-17,removed,GTLS,Chart Industries,Baker Hughes acquired Chart Industries.
2026-07-17,added,BTSG,BrightSpring Health Services,Baker Hughes acquired Chart Industries.
2026-07-22,removed,NSA,National Storage Affiliates Trust,Public Storage acquired National Storage Affiliates Trust.
2026-07-22,added,MOH,Molina Healthcare,Public Storage acquired National Storage Affiliates Trust.
2026-07-24,removed,TMHC,Taylor Morrison,Berkshire Hathaway acquired Taylor Morrison Home.
2026-07-24,added,KRYS,Krystal Biotech,Berkshire Hathaway acquired Taylor Morrison Home.
