date,action,ticker,name,reason
2021-04-08,removed,MTSC,MTS Systems Corporation,CARA replaced MTSC after it was acquired by Amphenol Corp. [ 199 ]
2021-04-08,added,CARA,Cara Therapeutics,CARA replaced MTSC after it was acquired by Amphenol Corp. [ 199 ]
2021-04-12,removed,CKH,SEACOR Holdings,CKH was acquired by American Industrial Partners. IDCC was moved from the S&P 400 to replace it as it was more representative of the small cap market space. [ 198 ]
2021-04-12,added,IDCC,InterDigital,CKH was acquired by American Industrial Partners. IDCC was moved from the S&P 400 to replace it as it was more representative of the small cap market space. [ 198 ]
2021-04-15,removed,MIK,The Michaels Companies,RILY replaced MIK after it was acquired by Apollo Global Management . [ 197 ]
2021-04-15,added,RILY,B. Riley Financial,RILY replaced MIK after it was acquired by Apollo Global Management . [ 197 ]
2021-04-20,removed,EGOV,NIC Inc.,EGOV was acquired component Tyler Technologies . UFS was moved from the S&P 400 to replace it as it was more representative of the small cap market space. [ 196 ]
2021-04-20,added,UFS,Domtar Corp.,EGOV was acquired component Tyler Technologies . UFS was moved from the S&P 400 to replace it as it was more representative of the small cap market space. [ 196 ]
2021-05-03,removed,GLUU,Glu Mobile,GLUU was acquired by Electronic Arts . GNW was moved from the S&P 400 to replace it as it was more representative of the small cap market space. [ 195 ]
2021-05-03,removed,WDR,Waddell & Reed,UTL replaced WDR after it was acquired by Macquarie Group . [ 195 ]
2021-05-03,added,GNW,Genworth Financial,GLUU was acquired by Electronic Arts . GNW was moved from the S&P 400 to replace it as it was more representative of the small cap market space. [ 195 ]
2021-05-03,added,UTL,Unitil Corporation,UTL replaced WDR after it was acquired by Macquarie Group . [ 195 ]
2021-05-07,removed,RCM,R1 RCM,TBBK replaced RCM which replaced Perspecta Inc. in the S&P 400 after it was acquired by Veritas Capital . [ 194 ]
2021-05-07,added,TBBK,"The Bancorp, Inc.",TBBK replaced RCM which replaced Perspecta Inc. in the S&P 400 after it was acquired by Veritas Capital . [ 194 ]
2021-05-14,removed,NSA,National Storage Affiliates Trust,EFC replaced NSA which replaced Charles River Laboratories in the S&P 400 after it was moved to the S&P 500 . [ 193 ]
2021-05-14,added,EFC,Ellington Financial,EFC replaced NSA which replaced Charles River Laboratories in the S&P 400 after it was moved to the S&P 500 . [ 193 ]
2021-05-17,removed,AEGN,Aegion Corp.,AEGN was acquired by New Mountain Capital . AVNS was moved from the S&P 400 to replace it as it was more representative of the small cap market space. [ 193 ]
2021-05-17,added,AVNS,Avanos Medical,AEGN was acquired by New Mountain Capital . AVNS was moved from the S&P 400 to replace it as it was more representative of the small cap market space. [ 193 ]
2021-05-27,removed,CUB,Cubic Corporation,JYNT replaced CUB after it was acquired by Veritas Capital . [ 192 ]
2021-05-27,added,JYNT,The Joint Corp.,JYNT replaced CUB after it was acquired by Veritas Capital . [ 192 ]
2021-06-02,removed,CROX,"Crocs, Inc.",ORGO replaced CROX which replaced Cantel Medical Corporation in the S&P 400 after it was acquired by Steris plc. [ 191 ]
2021-06-02,added,ORGO,Organogenesis Holdings Inc.,ORGO replaced CROX which replaced Cantel Medical Corporation in the S&P 400 after it was acquired by Steris plc. [ 191 ]
2021-06-04,removed,LCI,"Lannett Company, Inc.",SVC moved down from the S&P 400 and replaced LCI which was no longer representative of the small-cap market space. [ 190 ]
2021-06-04,added,SVC,Service Properties Trust,SVC moved down from the S&P 400 and replaced LCI which was no longer representative of the small-cap market space. [ 190 ]
2021-06-10,removed,CTB,Cooper Tire & Rubber Company,SLQT replaced CTB after it was acquired by Goodyear Tire and Rubber Company . [ 189 ]
2021-06-10,added,SLQT,"SelectQuote, Inc.",SLQT replaced CTB after it was acquired by Goodyear Tire and Rubber Company . [ 189 ]
2021-06-15,removed,ELY,Callaway Golf Company,AMEH replaced ELY which replaced Grubhub in the S&P 400 after it was acquired by Just Eat Takeaway . [ 188 ]
2021-06-15,added,AMEH,"Apollo Medical Holdings, Inc.",AMEH replaced ELY which replaced Grubhub in the S&P 400 after it was acquired by Just Eat Takeaway . [ 188 ]
2021-06-22,removed,CATM,Cardtronics,TWO replaced CATM after it was acquired by NCR Corporation . [ 187 ]
2021-06-22,added,TWO,Two Harbors Investment Corp.,TWO replaced CATM after it was acquired by NCR Corporation . [ 187 ]
2021-06-26,removed,PLT,,"derived from wiki revision diff (rev 1030576925 @ 2021-06-26, prev 2021-05-27)"
2021-06-26,added,POLY,,"derived from wiki revision diff (rev 1030576925 @ 2021-06-26, prev 2021-05-27)"
2021-07-07,removed,BPFH,Boston Private Financial Holdings,ATGE moved down from the S&P 400 and replaced BPFH which was acquired by SVB Financial Group . [ 186 ]
2021-07-07,added,ATGE,Adtalem Global Education,ATGE moved down from the S&P 400 and replaced BPFH which was acquired by SVB Financial Group . [ 186 ]
2021-07-15,removed,LMNX,Luminex Corporation,MSEX replaced LMNX after it was acquired by DiaSorin . [ 185 ]
2021-07-15,removed,TPRE,,"derived from wiki revision diff (rev 1033750783 @ 2021-07-15, prev 2021-06-26)"
2021-07-15,added,MSEX,Middlesex Water Company,MSEX replaced LMNX after it was acquired by DiaSorin . [ 185 ]
2021-07-15,added,SPNT,,"derived from wiki revision diff (rev 1033750783 @ 2021-07-15, prev 2021-06-26)"
2021-08-03,removed,BELFB,"Bel Fuse, Inc.",STRA moved down from the S&P 400 and replaced BELFB which was no longer representative of the small-cap market space. [ 184 ]
2021-08-03,added,STRA,"Strategic Education, Inc.",STRA moved down from the S&P 400 and replaced BELFB which was no longer representative of the small-cap market space. [ 184 ]
2021-08-04,removed,GME,GameStop Corp.,LKFN replaced GME which replaced Weingarten Realty Investors in the S&P 400 after it was acquired by Kimco Realty . [ 184 ]
2021-08-04,removed,SPOK,"Spok Holdings, Inc.",INT moved down from the S&P 400 and replaced SPOK which was no longer representative of the small-cap market space. [ 184 ]
2021-08-04,added,INT,World Fuel Services,INT moved down from the S&P 400 and replaced SPOK which was no longer representative of the small-cap market space. [ 184 ]
2021-08-04,added,LKFN,Lakeland Financial Corp.,LKFN replaced GME which replaced Weingarten Realty Investors in the S&P 400 after it was acquired by Kimco Realty . [ 184 ]
2021-08-17,removed,ETH,,"derived from wiki revision diff (rev 1039175407 @ 2021-08-17, prev 2021-07-15)"
2021-08-17,added,ETD,,"derived from wiki revision diff (rev 1039175407 @ 2021-08-17, prev 2021-07-15)"
2021-08-30,removed,SAIA,"Saia, Inc.",BLFS replaced SAIA which replaced Bio-Techne in the S&P 400 after it was moved to the S&P 500. [ 183 ]
2021-08-30,removed,SYKE,Sykes Enterprises,SYKE was acquired by Sitel Group . TRMK was moved from the S&P 400 to replace it as it was more representative of the small-cap market space. [ 183 ]
2021-08-30,removed,USCR,U.S. Concrete,USCR was acquired by Vulcan Materials Company . CNK was moved from the S&P 400 to replace it as it was more representative of the small-cap market space. [ 183 ]
2021-08-30,added,BLFS,BioLife Solutions,BLFS replaced SAIA which replaced Bio-Techne in the S&P 400 after it was moved to the S&P 500. [ 183 ]
2021-08-30,added,CNK,Cinemark Holdings,USCR was acquired by Vulcan Materials Company . CNK was moved from the S&P 400 to replace it as it was more representative of the small-cap market space. [ 183 ]
2021-08-30,added,TRMK,Trustmark Corp.,SYKE was acquired by Sitel Group . TRMK was moved from the S&P 400 to replace it as it was more representative of the small-cap market space. [ 183 ]
2021-09-03,removed,CORE,"Core-Mark Holding Company, Inc.",CORE was acquired by Performance Food Group. THS was moved from the S&P 400 to replace it as it was more representative of the small cap market space. [ 182 ]
2021-09-03,added,THS,TreeHouse Foods,CORE was acquired by Performance Food Group. THS was moved from the S&P 400 to replace it as it was more representative of the small cap market space. [ 182 ]
2021-09-07,removed,CBB,Cincinnati Bell,CBB was acquired by Macquarie Infrastructure and Real Assets . LGND was moved from the S&P 400 to replace it as it was more representative of the small cap market space. [ 182 ]
2021-09-07,added,LGND,Ligand Pharmaceuticals,CBB was acquired by Macquarie Infrastructure and Real Assets . LGND was moved from the S&P 400 to replace it as it was more representative of the small cap market space. [ 182 ]
2021-09-20,removed,MSTR,"MicroStrategy, Inc.",HCSG moved down from the S&P 400 and replaced MSTR which was no longer representative of the small-cap market space. [ 181 ]
2021-09-20,removed,TISI,"Team, Inc",WW moved down from the S&P 400 and replaced TISI which was no longer representative of the small-cap market space. [ 181 ]
2021-09-20,removed,UIHC,United Insurance Holdings Corp.,QURE replaced UIHC which was no longer representative of the small-cap market space. [ 181 ]
2021-09-20,added,HCSG,"Healthcare Services Group, Inc.",HCSG moved down from the S&P 400 and replaced MSTR which was no longer representative of the small-cap market space. [ 181 ]
2021-09-20,added,QURE,uniQure N.V.,QURE replaced UIHC which was no longer representative of the small-cap market space. [ 181 ]
2021-09-20,added,WW,WW International,WW moved down from the S&P 400 and replaced TISI which was no longer representative of the small-cap market space. [ 181 ]
2021-10-04,removed,LDL,"Lydall, Inc.",OPRX replaced LDL after it was acquired by Clearlake Capital . [ 179 ]
2021-10-04,removed,STMP,"Stamps.com, Inc.",SLVM was spun off from S&P 500 constituent International Paper and moved down to replace STMP which was acquired by Thoma Bravo . [ 180 ]
2021-10-04,added,OPRX,OptimizeRx Corp.,OPRX replaced LDL after it was acquired by Clearlake Capital . [ 179 ]
2021-10-04,added,SLVM,Sylvamo,SLVM was spun off from S&P 500 constituent International Paper and moved down to replace STMP which was acquired by Thoma Bravo . [ 180 ]
2021-10-11,removed,RGS,Regis Corporation,"CCSI was spun off from S&P 400 constituent J2 Global and moved down to replace RGS which was no longer representative of the small-cap market space. Post spin-off, J2 Global will remain in the S&P MidCap 400 and will change its name to Ziff Davis, Inc. [ 178 ]"
2021-10-11,added,CCSI,Consensus Cloud Solutions,"CCSI was spun off from S&P 400 constituent J2 Global and moved down to replace RGS which was no longer representative of the small-cap market space. Post spin-off, J2 Global will remain in the S&P MidCap 400 and will change its name to Ziff Davis, Inc. [ 178 ]"
2021-10-19,removed,CMO,Capstead Mortgage Corporation,"After the close of trading on October 18, 2021, CMO ceased to be publicly traded on the New York Stock Exchange . At the open of trading on October 19, 2021, the combined company will trade on the NYSE under the ticker symbol FBRT. [ 177 ]"
2021-10-19,added,FBRT,"Franklin BSP Realty Trust, Inc.","After the close of trading on October 18, 2021, CMO ceased to be publicly traded on the New York Stock Exchange . At the open of trading on October 19, 2021, the combined company will trade on the NYSE under the ticker symbol FBRT. [ 177 ]"
2021-10-22,removed,KRG,Kite Realty Group Trust,TREE moved down from the S&P 400 and swapped places with KRG which moved up. TREE has a market capitalization that is more representative of the small-cap market space. [ 176 ]
2021-10-22,removed,RPAI,Retail Properties of America,HRMY replaced RPAI after it was acquired by Kite Realty Group Trust. [ 176 ]
2021-10-22,added,HRMY,Harmony Biosciences,HRMY replaced RPAI after it was acquired by Kite Realty Group Trust. [ 176 ]
2021-10-22,added,TREE,LendingTree,TREE moved down from the S&P 400 and swapped places with KRG which moved up. TREE has a market capitalization that is more representative of the small-cap market space. [ 176 ]
2021-10-29,removed,CADE,Cadence Bank,CDMO replaced CADE after it was acquired by BancorpSouth . [ 175 ]
2021-10-29,added,CDMO,Avid Biosciences,CDMO replaced CADE after it was acquired by BancorpSouth . [ 175 ]
2021-11-05,removed,IVC,Invacare Corporation,NTCT moved down from the S&P 400 and replaced IVC which was no longer representative of the small-cap market space. [ 174 ]
2021-11-05,added,NTCT,NetScout Systems,NTCT moved down from the S&P 400 and replaced IVC which was no longer representative of the small-cap market space. [ 174 ]
2021-11-09,removed,AAOI,Applied Optoelectronics,LYLT was spun off from Alliance Data and moved down to replace AAOI which was no longer representative of the small-cap market space. [ 173 ]
2021-11-09,added,LYLT,Loyalty Ventures,LYLT was spun off from Alliance Data and moved down to replace AAOI which was no longer representative of the small-cap market space. [ 173 ]
2021-11-16,removed,DAKT,"Daktronics, Inc.",ONL was spun off from Realty Income and moved down to replace DAKT which was no longer representative of the small-cap market space. [ 172 ]
2021-11-16,added,ONL,Orion Office REIT,ONL was spun off from Realty Income and moved down to replace DAKT which was no longer representative of the small-cap market space. [ 172 ]
2021-11-24,removed,ECHO,Echo Global Logistics,THRY replaced ECHO after it was acquired by The Jordan Company. [ 171 ]
2021-11-24,added,THRY,Thryv,THRY replaced ECHO after it was acquired by The Jordan Company. [ 171 ]
2021-11-25,removed,BCEI,,"derived from wiki revision diff (rev 1057095763 @ 2021-11-25, prev 2021-10-27)"
2021-11-25,added,CIVI,,"derived from wiki revision diff (rev 1057095763 @ 2021-11-25, prev 2021-10-27)"
2021-11-30,removed,UFS,Domtar Corp.,UFS was acquired by Paper Excellence. EBS was moved from the S&P 400 to replace it as it was more representative of the small cap market space. [ 170 ]
2021-11-30,added,EBS,Emergent BioSolutions,UFS was acquired by Paper Excellence. EBS was moved from the S&P 400 to replace it as it was more representative of the small cap market space. [ 170 ]
2021-12-02,removed,DSPG,DSP Group,"CARS replaced DSPG after it was acquired by Synaptics, Inc. [ 169 ]"
2021-12-02,removed,MDP,Meredith Corporation,MDP was acquired in a two-step transaction by Gray Television and Dotdash . KAR was moved from the S&P 400 to replace it as it was more representative of the small cap market space. [ 169 ]
2021-12-02,removed,RAVN,Raven Industries,NVEE replaced RAVN after it was acquired by CNH Industrial . [ 169 ]
2021-12-02,added,CARS,Cars.com,"CARS replaced DSPG after it was acquired by Synaptics, Inc. [ 169 ]"
2021-12-02,added,KAR,KAR Auction Services,MDP was acquired in a two-step transaction by Gray Television and Dotdash . KAR was moved from the S&P 400 to replace it as it was more representative of the small cap market space. [ 169 ]
2021-12-02,added,NVEE,NV5 Global,NVEE replaced RAVN after it was acquired by CNH Industrial . [ 169 ]
2021-12-20,removed,M,"Macy's, Inc.",TR moved down from the S&P 400 and swapped places with M which moved up. [ 168 ]
2021-12-20,removed,POWI,Power Integrations,NKTR moved down from the S&P 400 and swapped places with POWI which moved up. [ 168 ]
2021-12-20,removed,VICR,Vicor Corporation,TDS moved down from the S&P 400 and swapped places with VICR which moved up. [ 168 ]
2021-12-20,added,NKTR,Nektar Therapeutics,NKTR moved down from the S&P 400 and swapped places with POWI which moved up. [ 168 ]
2021-12-20,added,TDS,Telephone and Data Systems,TDS moved down from the S&P 400 and swapped places with VICR which moved up. [ 168 ]
2021-12-20,added,TR,Tootsie Roll Industries,TR moved down from the S&P 400 and swapped places with M which moved up. [ 168 ]
2021-12-22,removed,CLI,,"derived from wiki revision diff (rev 1061579576 @ 2021-12-22, prev 2021-11-25)"
2021-12-22,added,VRE,,"derived from wiki revision diff (rev 1061579576 @ 2021-12-22, prev 2021-11-25)"
2021-12-30,removed,MTRX,Matrix Service Company,"DOUG was spun off from S&P 600 constituent Vector Group and replaced MTRX which was no longer representative of the small-cap market space. Post spin-off, Vector Group remained in the S&P 600. [ 167 ]"
2021-12-30,added,DOUG,Douglas Elliman,"DOUG was spun off from S&P 600 constituent Vector Group and replaced MTRX which was no longer representative of the small-cap market space. Post spin-off, Vector Group remained in the S&P 600. [ 167 ]"
2022-01-05,removed,MGLN,Magellan Health,ITOS replaced MGLN after it was acquired by S&P 500 constituent Centene Corporation . [ 166 ]
2022-01-05,added,ITOS,iTeos Therapeutics,ITOS replaced MGLN after it was acquired by S&P 500 constituent Centene Corporation . [ 166 ]
2022-01-25,removed,CRY,,"derived from wiki revision diff (rev 1067905484 @ 2022-01-25, prev 2021-12-22)"
2022-01-25,added,AORT,,"derived from wiki revision diff (rev 1067905484 @ 2022-01-25, prev 2021-12-22)"
2022-02-01,removed,GWB,"Great Western Bancorp, Inc.",GWB was acquired by First Interstate BancSystem . CMP was moved from the S&P 400 to replace it as it was more representative of the small-cap market space. [ 165 ]
2022-02-01,removed,WTS,Watts Water Technologies,TWNK replaced WTS which replaced Sterling Bancorp in the S&P 400 after it was acquired by Webster Bank . [ 165 ]
2022-02-01,added,CMP,Compass Minerals,GWB was acquired by First Interstate BancSystem . CMP was moved from the S&P 400 to replace it as it was more representative of the small-cap market space. [ 165 ]
2022-02-01,added,TWNK,Hostess Brands,TWNK replaced WTS which replaced Sterling Bancorp in the S&P 400 after it was acquired by Webster Bank . [ 165 ]
2022-02-03,removed,SPPI,Spectrum Pharmaceuticals,JACK was moved from the S&P 400 to replace SPPI which was no longer representative of the small-cap market space. [ 165 ]
2022-02-03,added,JACK,Jack in the Box,JACK was moved from the S&P 400 to replace SPPI which was no longer representative of the small-cap market space. [ 165 ]
2022-02-15,removed,PDCE,"PDC Energy, Inc.",XPEL replaced PDCE which replaced Nordson Corporation in the S&P 400 after it was moved to the S&P 500. [ 164 ]
2022-02-15,added,XPEL,"XPEL, Inc.",XPEL replaced PDCE which replaced Nordson Corporation in the S&P 400 after it was moved to the S&P 500. [ 164 ]
2022-02-18,removed,FMBI,First Midwest Bancorp,CRSR replaced FMBI after it was acquired by Old National Bancorp . [ 163 ]
2022-02-18,removed,ONB,Old National Bancorp,"UE moved down from the S&P 400 and swapped places with ONB which moved up. ONB acquired First Midwest Bancorp and post-merger, ONB was more representative of the mid-cap market space. UE is more representative of the small-cap market space. [ 163 ]"
2022-02-18,removed,PVAC,,"derived from wiki revision diff (rev 1072585161 @ 2022-02-18, prev 2022-01-25)"
2022-02-18,added,CRSR,Corsair Gaming,CRSR replaced FMBI after it was acquired by Old National Bancorp . [ 163 ]
2022-02-18,added,ROCC,,"derived from wiki revision diff (rev 1072585161 @ 2022-02-18, prev 2022-01-25)"
2022-02-18,added,UE,Urban Edge Properties,"UE moved down from the S&P 400 and swapped places with ONB which moved up. ONB acquired First Midwest Bancorp and post-merger, ONB was more representative of the mid-cap market space. UE is more representative of the small-cap market space. [ 163 ]"
2022-03-02,removed,RRC,Range Resources,GDEN replaced RRC which replaced Molina Healthcare in the S&P 400 after it was moved to the S&P 500. [ 161 ]
2022-03-02,removed,TRHC,Tabula Rasa HealthCare,ZIMV was spun off from S&P 500 constituent Zimmer Biomet and replaced TRHC which was no longer representative of the small-cap market space. [ 162 ]
2022-03-02,added,GDEN,Golden Entertainment,GDEN replaced RRC which replaced Molina Healthcare in the S&P 400 after it was moved to the S&P 500. [ 161 ]
2022-03-02,added,ZIMV,ZimVie,ZIMV was spun off from S&P 500 constituent Zimmer Biomet and replaced TRHC which was no longer representative of the small-cap market space. [ 162 ]
2022-03-14,removed,CPS,"Cooper-Standard Holdings, Inc.",CRNC was moved from the S&P 400 to replace CPS which was no longer representative of the small-cap market space. [ 160 ]
2022-03-14,added,CRNC,Cerence,CRNC was moved from the S&P 400 to replace CPS which was no longer representative of the small-cap market space. [ 160 ]
2022-03-16,removed,KRA,Kraton,"ASO replaced KRA after it was acquired by DL Chemical Co., Ltd. [ 159 ]"
2022-03-16,added,ASO,Academy Sports + Outdoors,"ASO replaced KRA after it was acquired by DL Chemical Co., Ltd. [ 159 ]"
2022-03-30,removed,GTLS,"Chart Industries, Inc.",SONO replaced GTLS which replaced CyrusOne in the S&P 400 after it was acquired by Kohlberg Kravis Roberts and Global Infrastructure Partners . [ 158 ]
2022-03-30,added,SONO,Sonos,SONO replaced GTLS which replaced CyrusOne in the S&P 400 after it was acquired by Kohlberg Kravis Roberts and Global Infrastructure Partners . [ 158 ]
2022-04-04,removed,BNED,"Barnes & Noble Education, Inc.","EMBC was spun off from S&P 500 constituent Becton, Dickinson and Company and replaced BNED which was no longer representative of the small-cap market space. [ 158 ]"
2022-04-04,removed,MTDR,Matador Resources,VIR replaced MTDR which replaced Camden Property Trust in the S&P 400 after it was moved to the S&P 500 . [ 157 ]
2022-04-04,added,EMBC,Embecta Corp.,"EMBC was spun off from S&P 500 constituent Becton, Dickinson and Company and replaced BNED which was no longer representative of the small-cap market space. [ 158 ]"
2022-04-04,added,VIR,Vir Biotechnology,VIR replaced MTDR which replaced Camden Property Trust in the S&P 400 after it was moved to the S&P 500 . [ 157 ]
2022-04-06,removed,FRGI,Fiesta Restaurant Group,PRG was moved from the S&P 400 to replace FRGI which was no longer representative of the small-cap market space. [ 156 ]
2022-04-06,added,PRG,PROG Holdings,PRG was moved from the S&P 400 to replace FRGI which was no longer representative of the small-cap market space. [ 156 ]
2022-04-07,removed,ISBC,"Investors Bancorp, Inc.",RCUS replaced ISBC after it was acquired by Citizens Financial Group . [ 155 ]
2022-04-07,added,RCUS,Arcus Biosciences,RCUS replaced ISBC after it was acquired by Citizens Financial Group . [ 155 ]
2022-04-08,removed,FLOW,"SPX FLOW, Inc.",GOGO replaced FLOW after it was acquired by Lone Star Funds . [ 154 ]
2022-04-08,added,GOGO,"Gogo, Inc.",GOGO replaced FLOW after it was acquired by Lone Star Funds . [ 154 ]
2022-04-26,removed,FOE,Ferro Corporation,"ATEN replaced FOE after it was acquired by Prince International Corp., a portfolio company of American Securities LLC . [ 153 ]"
2022-04-26,added,ATEN,A10 Networks,"ATEN replaced FOE after it was acquired by Prince International Corp., a portfolio company of American Securities LLC . [ 153 ]"
2022-05-03,removed,ECOL,US Ecology,ECOL was acquired by Republic Services . TPH was moved from the S&P 400 to replace it as it was more representative of the small cap market space. [ 152 ]
2022-05-03,added,TPH,Tri Pointe Homes,ECOL was acquired by Republic Services . TPH was moved from the S&P 400 to replace it as it was more representative of the small cap market space. [ 152 ]
2022-05-17,removed,EPAY,Bottomline Technologies,DVAX replaced EPAY after it was acquired by Thoma Bravo . [ 151 ]
2022-05-17,added,DVAX,Dynavax Technologies,DVAX replaced EPAY after it was acquired by Thoma Bravo . [ 151 ]
2022-05-19,removed,IRT,Independence Realty Trust,"AOSL replaced IRT which replaced Mimecast in the S&P 400 after it was acquired by Permira Holdings, Inc . [ 151 ]"
2022-05-19,added,AOSL,Alpha and Omega Semiconductor,"AOSL replaced IRT which replaced Mimecast in the S&P 400 after it was acquired by Permira Holdings, Inc . [ 151 ]"
2022-06-16,removed,REGI,Renewable Energy Group,EYE replaced REGI after it was acquired by Chevron Corporation . [ 150 ]
2022-06-16,added,EYE,National Vision Holdings,EYE replaced REGI after it was acquired by Chevron Corporation . [ 150 ]
2022-06-21,removed,ENDP,Endo International,TRN was moved from the S&P 400 as it was more representative of the small cap market space. ENDP was removed from the S&P 600 as it was no longer representative of the small-cap market space. [ 149 ]
2022-06-21,removed,GHL,Greenhill & Co.,IRWD replaced GHL which was no longer representative of the small-cap market space. [ 149 ]
2022-06-21,removed,RRGB,Red Robin,YELP was moved from the S&P 400 as it was more representative of the small cap market space. RRGB was removed from the S&P 600 as it was no longer representative of the small-cap market space. [ 149 ]
2022-06-21,removed,TCMD,Tactile Systems Technology,URBN was moved from the S&P 400 as it was more representative of the small cap market space. TCMD was removed from the S&P 600 as it was no longer representative of the small-cap market space. [ 149 ]
2022-06-21,removed,VRA,Vera Bradley,RAMP was moved from the S&P 400 as it was more representative of the small cap market space. VRA was removed from the S&P 600 as it was no longer representative of the small-cap market space. [ 149 ]
2022-06-21,added,IRWD,Ironwood Pharmaceuticals,IRWD replaced GHL which was no longer representative of the small-cap market space. [ 149 ]
2022-06-21,added,RAMP,LiveRamp,RAMP was moved from the S&P 400 as it was more representative of the small cap market space. VRA was removed from the S&P 600 as it was no longer representative of the small-cap market space. [ 149 ]
2022-06-21,added,TRN,Trinity Industries,TRN was moved from the S&P 400 as it was more representative of the small cap market space. ENDP was removed from the S&P 600 as it was no longer representative of the small-cap market space. [ 149 ]
2022-06-21,added,URBN,Urban Outfitters,URBN was moved from the S&P 400 as it was more representative of the small cap market space. TCMD was removed from the S&P 600 as it was no longer representative of the small-cap market space. [ 149 ]
2022-06-21,added,YELP,Yelp,YELP was moved from the S&P 400 as it was more representative of the small cap market space. RRGB was removed from the S&P 600 as it was no longer representative of the small-cap market space. [ 149 ]
2022-06-29,removed,TVTY,Tivity Health,TVTY was acquired by Stone Point Capital LLC. APPS was moved from the S&P 400 to replace it as it was more representative of the small cap market space. [ 148 ]
2022-06-29,added,APPS,Digital Turbine,TVTY was acquired by Stone Point Capital LLC. APPS was moved from the S&P 400 to replace it as it was more representative of the small cap market space. [ 148 ]
2022-07-05,removed,LYLT,Loyalty Ventures,EHAB was spun off from S&P 400 constituent Encompass Health and replaced LYLT which was no longer representative of the small-cap market space. [ 147 ]
2022-07-05,removed,NP,"Neenah, Inc.","SNCY replaced NP after it was acquired by Schweitzer- Mauduit International, Inc. [ 147 ]"
2022-07-05,removed,OMCL,Omnicell,"LRN replaced OMCL which replaced Coherent, Inc. in the S&P 400 after it was acquired by II-VI Incorporated . [ 147 ]"
2022-07-05,added,EHAB,"Enhabit, Inc.",EHAB was spun off from S&P 400 constituent Encompass Health and replaced LYLT which was no longer representative of the small-cap market space. [ 147 ]
2022-07-05,added,LRN,"Stride, Inc.","LRN replaced OMCL which replaced Coherent, Inc. in the S&P 400 after it was acquired by II-VI Incorporated . [ 147 ]"
2022-07-05,added,SNCY,Sun Country Airlines,"SNCY replaced NP after it was acquired by Schweitzer- Mauduit International, Inc. [ 147 ]"
2022-07-06,removed,SWN,Southwestern Energy,FTDR replaced SWN which replaced CDK Global in the S&P 400 after it was acquired by Brookfield Business Partners . [ 147 ]
2022-07-06,added,FTDR,"Frontdoor, Inc.",FTDR replaced SWN which replaced CDK Global in the S&P 400 after it was acquired by Brookfield Business Partners . [ 147 ]
2022-07-20,removed,COKE,Coca-Cola Bottling Co. Consolidated,GRBK replaced COKE which replaced PS Business Parks in the S&P 400 after it was acquired by Blackstone Inc. [ 146 ]
2022-07-20,added,GRBK,Green Brick Partners,GRBK replaced COKE which replaced PS Business Parks in the S&P 400 after it was acquired by Blackstone Inc. [ 146 ]
2022-07-21,removed,VG,Vonage,SHO replaced VG after it was acquired by Ericsson . [ 145 ]
2022-07-21,added,SHO,Sunstone Hotel Investors,SHO replaced VG after it was acquired by Ericsson . [ 145 ]
2022-07-26,removed,NTUS,Natus Medical,NTUS was acquired by Archimed. SIX was moved from the S&P 400 to replace it as it was more representative of the small cap market space. [ 144 ]
2022-07-26,added,SIX,Six Flags,NTUS was acquired by Archimed. SIX was moved from the S&P 400 to replace it as it was more representative of the small cap market space. [ 144 ]
2022-07-27,removed,RLGY,,"derived from wiki revision diff (rev 1100775650 @ 2022-07-27, prev 2022-06-22)"
2022-07-27,added,HOUS,,"derived from wiki revision diff (rev 1100775650 @ 2022-07-27, prev 2022-06-22)"
2022-08-04,removed,MTOR,Meritor,AHCO replaced MTOR after it was acquired by Cummins . [ 143 ]
2022-08-04,added,AHCO,AdaptHealth,AHCO replaced MTOR after it was acquired by Cummins . [ 143 ]
2022-08-10,removed,CELH,Celsius Holdings,CLFD replaced CELH which replaced American Campus Communities in the S&P 400 after it was acquired by Blackstone Inc. [ 142 ]
2022-08-10,added,CLFD,Clearfield,CLFD replaced CELH which replaced American Campus Communities in the S&P 400 after it was acquired by Blackstone Inc. [ 142 ]
2022-09-01,removed,POLY,Plantronics,AVID replaced POLY after it was acquired by HP Inc. [ 141 ]
2022-09-01,added,AVID,Avid Technology,AVID replaced POLY after it was acquired by HP Inc. [ 141 ]
2022-09-15,removed,MANT,ManTech International,CPRX replaced MANT after it was acquired by The Carlyle Group . [ 140 ]
2022-09-15,added,CPRX,Catalyst Pharmaceuticals,CPRX replaced MANT after it was acquired by The Carlyle Group . [ 140 ]
2022-09-19,removed,APEI,American Public Education,HPP was moved from the S&P 400 as it was more representative of the small cap market space. APEI was removed from the S&P 600 as it was no longer representative of the small-cap market space. [ 139 ]
2022-09-19,removed,CAMP,CalAmp,AEO was moved from the S&P 400 as it was more representative of the small cap market space. CAMP was removed from the S&P 600 as it was no longer representative of the small-cap market space. [ 139 ]
2022-09-19,removed,EHTH,eHealth,MCY was moved from the S&P 400 as it was more representative of the small cap market space. EHTH was removed from the S&P 600 as it was no longer representative of the small-cap market space. [ 139 ]
2022-09-19,removed,FOSL,Fossil Group,OUT was moved from the S&P 400 as it was more representative of the small cap market space. FOSL was removed from the S&P 600 as it was no longer representative of the small-cap market space. [ 139 ]
2022-09-19,removed,GLT,Glatfelter,MTX was moved from the S&P 400 as it was more representative of the small cap market space. GLT was removed from the S&P 600 as it was no longer representative of the small-cap market space. [ 139 ]
2022-09-19,added,AEO,American Eagle Outfitters,AEO was moved from the S&P 400 as it was more representative of the small cap market space. CAMP was removed from the S&P 600 as it was no longer representative of the small-cap market space. [ 139 ]
2022-09-19,added,HPP,Hudson Pacific Properties,HPP was moved from the S&P 400 as it was more representative of the small cap market space. APEI was removed from the S&P 600 as it was no longer representative of the small-cap market space. [ 139 ]
2022-09-19,added,MCY,Mercury General,MCY was moved from the S&P 400 as it was more representative of the small cap market space. EHTH was removed from the S&P 600 as it was no longer representative of the small-cap market space. [ 139 ]
2022-09-19,added,MTX,Minerals Technology,MTX was moved from the S&P 400 as it was more representative of the small cap market space. GLT was removed from the S&P 600 as it was no longer representative of the small-cap market space. [ 139 ]
2022-09-19,added,OUT,Outfront Media,OUT was moved from the S&P 400 as it was more representative of the small cap market space. FOSL was removed from the S&P 600 as it was no longer representative of the small-cap market space. [ 139 ]
2022-09-28,removed,GCP,GCP Applied Technologies,LESL replaced GCP after it was acquired by Compagnie de Saint-Gobain S.A. [ 138 ]
2022-09-28,added,LESL,Leslie's,LESL replaced GCP after it was acquired by Compagnie de Saint-Gobain S.A. [ 138 ]
2022-10-03,removed,ABTX,Allegiance Bancshares,"ABTX was acquired by CBTX, Inc. and post merger the combined company changed its name and ticker symbol to Stellar Bancorp ( Nasdaq : STEL ). [ 138 ]"
2022-10-03,removed,EXLS,EXL Service Holdings,MCW replaced EXLS which replaced EQT Corp. in the S&P 400 after it was moved to the S&P 500. [ 138 ]
2022-10-03,removed,HNGR,"Hanger, Inc.","HNGR was acquired by Patient Square Capital, LP. HAIN was moved from the S&P 400 to replace it as it was more representative of the small cap market space. [ 137 ]"
2022-10-03,removed,SLQT,SelectQuote,Xperi Holding Corporation spun off Xperi Incorporated. Post spin off both companies remained in the S&P 600 but Xperi Holding Corporation was renamed to Adeia Incorporated ( Nasdaq : ADEA ). SLQT was removed from the S&P 600 as it was no longer representative of the small-cap market space. [ 138 ]
2022-10-03,added,HAIN,Hain Celestial Group,"HNGR was acquired by Patient Square Capital, LP. HAIN was moved from the S&P 400 to replace it as it was more representative of the small cap market space. [ 137 ]"
2022-10-03,added,MCW,Mister Car Wash,MCW replaced EXLS which replaced EQT Corp. in the S&P 400 after it was moved to the S&P 500. [ 138 ]
2022-10-03,added,STEL,Stellar Bancorp,"ABTX was acquired by CBTX, Inc. and post merger the combined company changed its name and ticker symbol to Stellar Bancorp ( Nasdaq : STEL ). [ 138 ]"
2022-10-12,removed,LNTH,Lantheus Holdings,PAYO replaced LNTH which replaced Targa Resources in the S&P 400 after it was moved to the S&P 500 . [ 136 ]
2022-10-12,added,PAYO,Payoneer,PAYO replaced LNTH which replaced Targa Resources in the S&P 400 after it was moved to the S&P 500 . [ 136 ]
2022-10-18,removed,CVET,Covetrus,"CVET was acquired by Clayton, Dubilier & Rice . MLKN was moved from the S&P 400 to replace it as it was more representative of the small cap market space. [ 135 ]"
2022-10-18,added,MLKN,MillerKnoll,"CVET was acquired by Clayton, Dubilier & Rice . MLKN was moved from the S&P 400 to replace it as it was more representative of the small cap market space. [ 135 ]"
2022-10-19,added,ADEA,,"derived from wiki revision diff (rev 1116977829 @ 2022-10-19, prev 2022-09-29)"
2022-11-02,removed,UFI,Unifi,BFH was moved from the S&P 400 as it was more representative of the small cap market space. UFI was removed from the S&P 600 as it was no longer representative of the small-cap market space. [ 134 ]
2022-11-02,added,BFH,Bread Financial,BFH was moved from the S&P 400 as it was more representative of the small cap market space. UFI was removed from the S&P 600 as it was no longer representative of the small-cap market space. [ 134 ]
2022-12-01,removed,FBC,Flagstar Bancorp,FBC was acquired by New York Community Bancorp . SABR was moved from the S&P 400 to replace it as it was more representative of the small cap market space. [ 133 ]
2022-12-01,removed,PBF,PBF Energy,NUS was moved from the S&P 400 as it was more representative of the small cap market space. PBF was removed from the S&P 600 as it was no longer representative of the small-cap market space. [ 133 ]
2022-12-01,added,NUS,Nu Skin Enterprises,NUS was moved from the S&P 400 as it was more representative of the small cap market space. PBF was removed from the S&P 600 as it was no longer representative of the small-cap market space. [ 133 ]
2022-12-01,added,SABR,Sabre Corporation,FBC was acquired by New York Community Bancorp . SABR was moved from the S&P 400 to replace it as it was more representative of the small cap market space. [ 133 ]
2022-12-19,removed,CATO,Cato Corporation,SJW was moved from the S&P 400 as it was more representative of the small cap market space. CATO was removed from the S&P 600 as it was no longer representative of the small-cap market space. [ 132 ]
2022-12-19,removed,CONN,Conn's,MBC was spun off from Fortune Brands Innovations and replaced CONN which was no longer representative of the small-cap market space. [ 131 ]
2022-12-19,removed,DBD,Diebold Nixdorf,CWK was moved from the S&P 400 as it was more representative of the small cap market space. DBD was removed from the S&P 600 as it was no longer representative of the small-cap market space. [ 132 ]
2022-12-19,removed,DHC,Diversified Healthcare Trust,SMTC was moved from the S&P 400 as it was more representative of the small cap market space. DHC was removed from the S&P 600 as it was no longer representative of the small-cap market space. [ 132 ]
2022-12-19,removed,LL,LL Flooring,AGTI was moved from the S&P 400 as it was more representative of the small cap market space. LL was removed from the S&P 600 as it was no longer representative of the small-cap market space. [ 132 ]
2022-12-19,removed,TUP,Tupperware Brands,NUVA was moved from the S&P 400 as it was more representative of the small cap market space. TUP was removed from the S&P 600 as it was no longer representative of the small-cap market space. [ 132 ]
2022-12-19,added,AGTI,Agiliti,AGTI was moved from the S&P 400 as it was more representative of the small cap market space. LL was removed from the S&P 600 as it was no longer representative of the small-cap market space. [ 132 ]
2022-12-19,added,CWK,Cushman & Wakefield,CWK was moved from the S&P 400 as it was more representative of the small cap market space. DBD was removed from the S&P 600 as it was no longer representative of the small-cap market space. [ 132 ]
2022-12-19,added,MBC,MasterBrand,MBC was spun off from Fortune Brands Innovations and replaced CONN which was no longer representative of the small-cap market space. [ 131 ]
2022-12-19,added,NUVA,NuVasive,NUVA was moved from the S&P 400 as it was more representative of the small cap market space. TUP was removed from the S&P 600 as it was no longer representative of the small-cap market space. [ 132 ]
2022-12-19,added,SJW,SJW Group,SJW was moved from the S&P 400 as it was more representative of the small cap market space. CATO was removed from the S&P 600 as it was no longer representative of the small-cap market space. [ 132 ]
2022-12-19,added,SMTC,Semtech,SMTC was moved from the S&P 400 as it was more representative of the small cap market space. DHC was removed from the S&P 600 as it was no longer representative of the small-cap market space. [ 132 ]
2023-01-05,removed,JYNT,The Joint Corp.,RXO was moved from the S&P 400 as it was more representative of the small cap market space. JYNT was removed from the S&P 600 as it was no longer representative of the small-cap market space. [ 130 ]
2023-01-05,added,RXO,RXO,RXO was moved from the S&P 400 as it was more representative of the small cap market space. JYNT was removed from the S&P 600 as it was no longer representative of the small-cap market space. [ 130 ]
2023-01-31,removed,VIVO,Meridian Bioscience,DV replaced VIVO after it was acquired by SD Biosensor. [ 129 ]
2023-01-31,added,DV,DoubleVerify,DV replaced VIVO after it was acquired by SD Biosensor. [ 129 ]
2023-02-02,removed,SJI,South Jersey Industries,NOG replaced SJI after it was acquired by Infrastructure Investments Fund. [ 128 ]
2023-02-02,added,NOG,Northern Oil and Gas,NOG replaced SJI after it was acquired by Infrastructure Investments Fund. [ 128 ]
2023-02-06,removed,ADC,Agree Realty Corp.,CRK replaced ADC which replaced Store Capital in the S&P 400 after it was acquired by GIC and Oak Street . [ 127 ]
2023-02-06,added,CRK,Comstock Resources,CRK replaced ADC which replaced Store Capital in the S&P 400 after it was acquired by GIC and Oak Street . [ 127 ]
2023-02-23,removed,UFPI,UFP Industries,"OTTR replaced UFP which replaced LHC Group, Inc. in the S&P 400 after it was acquired by UnitedHealth Group . [ 126 ]"
2023-02-23,added,OTTR,Otter Tail Corporation,"OTTR replaced UFP which replaced LHC Group, Inc. in the S&P 400 after it was acquired by UnitedHealth Group . [ 126 ]"
2023-02-24,removed,BCOR,,"derived from wiki revision diff (rev 1141366050 @ 2023-02-24, prev 2023-01-31)"
2023-02-24,added,AVTA,,"derived from wiki revision diff (rev 1141366050 @ 2023-02-24, prev 2023-01-31)"
2023-03-01,removed,COLB,Columbia Banking System,"VRRM replaced COLB which replaced Umpqua Holdings Corporation in the S&P 400. COLB acquired Umpqua Holdings and post-merger, COLB market cap was more representative of the mid-cap market space. [ 125 ]"
2023-03-01,added,VRRM,Verra Mobility,"VRRM replaced COLB which replaced Umpqua Holdings Corporation in the S&P 400. COLB acquired Umpqua Holdings and post-merger, COLB market cap was more representative of the mid-cap market space. [ 125 ]"
2023-03-20,removed,BBBY,Bed Bath & Beyond,LUMN was moved from the S&P 500 as it was more representative of the small cap market space. BBBY was removed from the S&P 600 as it was no longer representative of the small-cap market space. [ 124 ]
2023-03-20,removed,FSP,Franklin Street Properties Corp.,AUB replaced FSB which was no longer representative of the small-cap market space. [ 124 ]
2023-03-20,removed,GPMT,Granite Point Mortgage Trust,JBGS was moved from the S&P 400 as it was more representative of the small cap market space. GPMT was removed from the S&P 600 as it was no longer representative of the small-cap market space. [ 124 ]
2023-03-20,removed,HT,Hersha Hospitality Trust,DY was moved from the S&P 400 as it was more representative of the small cap market space. HT was removed from the S&P 600 as it was no longer representative of the small-cap market space. [ 124 ]
2023-03-20,removed,ILPT,Industrial Logistics Properties Trust,PEB was moved from the S&P 400 as it was more representative of the small cap market space. ILPT was removed from the S&P 600 as it was no longer representative of the small-cap market space. [ 124 ]
2023-03-20,removed,MPAA,Motorcar Parts of America,NEX replaced MPAA which was no longer representative of the small-cap market space. [ 124 ]
2023-03-20,removed,OPRX,OptimizeRx,HBI was moved from the S&P 400 as it was more representative of the small cap market space. OPRX was removed from the S&P 600 as it was no longer representative of the small-cap market space. [ 124 ]
2023-03-20,removed,ORGO,Organogenesis,VSAT was moved from the S&P 400 as it was more representative of the small cap market space. ORGO was removed from the S&P 600 as it was no longer representative of the small-cap market space. [ 124 ]
2023-03-20,removed,PKE,Park Aerospace Corp,KMT was moved from the S&P 400 as it was more representative of the small cap market space. PKE was removed from the S&P 600 as it was no longer representative of the small-cap market space. [ 124 ]
2023-03-20,removed,PNTG,Pennant Group,SLG was moved from the S&P 400 as it was more representative of the small cap market space. PNTG was removed from the S&P 600 as it was no longer representative of the small-cap market space. [ 124 ]
2023-03-20,removed,SRDX,Surmodics,WAFD was moved from the S&P 400 as it was more representative of the small cap market space. SRDX was removed from the S&P 600 as it was no longer representative of the small-cap market space. [ 124 ]
2023-03-20,removed,UEIC,Universal Electronics Inc,RDN replaced UEIC which was no longer representative of the small-cap market space. [ 124 ]
2023-03-20,removed,UIS,Unisys,CBRL was moved from the S&P 400 as it was more representative of the small cap market space. UIS was removed from the S&P 600 as it was no longer representative of the small-cap market space. [ 124 ]
2023-03-20,removed,WW,WW International,KW replaced WW which was no longer representative of the small-cap market space. [ 124 ]
2023-03-20,removed,ZIMV,ZimVie,TNDM was moved from the S&P 400 as it was more representative of the small cap market space. ZIMV was removed from the S&P 600 as it was no longer representative of the small-cap market space. [ 124 ]
2023-03-20,added,AUB,Atlantic Union Bank,AUB replaced FSB which was no longer representative of the small-cap market space. [ 124 ]
2023-03-20,added,CBRL,Cracker Barrel,CBRL was moved from the S&P 400 as it was more representative of the small cap market space. UIS was removed from the S&P 600 as it was no longer representative of the small-cap market space. [ 124 ]
2023-03-20,added,DY,Dycom Industries,DY was moved from the S&P 400 as it was more representative of the small cap market space. HT was removed from the S&P 600 as it was no longer representative of the small-cap market space. [ 124 ]
2023-03-20,added,HBI,Hanesbrands,HBI was moved from the S&P 400 as it was more representative of the small cap market space. OPRX was removed from the S&P 600 as it was no longer representative of the small-cap market space. [ 124 ]
2023-03-20,added,JBGS,JBG Smith,JBGS was moved from the S&P 400 as it was more representative of the small cap market space. GPMT was removed from the S&P 600 as it was no longer representative of the small-cap market space. [ 124 ]
2023-03-20,added,KMT,Kennametal,KMT was moved from the S&P 400 as it was more representative of the small cap market space. PKE was removed from the S&P 600 as it was no longer representative of the small-cap market space. [ 124 ]
2023-03-20,added,KW,Kennedy Wilson,KW replaced WW which was no longer representative of the small-cap market space. [ 124 ]
2023-03-20,added,LUMN,Lumen Technologies,LUMN was moved from the S&P 500 as it was more representative of the small cap market space. BBBY was removed from the S&P 600 as it was no longer representative of the small-cap market space. [ 124 ]
2023-03-20,added,NEX,NexTier Oilfield Solutions,NEX replaced MPAA which was no longer representative of the small-cap market space. [ 124 ]
2023-03-20,added,PEB,Pebblebrook Hotel Trust,PEB was moved from the S&P 400 as it was more representative of the small cap market space. ILPT was removed from the S&P 600 as it was no longer representative of the small-cap market space. [ 124 ]
2023-03-20,added,RDN,Radian Group,RDN replaced UEIC which was no longer representative of the small-cap market space. [ 124 ]
2023-03-20,added,SLG,SL Green Realty,SLG was moved from the S&P 400 as it was more representative of the small cap market space. PNTG was removed from the S&P 600 as it was no longer representative of the small-cap market space. [ 124 ]
2023-03-20,added,TNDM,Tandem Diabetes Care,TNDM was moved from the S&P 400 as it was more representative of the small cap market space. ZIMV was removed from the S&P 600 as it was no longer representative of the small-cap market space. [ 124 ]
2023-03-20,added,VSAT,Viasat,VSAT was moved from the S&P 400 as it was more representative of the small cap market space. ORGO was removed from the S&P 600 as it was no longer representative of the small-cap market space. [ 124 ]
2023-03-20,added,WAFD,"WaFd, Inc.",WAFD was moved from the S&P 400 as it was more representative of the small cap market space. SRDX was removed from the S&P 600 as it was no longer representative of the small-cap market space. [ 124 ]
2023-03-21,removed,AAWW,Atlas Air Worldwide Holdings,CVI replaced AAWW after it was acquired by Apollo Global Management . [ 123 ]
2023-03-21,added,CVI,CVR Energy,CVI replaced AAWW after it was acquired by Apollo Global Management . [ 123 ]
2023-03-22,removed,EXPO,Exponent,"CERT replaced EXPO which replaced IAA, Inc. in the S&P 400 after it was acquired by Ritchie Bros. Auctioneers . [ 123 ]"
2023-03-22,added,CERT,Certara,"CERT replaced EXPO which replaced IAA, Inc. in the S&P 400 after it was acquired by Ritchie Bros. Auctioneers . [ 123 ]"
2023-04-03,removed,STAR,iStar,"NABL replaced STAR after it was acquired by Safehold, Inc. [ 122 ]"
2023-04-03,added,NABL,N-able,"NABL replaced STAR after it was acquired by Safehold, Inc. [ 122 ]"
2023-04-05,removed,NKTR,Nektar Therapeutics,PACW was moved from the S&P 400 as it was more representative of the small cap market space. NKTR was removed from the S&P 600 as it was no longer representative of the small-cap market space. [ 121 ]
2023-04-05,added,PACW,PacWest Bancorp,PACW was moved from the S&P 400 as it was more representative of the small cap market space. NKTR was removed from the S&P 600 as it was no longer representative of the small-cap market space. [ 121 ]
2023-05-01,removed,CSII,Cardiovascular Systems,CTKB replaced CSII after it was acquired by Abbott Laboratories . [ 120 ]
2023-05-01,added,CTKB,Cytek Biosciences,CTKB replaced CSII after it was acquired by Abbott Laboratories . [ 120 ]
2023-06-01,removed,HMST,HomeStreet Bank,BOH was moved from the S&P 400 as it was more representative of the small cap market space. HMST was removed from the S&P 600 as it was no longer representative of the small-cap market space. [ 119 ]
2023-06-01,added,BOH,Bank of Hawaii,BOH was moved from the S&P 400 as it was more representative of the small cap market space. HMST was removed from the S&P 600 as it was no longer representative of the small-cap market space. [ 119 ]
2023-06-14,removed,HSKA,Heska Corporation,"EXPI replaced HSKA after it was acquired by Mars, Incorporated . [ 118 ]"
2023-06-14,removed,RUTH,Ruth's Hospitality Group,PRVA replaced RUTH after it was acquired by Darden Restaurants . [ 118 ]
2023-06-14,added,EXPI,eXp World Holdings,"EXPI replaced HSKA after it was acquired by Mars, Incorporated . [ 118 ]"
2023-06-14,added,PRVA,Privia Health Group,PRVA replaced RUTH after it was acquired by Darden Restaurants . [ 118 ]
2023-06-19,removed,BIG,Big Lots,BIG was removed from the S&P 600 and replaced with UFPT as it was no longer representative of the small-cap market space. [ 117 ]
2023-06-19,removed,BOOM,Dynamic Materials Corporation,MAC was moved from the S&P 400 as it was more representative of the small cap market space. BOOM was removed from the S&P 600 as it was no longer representative of the small-cap market space. [ 117 ]
2023-06-19,removed,CARA,Cara Therapeutics,CARA was removed from the S&P 600 and replaced with SDGR as it was no longer representative of the small-cap market space. [ 117 ]
2023-06-19,removed,CMTL,Comtech Telecommunications Corp.,WLY was moved from the S&P 400 as it was more representative of the small cap market space. CMTL was removed from the S&P 600 as it was no longer representative of the small-cap market space. [ 117 ]
2023-06-19,removed,CUTR,"Cutera, Inc.",DISH was moved from the S&P 500 as it was more representative of the small cap market space. CUTR was removed from the S&P 600 as it was no longer representative of the small-cap market space. [ 117 ]
2023-06-19,removed,DOUG,Douglas Elliman,DOUG was removed from the S&P 600 and replaced with MC as it was no longer representative of the small-cap market space. [ 117 ]
2023-06-19,removed,EGRX,"Eagle Pharmaceuticals, Inc.",SPWR was moved from the S&P 400 as it was more representative of the small cap market space. EGRX was removed from the S&P 600 as it was no longer representative of the small-cap market space. [ 117 ]
2023-06-19,removed,FARO,FARO Technologies,FARO was removed from the S&P 600 and replaced with PECO as it was no longer representative of the small-cap market space. [ 117 ]
2023-06-19,removed,GCI,Gannett,VSCO was moved from the S&P 400 as it was more representative of the small cap market space. GCI was removed from the S&P 600 as it was no longer representative of the small-cap market space. [ 117 ]
2023-06-19,removed,GCO,Genesco,SITM was moved from the S&P 400 as it was more representative of the small cap market space. GCO was removed from the S&P 600 as it was no longer representative of the small-cap market space. [ 117 ]
2023-06-19,removed,INGN,Inogen,INGN was removed from the S&P 600 and replaced with CARG as it was no longer representative of the small-cap market space. [ 117 ]
2023-06-19,removed,LPSN,LivePerson,DEI was moved from the S&P 400 as it was more representative of the small cap market space. LPSN was removed from the S&P 600 as it was no longer representative of the small-cap market space. [ 117 ]
2023-06-19,removed,PETS,PetMed Express,DAN was moved from the S&P 400 as it was more representative of the small cap market space. PETS was removed from the S&P 600 as it was no longer representative of the small-cap market space. [ 117 ]
2023-06-19,removed,PLCE,The Children's Place,NGVT was moved from the S&P 400 as it was more representative of the small cap market space. PLCE was removed from the S&P 600 as it was no longer representative of the small-cap market space. [ 117 ]
2023-06-19,removed,RYAM,Rayonier Advanced Materials,FULT was moved from the S&P 400 as it was more representative of the small cap market space. RYAM was removed from the S&P 600 as it was no longer representative of the small-cap market space. [ 117 ]
2023-06-19,removed,TG,Tredegar Corporation,TG was removed from the S&P 600 and replaced with CRC as it was no longer representative of the small-cap market space. [ 117 ]
2023-06-19,removed,TREE,LendingTree,TREE was removed from the S&P 600 and replaced with APAM as it was no longer representative of the small-cap market space. [ 117 ]
2023-06-19,removed,ZUMZ,Zumiez,NAVI was moved from the S&P 400 as it was more representative of the small cap market space. ZUMZ was removed from the S&P 600 as it was no longer representative of the small-cap market space. [ 117 ]
2023-06-19,added,APAM,Artisan Partners Asset Management,TREE was removed from the S&P 600 and replaced with APAM as it was no longer representative of the small-cap market space. [ 117 ]
2023-06-19,added,CARG,CarGurus,INGN was removed from the S&P 600 and replaced with CARG as it was no longer representative of the small-cap market space. [ 117 ]
2023-06-19,added,CRC,California Resources Corporation,TG was removed from the S&P 600 and replaced with CRC as it was no longer representative of the small-cap market space. [ 117 ]
2023-06-19,added,DAN,Dana Incorporated,DAN was moved from the S&P 400 as it was more representative of the small cap market space. PETS was removed from the S&P 600 as it was no longer representative of the small-cap market space. [ 117 ]
2023-06-19,added,DEI,Douglas Emmett,DEI was moved from the S&P 400 as it was more representative of the small cap market space. LPSN was removed from the S&P 600 as it was no longer representative of the small-cap market space. [ 117 ]
2023-06-19,added,DISH,Dish Network,DISH was moved from the S&P 500 as it was more representative of the small cap market space. CUTR was removed from the S&P 600 as it was no longer representative of the small-cap market space. [ 117 ]
2023-06-19,added,FULT,Fulton Financial Corporation,FULT was moved from the S&P 400 as it was more representative of the small cap market space. RYAM was removed from the S&P 600 as it was no longer representative of the small-cap market space. [ 117 ]
2023-06-19,added,MAC,Macerich,MAC was moved from the S&P 400 as it was more representative of the small cap market space. BOOM was removed from the S&P 600 as it was no longer representative of the small-cap market space. [ 117 ]
2023-06-19,added,MC,Moelis & Company,DOUG was removed from the S&P 600 and replaced with MC as it was no longer representative of the small-cap market space. [ 117 ]
2023-06-19,added,NAVI,Navient,NAVI was moved from the S&P 400 as it was more representative of the small cap market space. ZUMZ was removed from the S&P 600 as it was no longer representative of the small-cap market space. [ 117 ]
2023-06-19,added,NGVT,Ingevity Corp.,NGVT was moved from the S&P 400 as it was more representative of the small cap market space. PLCE was removed from the S&P 600 as it was no longer representative of the small-cap market space. [ 117 ]
2023-06-19,added,PECO,Phillips Edison & Company,FARO was removed from the S&P 600 and replaced with PECO as it was no longer representative of the small-cap market space. [ 117 ]
2023-06-19,added,SDGR,"Schrödinger, Inc.",CARA was removed from the S&P 600 and replaced with SDGR as it was no longer representative of the small-cap market space. [ 117 ]
2023-06-19,added,SITM,SiTime,SITM was moved from the S&P 400 as it was more representative of the small cap market space. GCO was removed from the S&P 600 as it was no longer representative of the small-cap market space. [ 117 ]
2023-06-19,added,SPWR,SunPower,SPWR was moved from the S&P 400 as it was more representative of the small cap market space. EGRX was removed from the S&P 600 as it was no longer representative of the small-cap market space. [ 117 ]
2023-06-19,added,UFPT,UFP Technologies,BIG was removed from the S&P 600 and replaced with UFPT as it was no longer representative of the small-cap market space. [ 117 ]
2023-06-19,added,VSCO,Victoria's Secret,VSCO was moved from the S&P 400 as it was more representative of the small cap market space. GCI was removed from the S&P 600 as it was no longer representative of the small-cap market space. [ 117 ]
2023-06-19,added,WLY,John Wiley & Sons,WLY was moved from the S&P 400 as it was more representative of the small cap market space. CMTL was removed from the S&P 600 as it was no longer representative of the small-cap market space. [ 117 ]
2023-06-23,removed,ROCC,Ranger Oil,ABR replaced ROCC after it was acquired by Baytex Energy . [ 116 ]
2023-06-23,added,ABR,Arbor Realty Trust,ABR replaced ROCC after it was acquired by Baytex Energy . [ 116 ]
2023-07-03,removed,LOCO,El Pollo Loco,PHIN was spun off from BorgWarner and replaced LOCO which was no longer representative of the small-cap market space. [ 115 ]
2023-07-03,removed,SENEA,Seneca Foods,FTRE was spun off from Labcorp and replaced SENEA which was no longer representative of the small-cap market space. [ 115 ]
2023-07-03,added,FTRE,Fortrea,FTRE was spun off from Labcorp and replaced SENEA which was no longer representative of the small-cap market space. [ 115 ]
2023-07-03,added,PHIN,PHINIA,PHIN was spun off from BorgWarner and replaced LOCO which was no longer representative of the small-cap market space. [ 115 ]
2023-08-01,removed,AJRD,Aerojet Rocketdyne,MSGS replaced AJRD after it was acquired by L3Harris . [ 114 ]
2023-08-01,added,MSGS,Madison Square Garden Sports,MSGS replaced AJRD after it was acquired by L3Harris . [ 114 ]
2023-08-21,removed,ARNC,Arconic,ARNC was acquired by Apollo Global Management . MRCY was moved from the S&P 400 to replace it as it was more representative of the small cap market space. [ 113 ]
2023-08-21,added,MRCY,Mercury Systems,ARNC was acquired by Apollo Global Management . MRCY was moved from the S&P 400 to replace it as it was more representative of the small cap market space. [ 113 ]
2023-08-22,removed,UBA,Urstadt Biddle Properties,UBA was acquired by Regency Centers . STAA was moved from the S&P 400 to replace it as it was more representative of the small cap market space. [ 112 ]
2023-08-22,added,STAA,Staar Surgical,UBA was acquired by Regency Centers . STAA was moved from the S&P 400 to replace it as it was more representative of the small cap market space. [ 112 ]
2023-08-25,removed,EBS,Emergent BioSolutions,AAP was moved from the S&P 500 as it was more representative of the small cap market space. EBS was removed from the S&P 600 as it was no longer representative of the small-cap market space. [ 111 ]
2023-08-25,added,AAP,Advance Auto Parts,AAP was moved from the S&P 500 as it was more representative of the small cap market space. EBS was removed from the S&P 600 as it was no longer representative of the small-cap market space. [ 111 ]
2023-08-31,removed,INT,,"derived from wiki revision diff (rev 1173069769 @ 2023-08-31, prev 2023-07-27)"
2023-08-31,removed,LPI,,"derived from wiki revision diff (rev 1173069769 @ 2023-08-31, prev 2023-07-27)"
2023-08-31,removed,TBK,,"derived from wiki revision diff (rev 1173069769 @ 2023-08-31, prev 2023-07-27)"
2023-08-31,removed,WETF,,"derived from wiki revision diff (rev 1173069769 @ 2023-08-31, prev 2023-07-27)"
2023-08-31,added,TFIN,,"derived from wiki revision diff (rev 1173069769 @ 2023-08-31, prev 2023-07-27)"
2023-08-31,added,VTLE,,"derived from wiki revision diff (rev 1173069769 @ 2023-08-31, prev 2023-07-27)"
2023-08-31,added,WKC,,"derived from wiki revision diff (rev 1173069769 @ 2023-08-31, prev 2023-07-27)"
2023-08-31,added,WT,,"derived from wiki revision diff (rev 1173069769 @ 2023-08-31, prev 2023-07-27)"
2023-09-01,removed,NEX,NexTier Oilfield Solutions,JXN replaced NEX after it was acquired by Patterson-UTI . [ 110 ]
2023-09-01,removed,NUVA,NuVasive,GSHD replaced NUVA after it was acquired by Globus Medical . [ 110 ]
2023-09-01,added,GSHD,Goosehead Insurance,GSHD replaced NUVA after it was acquired by Globus Medical . [ 110 ]
2023-09-01,added,JXN,Jackson Financial,JXN replaced NEX after it was acquired by Patterson-UTI . [ 110 ]
2023-09-18,removed,AAN,"Aaron's, Inc.",Market capitalization change. [ 109 ]
2023-09-18,removed,ANGO,AngioDynamics,Market capitalization change. [ 109 ]
2023-09-18,removed,CHRS,Coherus Biosciences,Market capitalization change. [ 109 ]
2023-09-18,removed,CPSI,Computer Programs and Systems,Market capitalization change. [ 109 ]
2023-09-18,removed,EGHT,8x8,Market capitalization change. [ 109 ]
2023-09-18,removed,FF,FutureFuel,Market capitalization change. [ 109 ]
2023-09-18,removed,NTGR,Netgear,Market capitalization change. [ 109 ]
2023-09-18,removed,ONL,Orion Office REIT,Market capitalization change. [ 109 ]
2023-09-18,removed,OPI,Office Properties Income Trust,Market capitalization change. [ 109 ]
2023-09-18,removed,QURE,UniQure,Market capitalization change. [ 109 ]
2023-09-18,removed,RMAX,RE/MAX,Market capitalization change. [ 109 ]
2023-09-18,removed,TSE,Trinseo,Market capitalization change. [ 109 ]
2023-09-18,removed,UVE,Universal Insurance Holdings,Market capitalization change. [ 109 ]
2023-09-18,removed,VNDA,Vanda Pharmaceuticals,Market capitalization change. [ 109 ]
2023-09-18,removed,ZYXI,Zynex,Market capitalization change. [ 109 ]
2023-09-18,added,APLE,Apple Hospitality REIT,Market capitalization change. [ 109 ]
2023-09-18,added,BXMT,Blackstone Mortgage Trust,Market capitalization change. [ 109 ]
2023-09-18,added,CATY,Cathay Bank,Market capitalization change. [ 109 ]
2023-09-18,added,ENR,Energizer,Market capitalization change. [ 109 ]
2023-09-18,added,HASI,Hannon Armstrong,Market capitalization change. [ 109 ]
2023-09-18,added,HIW,Highwoods Properties,Market capitalization change. [ 109 ]
2023-09-18,added,JBLU,JetBlue,Market capitalization change. [ 109 ]
2023-09-18,added,LBRT,Liberty Energy,Market capitalization change. [ 109 ]
2023-09-18,added,LNC,Lincoln National,Market capitalization change. [ 109 ]
2023-09-18,added,NWL,Newell Brands,Market capitalization change. [ 109 ]
2023-09-18,added,OMCL,Omnicell,Market capitalization change. [ 109 ]
2023-09-18,added,PZZA,Papa John's,Market capitalization change. [ 109 ]
2023-09-18,added,SXT,Sensient Technologies,Market capitalization change. [ 109 ]
2023-09-18,added,TRIP,TripAdvisor,Market capitalization change. [ 109 ]
2023-09-18,added,XRX,Xerox,Market capitalization change. [ 109 ]
2023-09-29,removed,ANIK,,"derived from wiki revision diff (rev 1177744056 @ 2023-09-29, prev 2023-08-31)"
2023-09-29,removed,CIVI,Civitas Resources,HAYW replaced CIVI which replaced Syneos Health in the S&P 400. [ 108 ]
2023-09-29,removed,ENTA,,"derived from wiki revision diff (rev 1177744056 @ 2023-09-29, prev 2023-08-31)"
2023-09-29,removed,SWM,,"derived from wiki revision diff (rev 1177744056 @ 2023-09-29, prev 2023-08-31)"
2023-09-29,added,FL,,"derived from wiki revision diff (rev 1177744056 @ 2023-09-29, prev 2023-08-31)"
2023-09-29,added,HAYW,Hayward Holdings,HAYW replaced CIVI which replaced Syneos Health in the S&P 400. [ 108 ]
2023-09-29,added,MATV,,"derived from wiki revision diff (rev 1177744056 @ 2023-09-29, prev 2023-08-31)"
2023-09-29,added,PINC,,"derived from wiki revision diff (rev 1177744056 @ 2023-09-29, prev 2023-08-31)"
2023-10-03,removed,AVD,American Vanguard Corporation,"KLG was spun off from S&P 500 constituent Kellogg's , renamed WK Kellogg, and replaced AVD which was no longer representative of the small-cap market space. [ 107 ]"
2023-10-03,removed,EBIX,Ebix,DXC was moved from the S&P 500 as it was more representative of the small cap market space. EBIX was removed from the S&P 600 as it was no longer representative of the small-cap market space. [ 107 ]
2023-10-03,removed,HA,Hawaiian Holdings,KSS was moved from the S&P 400 as it was more representative of the small cap market space. HA was removed from the S&P 600 as it was no longer representative of the small-cap market space. [ 107 ]
2023-10-03,added,DXC,DXC Technology,DXC was moved from the S&P 500 as it was more representative of the small cap market space. EBIX was removed from the S&P 600 as it was no longer representative of the small-cap market space. [ 107 ]
2023-10-03,added,KLG,WK Kellogg Co,"KLG was spun off from S&P 500 constituent Kellogg's , renamed WK Kellogg, and replaced AVD which was no longer representative of the small-cap market space. [ 107 ]"
2023-10-03,added,KSS,Kohl's,KSS was moved from the S&P 400 as it was more representative of the small cap market space. HA was removed from the S&P 600 as it was no longer representative of the small-cap market space. [ 107 ]
2023-10-18,removed,ITOS,iTeos Therapeutics,"NATL was spun off from S&P 400 constituent NCR Corporation , renamed NCR Atleos, and replaced iTeos which was no longer representative of the small-cap market space. [ 106 ]"
2023-10-18,removed,ONTO,Onto Innovation,OGN was moved from the S&P 500 as it was more representative of the small cap market space. ONTO was moved to the S&P 400 as it was more representative of the mid-cap market space. [ 105 ]
2023-10-18,added,NATL,NCR Atleos,"NATL was spun off from S&P 400 constituent NCR Corporation , renamed NCR Atleos, and replaced iTeos which was no longer representative of the small-cap market space. [ 106 ]"
2023-10-18,added,OGN,Organon & Co.,OGN was moved from the S&P 500 as it was more representative of the small cap market space. ONTO was moved to the S&P 400 as it was more representative of the mid-cap market space. [ 105 ]
2023-10-20,removed,CIR,CIRCOR International,CIR was acquired by KKR & Co. Inc. VICR was moved from the S&P 400 to replace it as it was more representative of the small cap market space. [ 104 ]
2023-10-20,added,VICR,Vicor Corporation,CIR was acquired by KKR & Co. Inc. VICR was moved from the S&P 400 to replace it as it was more representative of the small cap market space. [ 104 ]
2023-11-07,removed,TWNK,Hostess Brands,TWNK was acquired by The J.M. Smucker Company . ENV was moved from the S&P 400 to replace it as it was more representative of the small cap market space. [ 103 ]
2023-11-07,added,ENV,Envestnet,TWNK was acquired by The J.M. Smucker Company . ENV was moved from the S&P 400 to replace it as it was more representative of the small cap market space. [ 103 ]
2023-11-10,removed,AVID,Avid Technology,AMR replaced AVID after it was acquired by Symphony Technology Group . [ 102 ]
2023-11-10,added,AMR,Alpha Metallurgical Resources,AMR replaced AVID after it was acquired by Symphony Technology Group . [ 102 ]
2023-11-13,removed,NXGN,NextGen Healthcare,NXGN was acquired by Thoma Bravo . ACIW was moved from the S&P 400 to replace it as it was more representative of the small cap market space. [ 101 ]
2023-11-13,added,ACIW,ACI Worldwide,NXGN was acquired by Thoma Bravo . ACIW was moved from the S&P 400 to replace it as it was more representative of the small cap market space. [ 101 ]
2023-11-30,removed,AVTA,Avantax,"AVTA was acquired by Aretec Group, Inc. WOR was moved from the S&P 400 to replace it as it was more representative of the small cap market space. [ 100 ]"
2023-11-30,removed,HSC,,"derived from wiki revision diff (rev 1187652645 @ 2023-11-30, prev 2023-10-23)"
2023-11-30,removed,PACW,PacWest Bancorp,PACW was acquired by Banc of California . ICUI was moved from the S&P 400 to replace it as it was more representative of the small cap market space. [ 100 ]
2023-11-30,removed,RCII,,"derived from wiki revision diff (rev 1187652645 @ 2023-11-30, prev 2023-10-23)"
2023-11-30,removed,VRTV,Veritiv,"CWEN replaced VRTV after it was acquired by Clayton, Dubilier & Rice . [ 100 ]"
2023-11-30,removed,WRE,,"derived from wiki revision diff (rev 1187652645 @ 2023-11-30, prev 2023-10-23)"
2023-11-30,added,CWEN,,"derived from wiki revision diff (rev 1187652645 @ 2023-11-30, prev 2023-10-23)"
2023-11-30,added,CWEN.A,,"derived from wiki revision diff (rev 1187652645 @ 2023-11-30, prev 2023-10-23)"
2023-11-30,added,ELME,,"derived from wiki revision diff (rev 1187652645 @ 2023-11-30, prev 2023-10-23)"
2023-11-30,added,ICUI,ICU Medical,PACW was acquired by Banc of California . ICUI was moved from the S&P 400 to replace it as it was more representative of the small cap market space. [ 100 ]
2023-11-30,added,NVRI,,"derived from wiki revision diff (rev 1187652645 @ 2023-11-30, prev 2023-10-23)"
2023-11-30,added,UPBD,,"derived from wiki revision diff (rev 1187652645 @ 2023-11-30, prev 2023-10-23)"
2023-11-30,added,WOR,Worthington Industries,"AVTA was acquired by Aretec Group, Inc. WOR was moved from the S&P 400 to replace it as it was more representative of the small cap market space. [ 100 ]"
2023-12-04,removed,SNBR,Sleep Number,"WS was spun off from Worthington Industries , and replaced SNBR which was no longer representative of the small-cap market space. Post spin-off Worthington Industries was renamed Worthington Enterprises. [ 99 ]"
2023-12-04,added,WS,Worthington Steel,"WS was spun off from Worthington Industries , and replaced SNBR which was no longer representative of the small-cap market space. Post spin-off Worthington Industries was renamed Worthington Enterprises. [ 99 ]"
2023-12-18,removed,CDMO,Avid Bioservices,NHC replaced CDMO as it was no longer representative of the small-cap market space. [ 98 ]
2023-12-18,removed,CLFD,Clearfield,MODG was moved from the S&P 400 as it was more representative of the small cap market space. CLFD was removed from the S&P 600 as it was no longer representative of the small-cap market space. [ 98 ]
2023-12-18,removed,CYH,"Community Health Systems, Inc.",ALKS replaced CYH as it was no longer representative of the small-cap market space. [ 98 ]
2023-12-18,removed,FIX,Comfort Systems USA,SEDG was moved from the S&P 500 as it was more representative of the small cap market space. FIX was removed from the S&P 600 as it was no longer representative of the small-cap market space. [ 98 ]
2023-12-18,removed,IVR,Invesco Mortgage Capital,AWI replaced IVR as it was no longer representative of the small-cap market space. [ 98 ]
2023-12-18,removed,JRVR,James River Group Holdings,PJT replaced JRVR as it was no longer representative of the small-cap market space. [ 98 ]
2023-12-18,removed,OFIX,Orthofix Medical,SEE was moved from the S&P 500 as it was more representative of the small cap market space. OFIX was moved to the S&P 400 as it was more representative of the mid-cap market space. [ 98 ]
2023-12-18,removed,OSPN,OneSpan,VSTS was moved from the S&P 400 as it was more representative of the small cap market space. OSPN was removed from the S&P 600 as it was no longer representative of the small-cap market space. [ 98 ]
2023-12-18,removed,RMBS,Rambus,ALSK was moved from the S&P 500 as it was more representative of the small cap market space. RMBS was moved to the S&P 400 as it was more representative of the mid-cap market space. [ 98 ]
2023-12-18,added,ALKS,Alkermes,ALKS replaced CYH as it was no longer representative of the small-cap market space. [ 98 ]
2023-12-18,added,ALSK,Alaska Air Group,ALSK was moved from the S&P 500 as it was more representative of the small cap market space. RMBS was moved to the S&P 400 as it was more representative of the mid-cap market space. [ 98 ]
2023-12-18,added,AWI,Armstrong World Industries,AWI replaced IVR as it was no longer representative of the small-cap market space. [ 98 ]
2023-12-18,added,MODG,Topgolf Callaway Brands,MODG was moved from the S&P 400 as it was more representative of the small cap market space. CLFD was removed from the S&P 600 as it was no longer representative of the small-cap market space. [ 98 ]
2023-12-18,added,NHC,National Healthcare,NHC replaced CDMO as it was no longer representative of the small-cap market space. [ 98 ]
2023-12-18,added,PJT,PJT Partners,PJT replaced JRVR as it was no longer representative of the small-cap market space. [ 98 ]
2023-12-18,added,SEDG,SolarEdge,SEDG was moved from the S&P 500 as it was more representative of the small cap market space. FIX was removed from the S&P 600 as it was no longer representative of the small-cap market space. [ 98 ]
2023-12-18,added,SEE,Sealed Air,SEE was moved from the S&P 500 as it was more representative of the small cap market space. OFIX was moved to the S&P 400 as it was more representative of the mid-cap market space. [ 98 ]
2023-12-18,added,VSTS,Vestis,VSTS was moved from the S&P 400 as it was more representative of the small cap market space. OSPN was removed from the S&P 600 as it was no longer representative of the small-cap market space. [ 98 ]
2023-12-19,added,ALK,,"derived from wiki revision diff (rev 1190743635 @ 2023-12-19, prev 2023-11-30)"
2024-01-02,removed,DISH,Dish Network,SATS replaced DISH after it acquired the company. [ 96 ]
2024-01-02,removed,LTHM,Livent Corp.,"LTHM was merged with Allkem . The combined company, renamed Arcadium Lithium, will have a projected total market capitalization that is more representative of the mid-cap market space. VYX was moved from the S&P 400 to replace it as it was more representative of the small cap market space. [ 97 ]"
2024-01-02,removed,RPT,RPT Realty,RUSHA replaced RPT after it was acquired by Kimco Realty . [ 97 ]
2024-01-02,added,RUSHA,Rush Enterprises,RUSHA replaced RPT after it was acquired by Kimco Realty . [ 97 ]
2024-01-02,added,SATS,EchoStar,SATS replaced DISH after it acquired the company. [ 96 ]
2024-01-02,added,VYX,NCR Voyix,"LTHM was merged with Allkem . The combined company, renamed Arcadium Lithium, will have a projected total market capitalization that is more representative of the mid-cap market space. VYX was moved from the S&P 400 to replace it as it was more representative of the small cap market space. [ 97 ]"
2024-01-05,removed,CHS,Chico's FAS,CHS was acquired by Sycamore Partners . PDCO was moved from the S&P 400 to replace it as it was more representative of the small cap market space. [ 95 ]
2024-01-05,added,PDCO,Patterson Companies,CHS was acquired by Sycamore Partners . PDCO was moved from the S&P 400 to replace it as it was more representative of the small cap market space. [ 95 ]
2024-01-23,removed,ELF,"e.l.f. Beauty, Inc.","BTU replaced ELF, which replaced Spirit Realty Capital in the S&P 400 after it was acquired by Realty Income . [ 94 ]"
2024-01-23,added,BTU,Peabody Energy,"BTU replaced ELF, which replaced Spirit Realty Capital in the S&P 400 after it was acquired by Realty Income . [ 94 ]"
2024-03-04,removed,MDRX,Veradigm,CXM replaced MDRX after it was suspended from the Nasdaq Stock Market due to non-compliance with listing rules and is no longer eligible for continued inclusion in the S&P 600 . [ 93 ]
2024-03-04,added,CXM,Sprinklr,CXM replaced MDRX after it was suspended from the Nasdaq Stock Market due to non-compliance with listing rules and is no longer eligible for continued inclusion in the S&P 600 . [ 93 ]
2024-03-18,removed,AIT,Applied Industrial Technologies,MPW was moved from the S&P 400 as it was more representative of the small cap market space. AIT was moved to the S&P 400 as it was more representative of the mid-cap market space. [ 92 ]
2024-03-18,removed,APPS,Digital Turbine,BL replaced APPS as it was no longer representative of the small-cap market space. [ 92 ]
2024-03-18,removed,CCSI,Consensus Cloud Solutions,ARCH replaced CCSI as it was no longer representative of the small-cap market space. [ 92 ]
2024-03-18,removed,CRMT,Americas Carmart,MGY replaced CRMT as it was no longer representative of the small-cap market space. [ 92 ]
2024-03-18,removed,CYTK,Cytokinetics,CALX was moved from the S&P 400 as it was more representative of the small cap market space. CYTK was moved to the S&P 400 as it was more representative of the mid-cap market space. [ 92 ]
2024-03-18,removed,FORR,Forrester Research,BOX replaced FORR as it was no longer representative of the small-cap market space. [ 92 ]
2024-03-18,removed,IRBT,iRobot,MGEE replaced IRBT as it was no longer representative of the small-cap market space. [ 92 ]
2024-03-18,removed,OIS,Oil States International,BGC replaced OIS as it was no longer representative of the small-cap market space. [ 92 ]
2024-03-18,removed,TBI,TrueBlue,AL replaced TBI as it was no longer representative of the small-cap market space. [ 92 ]
2024-03-18,added,AL,Air Lease Corporation,AL replaced TBI as it was no longer representative of the small-cap market space. [ 92 ]
2024-03-18,added,ARCH,Arch Resources,ARCH replaced CCSI as it was no longer representative of the small-cap market space. [ 92 ]
2024-03-18,added,BGC,BGC Group,BGC replaced OIS as it was no longer representative of the small-cap market space. [ 92 ]
2024-03-18,added,BL,BlackLine Systems,BL replaced APPS as it was no longer representative of the small-cap market space. [ 92 ]
2024-03-18,added,BOX,"Box, Inc.",BOX replaced FORR as it was no longer representative of the small-cap market space. [ 92 ]
2024-03-18,added,CALX,"Calix, Inc.",CALX was moved from the S&P 400 as it was more representative of the small cap market space. CYTK was moved to the S&P 400 as it was more representative of the mid-cap market space. [ 92 ]
2024-03-18,added,MGEE,MGE Energy,MGEE replaced IRBT as it was no longer representative of the small-cap market space. [ 92 ]
2024-03-18,added,MGY,Magnolia Oil & Gas,MGY replaced CRMT as it was no longer representative of the small-cap market space. [ 92 ]
2024-03-18,added,MPW,Medical Properties Trust,MPW was moved from the S&P 400 as it was more representative of the small cap market space. AIT was moved to the S&P 400 as it was more representative of the mid-cap market space. [ 92 ]
2024-04-01,removed,CPE,Callon Petroleum,CPE was acquired by APA Corporation . NARI was moved from the S&P 400 to replace it as it was more representative of the small cap market space. [ 91 ]
2024-04-01,removed,PGTI,PGT Innovations,PGTI was acquired by MITER Brands. RUN was moved from the S&P 400 to replace it as it was more representative of the small cap market space. [ 90 ]
2024-04-01,added,NARI,Inari Medical,CPE was acquired by APA Corporation . NARI was moved from the S&P 400 to replace it as it was more representative of the small cap market space. [ 91 ]
2024-04-01,added,RUN,Sunrun,PGTI was acquired by MITER Brands. RUN was moved from the S&P 400 to replace it as it was more representative of the small cap market space. [ 90 ]
2024-04-03,removed,MODV,ModivCare,VFC was moved from the S&P 500 as it was more representative of the small cap market space. MODV was removed from the S&P 600 as it was no longer representative of the small-cap market space. [ 89 ]
2024-04-03,removed,SSP,E. W. Scripps Company,FOXF was moved from the S&P 400 as it was more representative of the small cap market space. SSP was removed from the S&P 600 as it was no longer representative of the small-cap market space. [ 89 ]
2024-04-03,added,FOXF,Fox Factory,FOXF was moved from the S&P 400 as it was more representative of the small cap market space. SSP was removed from the S&P 600 as it was no longer representative of the small-cap market space. [ 89 ]
2024-04-03,added,VFC,VF Corporation,VFC was moved from the S&P 500 as it was more representative of the small cap market space. MODV was removed from the S&P 600 as it was no longer representative of the small-cap market space. [ 89 ]
2024-04-22,removed,MDC,MDC Holdings,MDC was acquired by Sekisui House . CABO was moved from the S&P 400 to replace it as it was more representative of the small cap market space. [ 88 ]
2024-04-22,added,CABO,Cable One,MDC was acquired by Sekisui House . CABO was moved from the S&P 400 to replace it as it was more representative of the small cap market space. [ 88 ]
2024-04-23,removed,KAMN,Kaman Corporation,CNS replaced KAMN after it was acquired by Arcline Investment Management. [ 87 ]
2024-04-23,added,CNS,Cohen & Steers,CNS replaced KAMN after it was acquired by Arcline Investment Management. [ 87 ]
2024-05-06,removed,AEL,American Equity Investment Life Holding Co.,IAC replaced AEL after it was acquired by Brookfield Reinsurance. [ 86 ]
2024-05-06,added,IAC,IAC Inc.,IAC replaced AEL after it was acquired by Brookfield Reinsurance. [ 86 ]
2024-05-07,removed,AGTI,Agiliti,DOCN replaced AGTI after it was acquired by Thomas H. Lee Partners . [ 85 ]
2024-05-07,added,DOCN,DigitalOcean,DOCN replaced AGTI after it was acquired by Thomas H. Lee Partners . [ 85 ]
2024-05-08,removed,AAON,AAON,"MARA replaced AAON, which replaced Vistra Corp in the S&P 400 after it was moved to the S&P 500 . [ 84 ]"
2024-05-08,added,MARA,Marathon Digital,"MARA replaced AAON, which replaced Vistra Corp in the S&P 400 after it was moved to the S&P 500 . [ 84 ]"
2024-05-14,removed,AMEH,,"derived from wiki revision diff (rev 1223794075 @ 2024-05-14, prev 2024-04-24)"
2024-05-14,removed,TMST,,"derived from wiki revision diff (rev 1223794075 @ 2024-05-14, prev 2024-04-24)"
2024-05-14,added,ASTH,,"derived from wiki revision diff (rev 1223794075 @ 2024-05-14, prev 2024-04-24)"
2024-05-14,added,MTUS,,"derived from wiki revision diff (rev 1223794075 @ 2024-05-14, prev 2024-04-24)"
2024-06-24,removed,ADTN,ADTRAN,CMA was moved from the S&P 500 as it was more representative of the small cap market space. ADTN was removed from the S&P 600 as it was no longer representative of the small-cap market space. [ 83 ]
2024-06-24,removed,ATNI,ATN International,WERN was moved from the S&P 400 as it was more representative of the small cap market space. ATNI was removed from the S&P 600 as it was no longer representative of the small-cap market space. [ 83 ]
2024-06-24,removed,CLDT,Chatham Lodging Trust,HTZ was moved from the S&P 400 as it was more representative of the small cap market space. CLDT was removed from the S&P 600 as it was no longer representative of the small-cap market space. [ 83 ]
2024-06-24,removed,CRNC,Cerence,TDW replaced CRNC as it was no longer representative of the small-cap market space. [ 83 ]
2024-06-24,removed,HOUS,Anywhere Real Estate,RHI was moved from the S&P 500 as it was more representative of the small cap market space. HOUS was removed from the S&P 600 as it was no longer representative of the small-cap market space. [ 83 ]
2024-06-24,removed,MCS,Marcus Corporation,VIRT replaced MCS as it was no longer representative of the small-cap market space. [ 83 ]
2024-06-24,removed,MED,Medifast,WHD replaced MED as it was no longer representative of the small-cap market space. [ 83 ]
2024-06-24,removed,MEI,Methode Electronics,LEG was moved from the S&P 400 as it was more representative of the small cap market space. MEI was removed from the S&P 600 as it was no longer representative of the small-cap market space. [ 83 ]
2024-06-24,removed,NFBK,"Northfield Bancorp,",GO was moved from the S&P 400 as it was more representative of the small cap market space. NFBK was removed from the S&P 600 as it was no longer representative of the small-cap market space. [ 83 ]
2024-06-24,removed,OSUR,OraSure Technologies,KRYS replaced OSUR as it was no longer representative of the small-cap market space. [ 83 ]
2024-06-24,removed,RGP,Resources Connection,IART was moved from the S&P 400 as it was more representative of the small cap market space. RGP was removed from the S&P 600 as it was no longer representative of the small-cap market space. [ 83 ]
2024-06-24,removed,TTEC,TTEC Holdings,STEP replaced TTEC as it was no longer representative of the small-cap market space. [ 83 ]
2024-06-24,removed,XPER,Xperi,PENN was moved from the S&P 400 as it was more representative of the small cap market space. XPER was removed from the S&P 600 as it was no longer representative of the small-cap market space. [ 83 ]
2024-06-24,added,CMA,Comerica,CMA was moved from the S&P 500 as it was more representative of the small cap market space. ADTN was removed from the S&P 600 as it was no longer representative of the small-cap market space. [ 83 ]
2024-06-24,added,GO,Grocery Outlet,GO was moved from the S&P 400 as it was more representative of the small cap market space. NFBK was removed from the S&P 600 as it was no longer representative of the small-cap market space. [ 83 ]
2024-06-24,added,HTZ,Hertz,HTZ was moved from the S&P 400 as it was more representative of the small cap market space. CLDT was removed from the S&P 600 as it was no longer representative of the small-cap market space. [ 83 ]
2024-06-24,added,IART,Integra Lifesciences,IART was moved from the S&P 400 as it was more representative of the small cap market space. RGP was removed from the S&P 600 as it was no longer representative of the small-cap market space. [ 83 ]
2024-06-24,added,KRYS,Krystal Biotech,KRYS replaced OSUR as it was no longer representative of the small-cap market space. [ 83 ]
2024-06-24,added,LEG,Leggett & Platt,LEG was moved from the S&P 400 as it was more representative of the small cap market space. MEI was removed from the S&P 600 as it was no longer representative of the small-cap market space. [ 83 ]
2024-06-24,added,PENN,Penn Entertainment,PENN was moved from the S&P 400 as it was more representative of the small cap market space. XPER was removed from the S&P 600 as it was no longer representative of the small-cap market space. [ 83 ]
2024-06-24,added,RHI,Robert Half,RHI was moved from the S&P 500 as it was more representative of the small cap market space. HOUS was removed from the S&P 600 as it was no longer representative of the small-cap market space. [ 83 ]
2024-06-24,added,STEP,StepStone Group,STEP replaced TTEC as it was no longer representative of the small-cap market space. [ 83 ]
2024-06-24,added,TDW,Tidewate,TDW replaced CRNC as it was no longer representative of the small-cap market space. [ 83 ]
2024-06-24,added,VIRT,Virtu Financial,VIRT replaced MCS as it was no longer representative of the small-cap market space. [ 83 ]
2024-06-24,added,WERN,Werner Enterprises,WERN was moved from the S&P 400 as it was more representative of the small cap market space. ATNI was removed from the S&P 600 as it was no longer representative of the small-cap market space. [ 83 ]
2024-06-24,added,WHD,Cactus,WHD replaced MED as it was no longer representative of the small-cap market space. [ 83 ]
2024-07-03,removed,WIRE,Encore Wire Corporation,PTGX replaced WIRE after it was acquired by Prysmian Group . [ 82 ]
2024-07-03,added,PTGX,Protagonist Therapeutics,PTGX replaced WIRE after it was acquired by Prysmian Group . [ 82 ]
2024-07-22,removed,ANF,Abercrombie & Fitch Company,"GTES replaced ANF, which replaced Equitrans Midstream in the S&P 400 after it was acquired by EQT Corporation . [ 81 ]"
2024-07-22,added,GTES,Gates Corporation,"GTES replaced ANF, which replaced Equitrans Midstream in the S&P 400 after it was acquired by EQT Corporation . [ 81 ]"
2024-07-26,removed,HIBB,Hibbett Sports,HIBB was acquired by JD Sports . QDEL was moved from the S&P 400 to replace it as it was more representative of the small cap market space. [ 80 ]
2024-07-26,added,QDEL,QuidelOrtho,HIBB was acquired by JD Sports . QDEL was moved from the S&P 400 to replace it as it was more representative of the small cap market space. [ 80 ]
2024-07-31,removed,SLCA,U.S. Silica Holdings,SNDR replaced SLCA after it was acquired by Apollo Global Management . [ 80 ]
2024-07-31,added,SNDR,Schneider National,SNDR replaced SLCA after it was acquired by Apollo Global Management . [ 80 ]
2024-08-09,removed,SPWR,SunPower,SWI replaced SPWR after it filed for Chapter 11 bankruptcy and is no longer eligible for continued inclusion in the S&P 600 . [ 79 ]
2024-08-09,added,SWI,SolarWinds,SWI replaced SPWR after it filed for Chapter 11 bankruptcy and is no longer eligible for continued inclusion in the S&P 600 . [ 79 ]
2024-08-30,removed,SIX,,"derived from wiki revision diff (rev 1243032985 @ 2024-08-30, prev 2024-07-22)"
2024-08-30,added,FUN,,"derived from wiki revision diff (rev 1243032985 @ 2024-08-30, prev 2024-07-22)"
2024-09-06,removed,DRQ,"Dril-Quip, Inc.",Dril-Quip (DRQ) merged with Innovex and began trading under symbol INVX.
2024-09-06,added,INVX,"Innovex International, Inc.",Dril-Quip (DRQ) merged with Innovex and began trading under symbol INVX.
2024-09-23,removed,AMCX,AMC Networks,CSW replaced AMCX as it was no longer representative of the small-cap market space. [ 78 ]
2024-09-23,removed,CHCT,Community Healthcare Trust,ZWS replaced CHCT as it was no longer representative of the small-cap market space. [ 78 ]
2024-09-23,removed,CMP,Compass Minerals,WOLF was moved from the S&P 400 as it was more representative of the small cap market space. CMP was removed from the S&P 600 as it was no longer representative of the small-cap market space. [ 78 ]
2024-09-23,removed,CVGW,"Calavo Growers, Inc.",MP was moved from the S&P 400 as it was more representative of the small cap market space. CVGW was removed from the S&P 600 as it was no longer representative of the small-cap market space. [ 78 ]
2024-09-23,removed,DBI,Designer Brands,TGNA was moved from the S&P 400 as it was more representative of the small cap market space. DBI was removed from the S&P 600 as it was no longer representative of the small-cap market space. [ 78 ]
2024-09-23,removed,DDD,3D Systems Corporation,HELE was moved from the S&P 400 as it was more representative of the small cap market space. DDD was removed from the S&P 600 as it was no longer representative of the small-cap market space. [ 78 ]
2024-09-23,removed,DIN,Dine Brands Global,TGTX replaced DIN as it was no longer representative of the small-cap market space. [ 78 ]
2024-09-23,removed,EHAB,Enhabit,PGNY was moved from the S&P 400 as it was more representative of the small cap market space. EHAB was removed from the S&P 600 as it was no longer representative of the small-cap market space. [ 78 ]
2024-09-23,removed,FN,Fabrinet,ZD was moved from the S&P 400 as it was more representative of the small cap market space. FN was moved to the S&P 400 as it was more representative of the mid-cap market space. [ 78 ]
2024-09-23,removed,HVT,Havertys,ETSY was moved from the S&P 500 as it was more representative of the small cap market space. HVT was removed from the S&P 600 as it was no longer representative of the small-cap market space. [ 78 ]
2024-09-23,removed,MERC,Mercer International,ADNT was moved from the S&P 400 as it was more representative of the small cap market space. MERC was removed from the S&P 600 as it was no longer representative of the small-cap market space. [ 78 ]
2024-09-23,removed,NUS,Nu Skin Enterprises,INSP replaced NUS as it was no longer representative of the small-cap market space. [ 78 ]
2024-09-23,removed,RILY,B. Riley Financial,PI replaced RILY as it was no longer representative of the small-cap market space. [ 78 ]
2024-09-23,removed,VREX,Varex Imaging,YOU replaced VREX as it was no longer representative of the small-cap market space. [ 78 ]
2024-09-23,removed,ZEUS,Olympic Steel,ADMA replaced ZEUS as it was no longer representative of the small-cap market space. [ 78 ]
2024-09-23,added,ADMA,ADMA Biologics,ADMA replaced ZEUS as it was no longer representative of the small-cap market space. [ 78 ]
2024-09-23,added,ADNT,Adient,ADNT was moved from the S&P 400 as it was more representative of the small cap market space. MERC was removed from the S&P 600 as it was no longer representative of the small-cap market space. [ 78 ]
2024-09-23,added,CSW,CSW Industrials,CSW replaced AMCX as it was no longer representative of the small-cap market space. [ 78 ]
2024-09-23,added,ETSY,Etsy,ETSY was moved from the S&P 500 as it was more representative of the small cap market space. HVT was removed from the S&P 600 as it was no longer representative of the small-cap market space. [ 78 ]
2024-09-23,added,HELE,Helen of Troy Limited,HELE was moved from the S&P 400 as it was more representative of the small cap market space. DDD was removed from the S&P 600 as it was no longer representative of the small-cap market space. [ 78 ]
2024-09-23,added,INSP,Inspire Medical Systems,INSP replaced NUS as it was no longer representative of the small-cap market space. [ 78 ]
2024-09-23,added,MP,MP Materials,MP was moved from the S&P 400 as it was more representative of the small cap market space. CVGW was removed from the S&P 600 as it was no longer representative of the small-cap market space. [ 78 ]
2024-09-23,added,PGNY,Progyny,PGNY was moved from the S&P 400 as it was more representative of the small cap market space. EHAB was removed from the S&P 600 as it was no longer representative of the small-cap market space. [ 78 ]
2024-09-23,added,PI,Impinj,PI replaced RILY as it was no longer representative of the small-cap market space. [ 78 ]
2024-09-23,added,TGNA,Tegna Inc.,TGNA was moved from the S&P 400 as it was more representative of the small cap market space. DBI was removed from the S&P 600 as it was no longer representative of the small-cap market space. [ 78 ]
2024-09-23,added,TGTX,TG Therapeutics,TGTX replaced DIN as it was no longer representative of the small-cap market space. [ 78 ]
2024-09-23,added,WOLF,Wolfspeed,WOLF was moved from the S&P 400 as it was more representative of the small cap market space. CMP was removed from the S&P 600 as it was no longer representative of the small-cap market space. [ 78 ]
2024-09-23,added,YOU,Clear Secure,YOU replaced VREX as it was no longer representative of the small-cap market space. [ 78 ]
2024-09-23,added,ZD,Ziff Davis,ZD was moved from the S&P 400 as it was more representative of the small cap market space. FN was moved to the S&P 400 as it was more representative of the mid-cap market space. [ 78 ]
2024-09-23,added,ZWS,Zurn Elkay Water Solutions,ZWS replaced CHCT as it was no longer representative of the small-cap market space. [ 78 ]
2024-09-27,added,CSWI,,"derived from wiki revision diff (rev 1248000289 @ 2024-09-27, prev 2024-08-30)"
2024-10-01,removed,CCRN,Cross Country Healthcare,CURB was spun off from SITE Centers and replaced CCRN which was no longer representative of the small-cap market space. [ 76 ]
2024-10-01,removed,ENSG,Ensign Group,"TMDX replaced ENSG, which replaced Southwestern Energy in the S&P 400 after it was acquired by Chesapeake Energy . [ 76 ]"
2024-10-01,removed,MOV,Movado,BBWI was moved from the S&P 500 as it was more representative of the small cap market space. MOV was removed from the S&P 600 as it was no longer representative of the small-cap market space. [ 77 ]
2024-10-01,added,BBWI,"Bath & Body Works, Inc.",BBWI was moved from the S&P 500 as it was more representative of the small cap market space. MOV was removed from the S&P 600 as it was no longer representative of the small-cap market space. [ 77 ]
2024-10-01,added,CURB,Curbline Properties,CURB was spun off from SITE Centers and replaced CCRN which was no longer representative of the small-cap market space. [ 76 ]
2024-10-01,added,TMDX,TransMedics Group,"TMDX replaced ENSG, which replaced Southwestern Energy in the S&P 400 after it was acquired by Chesapeake Energy . [ 76 ]"
2024-10-04,removed,PRFT,Perficient,CRGY replaced PRFT after it was acquired by EQT AB . [ 75 ]
2024-10-04,added,CRGY,Crescent Energy Company,CRGY replaced PRFT after it was acquired by EQT AB . [ 75 ]
2024-10-09,removed,VGR,Vector Group,HIMS replaced VGR after it was acquired by JT Group . [ 74 ]
2024-10-09,added,HIMS,Hims & Hers Health,HIMS replaced VGR after it was acquired by JT Group . [ 74 ]
2024-10-11,removed,CHUY,Chuy's,CHUY was acquired by Darden Restaurants . MDU was moved from the S&P 400 to replace it as it announced its intention to spin-off a company at a later date. [ 73 ]
2024-10-11,added,MDU,MDU Resources,CHUY was acquired by Darden Restaurants . MDU was moved from the S&P 400 to replace it as it announced its intention to spin-off a company at a later date. [ 73 ]
2024-10-15,removed,SGH,"Smart Global Holdings, Inc.",Smart Global Holdings (SGH) rebranded as Penguin Solutions (PENG). [ 72 ]
2024-10-15,added,PENG,"Penguin Solutions, Inc.",Smart Global Holdings (SGH) rebranded as Penguin Solutions (PENG). [ 72 ]
2024-11-04,removed,CLW,Clearwater Paper Corporation,ECG was spun off from MDU Resources and replaced CLW which was no longer representative of the small-cap market space. [ 71 ]
2024-11-04,added,ECG,Everus Construction Group,ECG was spun off from MDU Resources and replaced CLW which was no longer representative of the small-cap market space. [ 71 ]
2024-11-25,removed,ENV,Envestnet,ENV was acquired by Bain Capital . AZTA was moved from the S&P 400 to replace it as it was more representative of the small cap market space. [ 68 ]
2024-11-25,removed,HAYN,Haynes International,DFH replaced HAYN after it was acquired by Acerinox . [ 70 ]
2024-11-25,added,AZTA,Azenta,ENV was acquired by Bain Capital . AZTA was moved from the S&P 400 to replace it as it was more representative of the small cap market space. [ 68 ]
2024-11-25,added,DFH,Dream Finders Homes,DFH replaced HAYN after it was acquired by Acerinox . [ 70 ]
2024-11-26,removed,MLI,Mueller Industries,"AESI replaced MLI, which replaced Texas Pacific Land Corporation in the S&P 400 after it was moved to the S&P 500 . [ 69 ]"
2024-11-26,added,AESI,Atlas Energy Solutions,"AESI replaced MLI, which replaced Texas Pacific Land Corporation in the S&P 400 after it was moved to the S&P 500 . [ 69 ]"
2024-11-27,removed,MYE,Myers Industries,CON replaced MYE as it was no longer representative of the small-cap market space. [ 68 ]
2024-11-27,added,CON,Concentra Group Holdings,CON replaced MYE as it was no longer representative of the small-cap market space. [ 68 ]
2024-12-23,removed,CMA,Comerica,VSH was moved from the S&P 400 as it was more representative of the small cap market space. CMA was moved to the S&P 400 as it was more representative of the mid-cap market space. [ 67 ]
2024-12-23,removed,CRS,Carpenter Technology,CRI was moved from the S&P 400 as it was more representative of the small cap market space. CRS was moved to the S&P 400 as it was more representative of the mid-cap market space. [ 67 ]
2024-12-23,removed,HPP,Hudson Pacific Properties,TRNO replaced HPP as it was no longer representative of the small-cap market space. [ 67 ]
2024-12-23,removed,KELYA,Kelly Services,QRVO was moved from the S&P 500 as it was more representative of the small cap market space. KELYA was removed from the S&P 600 as it was no longer representative of the small-cap market space. [ 67 ]
2024-12-23,removed,RGNX,REGENXBIO,SKY replaced RGNX as it was no longer representative of the small-cap market space. [ 67 ]
2024-12-23,removed,SVC,Service Properties Trust,AMTM was moved from the S&P 500 as it was more representative of the small cap market space. SVC was removed from the S&P 600 as it was no longer representative of the small-cap market space. [ 67 ]
2024-12-23,added,AMTM,Amentum,AMTM was moved from the S&P 500 as it was more representative of the small cap market space. SVC was removed from the S&P 600 as it was no longer representative of the small-cap market space. [ 67 ]
2024-12-23,added,CRI,Carter's,CRI was moved from the S&P 400 as it was more representative of the small cap market space. CRS was moved to the S&P 400 as it was more representative of the mid-cap market space. [ 67 ]
2024-12-23,added,QRVO,Qorvo,QRVO was moved from the S&P 500 as it was more representative of the small cap market space. KELYA was removed from the S&P 600 as it was no longer representative of the small-cap market space. [ 67 ]
2024-12-23,added,SKY,Champion Homes,SKY replaced RGNX as it was no longer representative of the small-cap market space. [ 67 ]
2024-12-23,added,TRNO,Terreno Realty,TRNO replaced HPP as it was no longer representative of the small-cap market space. [ 67 ]
2024-12-23,added,VSH,Vishay Intertechnology,VSH was moved from the S&P 400 as it was more representative of the small cap market space. CMA was moved to the S&P 400 as it was more representative of the mid-cap market space. [ 67 ]
2024-12-30,removed,CNSL,Consolidated Communications,INSW replaced CNSL after it was acquired by British Columbia Investment Management Corporation and Searchlight Capital . [ 66 ]
2024-12-30,added,INSW,International Seaways,INSW replaced CNSL after it was acquired by British Columbia Investment Management Corporation and Searchlight Capital . [ 66 ]
2025-01-02,added,GDYN,Grid Dynamics Holdings,GDYN replaced GEAR after it was acquired by Strategic Value Partners. [ 65 ]
2025-01-03,removed,IBTX,Independent Bank Group,ACAD replaced IBTX after it was acquired by SouthState Bank . [ 64 ]
2025-01-03,removed,JBT,John Bean Technologies Corporation,John Bean Technologies (JBT) acquired Marel and began trading under new symbol JBTM.
2025-01-03,added,ACAD,Acadia Pharmaceuticals,ACAD replaced IBTX after it was acquired by SouthState Bank . [ 64 ]
2025-01-03,added,JBTM,JBT Marel Corporation,John Bean Technologies (JBT) acquired Marel and began trading under new symbol JBTM.
2025-01-14,removed,ARCH,Arch Resources,"ARCH was acquired by Consol Energy . Following completion of the merger, Consol Energy will be renamed Core Natural Resources Inc., and its ticker will change to CNR. ENOV was moved from the S&P 400 to replace it as it was more representative of the small cap market space. [ 63 ]"
2025-01-14,added,ENOV,Enovis,"ARCH was acquired by Consol Energy . Following completion of the merger, Consol Energy will be renamed Core Natural Resources Inc., and its ticker will change to CNR. ENOV was moved from the S&P 400 to replace it as it was more representative of the small cap market space. [ 63 ]"
2025-01-27,removed,B,Barnes Group,B was acquired by Apollo Global Management . ARWR was moved from the S&P 400 to replace it as it was more representative of the small cap market space. [ 62 ]
2025-01-27,removed,CEIX,,"derived from wiki revision diff (rev 1272218456 @ 2025-01-27, prev 2024-12-30)"
2025-01-27,removed,VSTO,,"derived from wiki revision diff (rev 1272218456 @ 2025-01-27, prev 2024-12-30)"
2025-01-27,added,ARWR,Arrowhead Pharmaceuticals,B was acquired by Apollo Global Management . ARWR was moved from the S&P 400 to replace it as it was more representative of the small cap market space. [ 62 ]
2025-01-27,added,CNR,,"derived from wiki revision diff (rev 1272218456 @ 2025-01-27, prev 2024-12-30)"
2025-02-10,removed,IRWD,Ironwood Pharmaceuticals,MRP was spun off from Lennar and replaced IRWD which was no longer representative of the small-cap market space. [ 61 ]
2025-02-10,added,MRP,Millrose Properties,MRP was spun off from Lennar and replaced IRWD which was no longer representative of the small-cap market space. [ 61 ]
2025-02-13,removed,ROIC,Retail Opportunity Investments,GOLF replaced ROIC after it was acquired by Blackstone Inc. [ 60 ]
2025-02-13,added,GOLF,Acushnet Company,GOLF replaced ROIC after it was acquired by Blackstone Inc. [ 60 ]
2025-02-19,removed,NARI,Inari Medical,KAI replaced NARI after it was acquired by Stryker Corporation . [ 59 ]
2025-02-19,added,KAI,Kadant,KAI replaced NARI after it was acquired by Stryker Corporation . [ 59 ]
2025-02-25,removed,LESL,Leslie's,SNDK was spun off from Western Digital and replaced LESL which was no longer representative of the small-cap market space. [ 58 ]
2025-02-25,added,SNDK,SanDisk,SNDK was spun off from Western Digital and replaced LESL which was no longer representative of the small-cap market space. [ 58 ]
2025-03-24,removed,ALK,Alaska Air Group,CE was moved from the S&P 500 as it was more representative of the small cap market space. ALK was moved to the S&P 400 as it was more representative of the mid-cap market space. [ 57 ]
2025-03-24,removed,AMBC,Ambac Financial Group,BWA was moved from the S&P 500 as it was more representative of the small cap market space. AMBC was removed from the S&P 600 as it was no longer representative of the small-cap market space. [ 57 ]
2025-03-24,removed,ATI,ATI Inc.,TDC was moved from the S&P 400 as it was more representative of the small cap market space. ATI was moved to the S&P 400 as it was more representative of the mid-cap market space. [ 57 ]
2025-03-24,removed,BBWI,"Bath & Body Works, Inc.",CC was moved from the S&P 400 as it was more representative of the small cap market space. BBWI was moved to the S&P 400 as it was more representative of the mid-cap market space. [ 57 ]
2025-03-24,removed,FLGT,Fulgent Genetics,FRPT replaced FLGT as it was no longer representative of the small-cap market space. [ 57 ]
2025-03-24,removed,GDOT,Green Dot Corporation,ESI replaced GDOT as it was no longer representative of the small-cap market space. [ 57 ]
2025-03-24,removed,GPRE,Green Plains Inc.,MWA replaced GPRE as it was no longer representative of the small-cap market space. [ 57 ]
2025-03-24,removed,HAIN,Hain Celestial Group,CLSK replaced HAIN as it was no longer representative of the small-cap market space. [ 57 ]
2025-03-24,removed,HIMS,Hims & Hers Health,FMC was moved from the S&P 500 as it was more representative of the small cap market space. HIMS was moved to the S&P 400 as it was more representative of the mid-cap market space. [ 57 ]
2025-03-24,removed,MATV,Mativ Holdings,KTOS replaced MATV as it was no longer representative of the small-cap market space. [ 57 ]
2025-03-24,removed,NBR,Nabors Industries,WSC replaced NBR as it was no longer representative of the small-cap market space. [ 57 ]
2025-03-24,removed,SATS,EchoStar,NEOG was moved from the S&P 400 as it was more representative of the small cap market space. SATS was moved to the S&P 400 as it was more representative of the mid-cap market space. [ 57 ]
2025-03-24,removed,VFC,VF Corporation,TFX was moved from the S&P 500 as it was more representative of the small cap market space. VFC was moved to the S&P 400 as it was more representative of the mid-cap market space. [ 57 ]
2025-03-24,removed,WNC,Wabash National,RHP replaced WNC as it was no longer representative of the small-cap market space. [ 57 ]
2025-03-24,added,BWA,BorgWarner,BWA was moved from the S&P 500 as it was more representative of the small cap market space. AMBC was removed from the S&P 600 as it was no longer representative of the small-cap market space. [ 57 ]
2025-03-24,added,CC,Chemours,CC was moved from the S&P 400 as it was more representative of the small cap market space. BBWI was moved to the S&P 400 as it was more representative of the mid-cap market space. [ 57 ]
2025-03-24,added,CE,Celanese,CE was moved from the S&P 500 as it was more representative of the small cap market space. ALK was moved to the S&P 400 as it was more representative of the mid-cap market space. [ 57 ]
2025-03-24,added,CLSK,CleanSpark,CLSK replaced HAIN as it was no longer representative of the small-cap market space. [ 57 ]
2025-03-24,added,ESI,Element Solutions,ESI replaced GDOT as it was no longer representative of the small-cap market space. [ 57 ]
2025-03-24,added,FMC,FMC Corporation,FMC was moved from the S&P 500 as it was more representative of the small cap market space. HIMS was moved to the S&P 400 as it was more representative of the mid-cap market space. [ 57 ]
2025-03-24,added,FRPT,Freshpet,FRPT replaced FLGT as it was no longer representative of the small-cap market space. [ 57 ]
2025-03-24,added,KTOS,Kratos Defense & Security Solutions,KTOS replaced MATV as it was no longer representative of the small-cap market space. [ 57 ]
2025-03-24,added,MWA,Mueller Water Products,MWA replaced GPRE as it was no longer representative of the small-cap market space. [ 57 ]
2025-03-24,added,NEOG,Neogen,NEOG was moved from the S&P 400 as it was more representative of the small cap market space. SATS was moved to the S&P 400 as it was more representative of the mid-cap market space. [ 57 ]
2025-03-24,added,RHP,Ryman Hospitality Properties,RHP replaced WNC as it was no longer representative of the small-cap market space. [ 57 ]
2025-03-24,added,TDC,Teradata,TDC was moved from the S&P 400 as it was more representative of the small cap market space. ATI was moved to the S&P 400 as it was more representative of the mid-cap market space. [ 57 ]
2025-03-24,added,TFX,Teleflex,TFX was moved from the S&P 500 as it was more representative of the small cap market space. VFC was moved to the S&P 400 as it was more representative of the mid-cap market space. [ 57 ]
2025-03-24,added,WSC,WillScot Holdings Corp.,WSC replaced NBR as it was no longer representative of the small-cap market space. [ 57 ]
2025-04-02,removed,ODP,The ODP Corporation,ANGI was spun off from IAC Inc. and replaced ODP which was no longer representative of the small-cap market space. [ 56 ]
2025-04-02,added,ANGI,Angi Inc.,ANGI was spun off from IAC Inc. and replaced ODP which was no longer representative of the small-cap market space. [ 56 ]
2025-04-16,removed,SWI,SolarWinds,ACT replaced SWI after it was acquired by Turn/River Capital. [ 55 ]
2025-04-16,added,ACT,Enact Holdings,ACT replaced SWI after it was acquired by Turn/River Capital. [ 55 ]
2025-04-17,removed,PDCO,Patterson Companies,STRL replaced PDCO after it was acquired by Patient Square Capital. [ 54 ]
2025-04-17,added,STRL,Sterling Infrastructure,STRL replaced PDCO after it was acquired by Patient Square Capital. [ 54 ]
2025-06-06,removed,SJW,San Jose Water Group,San Jose Water Group (SJW) rebranded as H2O America (HTO).
2025-06-06,added,HTO,H2O America,San Jose Water Group (SJW) rebranded as H2O America (HTO).
2025-07-01,removed,WOLF,Wolfspeed,RAL replaced WOLF after it announced its intention to file for bankruptcy and was therefore no longer eligible for continued inclusion in the S&P 600 . RAL was spun off from Fortive Corp. which will remain in the S&P 500. [ 53 ]
2025-07-01,added,RAL,Ralliant Corp,RAL replaced WOLF after it announced its intention to file for bankruptcy and was therefore no longer eligible for continued inclusion in the S&P 600 . RAL was spun off from Fortive Corp. which will remain in the S&P 500. [ 53 ]
2025-07-18,removed,AVAV,AeroVironment,"VCTR replaced AVAV, which replaced ChampionX in the S&P 400 after it was acquired by Schlumberger . [ 52 ]"
2025-07-18,added,VCTR,Victory Capital,"VCTR replaced AVAV, which replaced ChampionX in the S&P 400 after it was acquired by Schlumberger . [ 52 ]"
2025-07-29,removed,TGI,Triumph Group,VCYT replaced TGI after it was acquired by Warburg Pincus and Berkshire Partners . [ 51 ]
2025-07-29,removed,VVI,,"derived from wiki revision diff (rev 1303179338 @ 2025-07-29, prev 2025-06-25)"
2025-07-29,added,PRSU,,"derived from wiki revision diff (rev 1303179338 @ 2025-07-29, prev 2025-06-25)"
2025-07-29,added,VCYT,Veracyte,VCYT replaced TGI after it was acquired by Warburg Pincus and Berkshire Partners . [ 51 ]
2025-08-06,removed,NVEE,NV5 Global,KGS replaced NVEE after it was acquired by Acuren Corporation. [ 50 ]
2025-08-06,added,KGS,Kodiak Gas Services,KGS replaced NVEE after it was acquired by Acuren Corporation. [ 50 ]
2025-08-21,removed,CSWI,,"derived from wiki revision diff (rev 1307082362 @ 2025-08-21, prev 2025-07-29)"
2025-09-02,removed,BRKL,Brookline Bancorp,BRKL was acquired by Berkshire Hills Bancorp. SRPT was moved from the S&P 400 to replace it as it was more representative of the small cap market space. [ 48 ]
2025-09-02,removed,NYMT,"New York Mortgage Trust, Inc.",NYMT now trades under symbol ADAM after corporate rebrand. [ 47 ]
2025-09-02,removed,PPBI,Pacific Premier Bancorp,"KNTK replaced PPBI after it was acquired by Columbia Banking System, Inc. [ 49 ]"
2025-09-02,added,ADAM,"Adamas Trust, Inc.",NYMT now trades under symbol ADAM after corporate rebrand. [ 47 ]
2025-09-02,added,KNTK,Kinetik Holdings,"KNTK replaced PPBI after it was acquired by Columbia Banking System, Inc. [ 49 ]"
2025-09-02,added,SRPT,Sarepta Therapeutics,BRKL was acquired by Berkshire Hills Bancorp. SRPT was moved from the S&P 400 to replace it as it was more representative of the small cap market space. [ 48 ]
2025-09-08,removed,FL,Foot Locker,PRKS replaced FL after it was acquired by Dick's Sporting Goods . [ 46 ]
2025-09-08,added,PRKS,United Parks & Resorts,PRKS replaced FL after it was acquired by Dick's Sporting Goods . [ 46 ]
2025-09-09,removed,GMS,"GMS, Inc.",MIR replaced GMS after it was acquired by Home Depot . [ 45 ]
2025-09-09,added,MIR,Mirion Technologies,MIR replaced GMS after it was acquired by Home Depot . [ 45 ]
2025-09-22,removed,BGS,B&G Foods,QTWO replaced BGS as it was no longer representative of the small-cap market space. [ 44 ]
2025-09-22,removed,JACK,Jack in the Box,WAY replaced JACK as it was no longer representative of the small-cap market space. [ 44 ]
2025-09-22,removed,KTOS,Kratos Defense & Security Solutions,CZR was moved from the S&P 500 as it was more representative of the small cap market space. KTOS was moved to the S&P 400 as it was more representative of the mid-cap market space. [ 44 ]
2025-09-22,removed,MLAB,Mesa Laboratories,MAN was moved from the S&P 400 as it was more representative of the small cap market space. MLAB was removed from the S&P 600 as it was no longer representative of the small-cap market space. [ 44 ]
2025-09-22,removed,MP,MP Materials,MKTX was moved from the S&P 500 as it was more representative of the small cap market space. MP was moved to the S&P 400 as it was more representative of the mid-cap market space. [ 44 ]
2025-09-22,removed,OMI,Owens & Minor,NE replaced OMI as it was no longer representative of the small-cap market space. [ 44 ]
2025-09-22,removed,PUMP,ProPetro Holding,ENPH was moved from the S&P 500 as it was more representative of the small cap market space. PUMP was removed from the S&P 600 as it was no longer representative of the small-cap market space. [ 44 ]
2025-09-22,removed,SLP,Simulations Plus,HL replaced SLP as it was no longer representative of the small-cap market space. [ 44 ]
2025-09-22,removed,TTGT,Techtarget,ACHC was moved from the S&P 400 as it was more representative of the small cap market space. TTGT was removed from the S&P 600 as it was no longer representative of the small-cap market space. [ 44 ]
2025-09-22,removed,XRX,Xerox,WEN was moved from the S&P 400 as it was more representative of the small cap market space. XRX was removed from the S&P 600 as it was no longer representative of the small-cap market space. [ 44 ]
2025-09-22,added,ACHC,Acadia Healthcare,ACHC was moved from the S&P 400 as it was more representative of the small cap market space. TTGT was removed from the S&P 600 as it was no longer representative of the small-cap market space. [ 44 ]
2025-09-22,added,CZR,Caesars Entertainment,CZR was moved from the S&P 500 as it was more representative of the small cap market space. KTOS was moved to the S&P 400 as it was more representative of the mid-cap market space. [ 44 ]
2025-09-22,added,ENPH,Enphase Energy,ENPH was moved from the S&P 500 as it was more representative of the small cap market space. PUMP was removed from the S&P 600 as it was no longer representative of the small-cap market space. [ 44 ]
2025-09-22,added,HL,Hecla Mining,HL replaced SLP as it was no longer representative of the small-cap market space. [ 44 ]
2025-09-22,added,MAN,ManpowerGroup,MAN was moved from the S&P 400 as it was more representative of the small cap market space. MLAB was removed from the S&P 600 as it was no longer representative of the small-cap market space. [ 44 ]
2025-09-22,added,MKTX,MarketAxess,MKTX was moved from the S&P 500 as it was more representative of the small cap market space. MP was moved to the S&P 400 as it was more representative of the mid-cap market space. [ 44 ]
2025-09-22,added,NE,Noble Corporation,NE replaced OMI as it was no longer representative of the small-cap market space. [ 44 ]
2025-09-22,added,QTWO,Q2 Holdings,QTWO replaced BGS as it was no longer representative of the small-cap market space. [ 44 ]
2025-09-22,added,WAY,Waystar Holding,WAY replaced JACK as it was no longer representative of the small-cap market space. [ 44 ]
2025-09-22,added,WEN,The Wendy's Company,WEN was moved from the S&P 400 as it was more representative of the small cap market space. XRX was removed from the S&P 600 as it was no longer representative of the small-cap market space. [ 44 ]
2025-09-24,removed,SPTN,SpartanNash,REYN replaced SPTN after it was acquired by C&S Wholesale Grocers . [ 43 ]
2025-09-24,added,REYN,Reynolds Consumer Products,REYN replaced SPTN after it was acquired by C&S Wholesale Grocers . [ 43 ]
2025-09-26,removed,KLG,WK Kellogg Co,ACMR replaced KLG after it was acquired by Ferrero . [ 42 ]
2025-09-26,added,ACMR,ACM Research,ACMR replaced KLG after it was acquired by Ferrero . [ 42 ]
2025-09-29,removed,BHLB,,"derived from wiki revision diff (rev 1314021341 @ 2025-09-29, prev 2025-08-21)"
2025-09-29,removed,BSIG,,"derived from wiki revision diff (rev 1314021341 @ 2025-09-29, prev 2025-08-21)"
2025-09-29,removed,UCBI,,"derived from wiki revision diff (rev 1314021341 @ 2025-09-29, prev 2025-08-21)"
2025-09-29,added,AAMI,,"derived from wiki revision diff (rev 1314021341 @ 2025-09-29, prev 2025-08-21)"
2025-09-29,added,BBT,,"derived from wiki revision diff (rev 1314021341 @ 2025-09-29, prev 2025-08-21)"
2025-09-29,added,UCB,,"derived from wiki revision diff (rev 1314021341 @ 2025-09-29, prev 2025-08-21)"
2025-10-06,removed,COOP,Mr. Cooper,COOP was acquired by Rocket Companies . WU was moved from the S&P 400 to replace it as it was more representative of the small cap market space. [ 41 ]
2025-10-06,added,WU,Western Union,COOP was acquired by Rocket Companies . WU was moved from the S&P 400 to replace it as it was more representative of the small cap market space. [ 41 ]
2025-10-20,removed,VBTX,Veritex Holdings,BTSG replaced VBTX after it was acquired by Huntington Bancshares . [ 40 ]
2025-10-20,added,BTSG,BrightSpring Health Services,BTSG replaced VBTX after it was acquired by Huntington Bancshares . [ 40 ]
2025-10-31,removed,USNA,USANA Health Sciences,KMX was moved from the S&P 500 as it was more representative of the small cap market space. USNA was removed from the S&P 600 as it was no longer representative of the small-cap market space. [ 39 ]
2025-10-31,added,KMX,CarMax,KMX was moved from the S&P 500 as it was more representative of the small cap market space. USNA was removed from the S&P 600 as it was no longer representative of the small-cap market space. [ 39 ]
2025-11-04,removed,CAL,Caleres,EMN was moved from the S&P 500 as it was more representative of the small cap market space. CAL was removed from the S&P 600 as it was no longer representative of the small-cap market space. [ 39 ]
2025-11-04,added,EMN,Eastman Chemical Company,EMN was moved from the S&P 500 as it was more representative of the small cap market space. CAL was removed from the S&P 600 as it was no longer representative of the small-cap market space. [ 39 ]
2025-11-13,removed,STRL,Sterling Infrastructure,"RRR replaced STRL, which replaced Light & Wonder in the S&P 400 after it planned to delist from the Nasdaq Stock Market . [ 38 ]"
2025-11-13,added,RRR,"Red Rock Resorts, Inc.","RRR replaced STRL, which replaced Light & Wonder in the S&P 400 after it planned to delist from the Nasdaq Stock Market . [ 38 ]"
2025-11-28,removed,PINC,Premier,UPWK replaced PINC after it was acquired by Patient Square Capital. [ 37 ]
2025-11-28,removed,SNDK,SanDisk,"PTCT replaced SNDK, which replaced The Interpublic Group of Companies in the S&P 500 after it was acquired by Omnicom Group . [ 37 ]"
2025-11-28,added,PTCT,PTC Therapeutics,"PTCT replaced SNDK, which replaced The Interpublic Group of Companies in the S&P 500 after it was acquired by Omnicom Group . [ 37 ]"
2025-11-28,added,UPWK,Upwork,UPWK replaced PINC after it was acquired by Patient Square Capital. [ 37 ]
2025-12-02,removed,HBI,Hanesbrands,FIBK replaced HBI after it was acquired by Gildan . [ 37 ]
2025-12-02,added,FIBK,First Interstate BancSystem,FIBK replaced HBI after it was acquired by Gildan . [ 37 ]
2025-12-11,removed,HSII,Heidrick & Struggles International,VITL replaced HSII after it was acquired by Advent International and Corvex Private Equity. [ 36 ]
2025-12-11,added,VITL,Vital Farms,VITL replaced HSII after it was acquired by Advent International and Corvex Private Equity. [ 36 ]
2025-12-15,removed,VTLE,Vital Energy,SEZL replaced VTLE after it was acquired by Crescent Energy. [ 36 ]
2025-12-15,added,SEZL,Sezzle,SEZL replaced VTLE after it was acquired by Crescent Energy. [ 36 ]
2025-12-22,removed,ASIX,AdvanSix,CWST replaced ASIX as it was no longer representative of the small-cap market space. [ 35 ]
2025-12-22,removed,BWA,BorgWarner,LKQ was moved from the S&P 500 as it was more representative of the small cap market space. BWA was moved to the S&P 400 as it was more representative of the mid-cap market space. [ 35 ]
2025-12-22,removed,CEVA,"CEVA, Inc.",SOLS was moved from the S&P 500 as it was more representative of the small cap market space. CEVA was moved from the S&P 600 as it was no longer representative of the small cap market space. [ 35 ]
2025-12-22,removed,DY,Dycom Industries,UA/UAA were moved from the S&P 400 as they were more representative of the small cap market space. DY was moved to the S&P 400 as it was more representative of the mid-cap market space. [ 35 ]
2025-12-22,removed,HELE,Helen of Troy Limited,NSP was moved from the S&P 400 as it was more representative of the small cap market space. HELE was moved from the S&P 600 as it was no longer representative of the small cap market space. [ 35 ]
2025-12-22,removed,HL,Hecla Mining,POWI was moved from the S&P 400 as it was more representative of the small cap market space. HL was moved to the S&P 400 as it was more representative of the mid-cap market space. [ 35 ]
2025-12-22,removed,MGPI,MGP Ingredients,HE replaced MGPI as it was no longer representative of the small-cap market space. [ 35 ]
2025-12-22,removed,RC,Ready Capital Corp,PRGO was moved from the S&P 400 as it was more representative of the small cap market space. RC was moved from the S&P 600 as it was no longer representative of the small cap market space. [ 35 ]
2025-12-22,removed,RGR,"Sturm, Ruger & Co.",INDV replaced RGR as it was no longer representative of the small-cap market space. [ 35 ]
2025-12-22,removed,SCVL,Shoe Carnival,MHK was moved from the S&P 500 as it was more representative of the small cap market space. SCVL was moved from the S&P 600 as it was no longer representative of the small cap market space. [ 35 ]
2025-12-22,removed,SITC,SITE Centers,IRDM was moved from the S&P 400 as it was more representative of the small cap market space. SITC was moved from the S&P 600 as it was no longer representative of the small cap market space. [ 35 ]
2025-12-22,removed,SPXC,SPX Corporation,"PRIM replaced SPXC, which replaced Comfort Systems USA in the S&P 400 after it was moved to the S&P 500 . [ 35 ]"
2025-12-22,removed,THRY,Thryv,VAC was moved from the S&P 400 as it was more representative of the small cap market space. THRY was moved from the S&P 600 as it was no longer representative of the small cap market space. [ 35 ]
2025-12-22,added,CWST,Casella Waste Systems,CWST replaced ASIX as it was no longer representative of the small-cap market space. [ 35 ]
2025-12-22,added,HE,Hawaiian Electric Industries,HE replaced MGPI as it was no longer representative of the small-cap market space. [ 35 ]
2025-12-22,added,INDV,Indivior,INDV replaced RGR as it was no longer representative of the small-cap market space. [ 35 ]
2025-12-22,added,IRDM,Iridium Communications,IRDM was moved from the S&P 400 as it was more representative of the small cap market space. SITC was moved from the S&P 600 as it was no longer representative of the small cap market space. [ 35 ]
2025-12-22,added,LKQ,LKQ Corporation,LKQ was moved from the S&P 500 as it was more representative of the small cap market space. BWA was moved to the S&P 400 as it was more representative of the mid-cap market space. [ 35 ]
2025-12-22,added,MHK,Mohawk Industries,MHK was moved from the S&P 500 as it was more representative of the small cap market space. SCVL was moved from the S&P 600 as it was no longer representative of the small cap market space. [ 35 ]
2025-12-22,added,NSP,Insperity,NSP was moved from the S&P 400 as it was more representative of the small cap market space. HELE was moved from the S&P 600 as it was no longer representative of the small cap market space. [ 35 ]
2025-12-22,added,POWI,Power Integrations,POWI was moved from the S&P 400 as it was more representative of the small cap market space. HL was moved to the S&P 400 as it was more representative of the mid-cap market space. [ 35 ]
2025-12-22,added,PRGO,Perrigo,PRGO was moved from the S&P 400 as it was more representative of the small cap market space. RC was moved from the S&P 600 as it was no longer representative of the small cap market space. [ 35 ]
2025-12-22,added,PRIM,Primoris Services Corporation,"PRIM replaced SPXC, which replaced Comfort Systems USA in the S&P 400 after it was moved to the S&P 500 . [ 35 ]"
2025-12-22,added,SOLS,Solstice Advanced Materials,SOLS was moved from the S&P 500 as it was more representative of the small cap market space. CEVA was moved from the S&P 600 as it was no longer representative of the small cap market space. [ 35 ]
2025-12-22,added,VAC,Marriott Vacations Worldwide,VAC was moved from the S&P 400 as it was more representative of the small cap market space. THRY was moved from the S&P 600 as it was no longer representative of the small cap market space. [ 35 ]
2025-12-23,added,UA,,"derived from wiki revision diff (rev 1329058715 @ 2025-12-23, prev 2025-11-24)"
2025-12-23,added,UAA,,"derived from wiki revision diff (rev 1329058715 @ 2025-12-23, prev 2025-11-24)"
2025-12-26,removed,KAR,"OPENLANE, Inc.","Ticker symbol for OPENLANE, Inc. changed from KAR to OPLN. [ 34 ]"
2025-12-26,added,OPLN,"OPENLANE, Inc.","Ticker symbol for OPENLANE, Inc. changed from KAR to OPLN. [ 34 ]"
2026-01-07,removed,BDN,Brandywine Realty Trust,VSNT was spun off from Comcast and replaced BDN which was no longer representative of the small-cap market space. [ 33 ]
2026-01-07,added,VSNT,Versant Media Group,VSNT was spun off from Comcast and replaced BDN which was no longer representative of the small-cap market space. [ 33 ]
2026-01-26,removed,GES,"Guess, Inc.",WINA replaced GES after it was acquired by Authentic Brands Group and the Rolling Stockholders. [ 32 ]
2026-01-26,added,WINA,Winmark,WINA replaced GES after it was acquired by Authentic Brands Group and the Rolling Stockholders. [ 32 ]
2026-01-30,removed,TTMI,TTM Technologies,"AMRX replaced TTMI, which replaced Civitas Resources in the S&P 400 after it was acquired by SM Energy . [ 31 ]"
2026-01-30,added,AMRX,Amneal Pharmaceuticals,"AMRX replaced TTMI, which replaced Civitas Resources in the S&P 400 after it was acquired by SM Energy . [ 31 ]"
2026-02-02,removed,AEIS,Advanced Energy,"APLS replaced AEIS, which replaced Comerica in the S&P 400 after it was acquired by Fifth Third Bank . [ 31 ]"
2026-02-02,removed,ELME,Elme Communities,LZ replaced ELME after ELME announced ongoing liquidation activities and was no longer appropriate for the S&P 600 . [ 31 ]
2026-02-02,added,APLS,Apellis Pharmaceuticals,"APLS replaced AEIS, which replaced Comerica in the S&P 400 after it was acquired by Fifth Third Bank . [ 31 ]"
2026-02-02,added,LZ,LegalZoom,LZ replaced ELME after ELME announced ongoing liquidation activities and was no longer appropriate for the S&P 600 . [ 31 ]
2026-02-09,removed,ARWR,Arrowhead Pharmaceuticals,"ADT replaced ARWR, which replaced Ciena in the S&P 400 after it was moved to the S&P 500 . [ 30 ]"
2026-02-09,added,ADT,ADT Inc.,"ADT replaced ARWR, which replaced Ciena in the S&P 400 after it was moved to the S&P 500 . [ 30 ]"
2026-02-10,removed,DVAX,Dynavax Technologies,OSW replaced DVAX after it was acquired by Sanofi . [ 30 ]
2026-02-10,added,OSW,OneSpaWorld Holdings,OSW replaced DVAX after it was acquired by Sanofi . [ 30 ]
2026-02-11,removed,THS,TreeHouse Foods,MBIN replaced THS after it was acquired by Investindustrial S.A. [ 29 ]
2026-02-11,added,MBIN,Merchants Bancorp,MBIN replaced THS after it was acquired by Investindustrial S.A. [ 29 ]
2026-02-12,removed,HI,Hillenbrand,RNG replaced HI after it was acquired by Lone Star Funds . [ 28 ]
2026-02-12,added,RNG,RingCentral,RNG replaced HI after it was acquired by Lone Star Funds . [ 28 ]
2026-02-26,removed,MPW,,"derived from wiki revision diff (rev 1340556004 @ 2026-02-26, prev 2026-01-30)"
2026-02-26,added,MPT,,"derived from wiki revision diff (rev 1340556004 @ 2026-02-26, prev 2026-01-30)"
2026-03-13,removed,ALEX,Alexander & Baldwin,NSSC replaced ALEX after it was acquired by an investor group comprising MW Group and funds affiliated with DivcoWest and Blackstone Real Estate . [ 27 ]
2026-03-13,added,NSSC,Napco Security Technologies,NSSC replaced ALEX after it was acquired by an investor group comprising MW Group and funds affiliated with DivcoWest and Blackstone Real Estate . [ 27 ]
2026-03-23,removed,ANGI,Angi Inc.,KMPR was moved from the S&P 400 as it was more representative of the small cap market space. ANGI was no longer representative of the small-cap market space. [ 27 ]
2026-03-23,removed,BLMN,Bloomin' Brands,SPHR replaced BLMN as it was no longer representative of the small-cap market space. [ 27 ]
2026-03-23,removed,CARS,Cars.com,ASGN was moved from the S&P 400 as it was more representative of the small cap market space. CARS was no longer representative of the small-cap market space. [ 27 ]
2026-03-23,removed,CTRE,CareTrust REIT,AGX replaced CTRE after it was moved to the S&P 400. [ 27 ]
2026-03-23,removed,IDCC,InterDigital,PAYC was moved from the S&P 500 as it was more representative of the small cap market space. IDCC was moved to the S&P 400 as it was more representative of the mid-cap market space. [ 27 ]
2026-03-23,removed,INN,Summit Hotel Properties,LTH replaced INN as it was no longer representative of the small-cap market space. [ 27 ]
2026-03-23,removed,KREF,KKR Real Estate Finance Trust,LIF replaced KREF as it was no longer representative of the small-cap market space. [ 27 ]
2026-03-23,removed,MOG.A,Moog Inc.,LW was moved from the S&P 500 as it was more representative of the small cap market space. MOG.A was moved to the S&P 400 as it was more representative of the mid-cap market space. [ 27 ]
2026-03-23,removed,MYGN,Myriad Genetics,GTM was moved from the S&P 400 as it was more representative of the small cap market space. MYGN was no longer representative of the small-cap market space. [ 27 ]
2026-03-23,removed,PLAY,Dave & Buster's,RITM replaced PLAY as it was no longer representative of the small-cap market space. [ 27 ]
2026-03-23,removed,SITM,SiTime,MOH was moved from the S&P 500 as it was more representative of the small cap market space. SITM was moved to the S&P 400 as it was more representative of the mid-cap market space. [ 27 ]
2026-03-23,removed,SOLS,Solstice Advanced Materials,MTCH was moved from the S&P 500 as it was more representative of the small cap market space. SOLS was moved to the S&P 400 as it was more representative of the mid-cap market space. [ 27 ]
2026-03-23,removed,SXC,SunCoke Energy,LYFT replaced SXC as it was no longer representative of the small-cap market space. [ 27 ]
2026-03-23,removed,VICR,Vicor Corporation,VSEC replaced VICR after it was moved to the S&P 400. [ 27 ]
2026-03-23,added,AGX,Argan,AGX replaced CTRE after it was moved to the S&P 400. [ 27 ]
2026-03-23,added,ASGN,ASGN,ASGN was moved from the S&P 400 as it was more representative of the small cap market space. CARS was no longer representative of the small-cap market space. [ 27 ]
2026-03-23,added,GTM,ZoomInfo,GTM was moved from the S&P 400 as it was more representative of the small cap market space. MYGN was no longer representative of the small-cap market space. [ 27 ]
2026-03-23,added,KMPR,Kemper Corporation,KMPR was moved from the S&P 400 as it was more representative of the small cap market space. ANGI was no longer representative of the small-cap market space. [ 27 ]
2026-03-23,added,LAUR,Laureate Education,LAUR replaced AHRT as it was no longer representative of the small-cap market space. [ 27 ]
2026-03-23,added,LIF,Life360,LIF replaced KREF as it was no longer representative of the small-cap market space. [ 27 ]
2026-03-23,added,LTH,Life Time Group Holdings,LTH replaced INN as it was no longer representative of the small-cap market space. [ 27 ]
2026-03-23,added,LW,Lamb Weston,LW was moved from the S&P 500 as it was more representative of the small cap market space. MOG.A was moved to the S&P 400 as it was more representative of the mid-cap market space. [ 27 ]
2026-03-23,added,LYFT,Lyft,LYFT replaced SXC as it was no longer representative of the small-cap market space. [ 27 ]
2026-03-23,added,MOH,Molina Healthcare,MOH was moved from the S&P 500 as it was more representative of the small cap market space. SITM was moved to the S&P 400 as it was more representative of the mid-cap market space. [ 27 ]
2026-03-23,added,MTCH,Match Group,MTCH was moved from the S&P 500 as it was more representative of the small cap market space. SOLS was moved to the S&P 400 as it was more representative of the mid-cap market space. [ 27 ]
2026-03-23,added,PAYC,Paycom,PAYC was moved from the S&P 500 as it was more representative of the small cap market space. IDCC was moved to the S&P 400 as it was more representative of the mid-cap market space. [ 27 ]
2026-03-23,added,RITM,Rithm Capital,RITM replaced PLAY as it was no longer representative of the small-cap market space. [ 27 ]
2026-03-23,added,SPHR,Sphere Entertainment,SPHR replaced BLMN as it was no longer representative of the small-cap market space. [ 27 ]
2026-03-23,added,VSEC,VSE Corporation,VSEC replaced VICR after it was moved to the S&P 400. [ 27 ]
2026-03-25,removed,TGNA,Tegna Inc.,COCO replaced TGNA after it was acquired by Nexstar Media Group . [ 26 ]
2026-03-25,added,COCO,Vita Coco,COCO replaced TGNA after it was acquired by Nexstar Media Group . [ 26 ]
2026-03-30,removed,AHH,,"derived from wiki revision diff (rev 1346175333 @ 2026-03-30, prev 2026-02-26)"
2026-03-30,removed,MODG,,"derived from wiki revision diff (rev 1346175333 @ 2026-03-30, prev 2026-02-26)"
2026-03-30,added,CALY,,"derived from wiki revision diff (rev 1346175333 @ 2026-03-30, prev 2026-02-26)"
2026-04-02,removed,TWI,"Titan International, Inc.",VGNT was spun off from Aptiv and replaced TWI which was no longer representative of the small-cap market space. [ 25 ]
2026-04-02,added,VGNT,Versigent,VGNT was spun off from Aptiv and replaced TWI which was no longer representative of the small-cap market space. [ 25 ]
2026-04-09,removed,AL,Air Lease Corporation,ATMU replaced AL after it was acquired by Sumitomo Corporation . [ 24 ]
2026-04-09,removed,DOCN,DigitalOcean,"BNL replaced DOCN, which replaced Casey's in the S&P 400 after it was moved to the S&P 500 . [ 23 ]"
2026-04-09,added,ATMU,Atmus Filtration Technologies,ATMU replaced AL after it was acquired by Sumitomo Corporation . [ 24 ]
2026-04-09,added,BNL,Broadstone Net Lease,"BNL replaced DOCN, which replaced Casey's in the S&P 400 after it was moved to the S&P 500 . [ 23 ]"
2026-04-10,removed,SEE,Sealed Air,"DBD replaced SEE after it was acquired by Clayton, Dubilier & Rice . [ 22 ]"
2026-04-10,added,DBD,Diebold Nixdorf,"DBD replaced SEE after it was acquired by Clayton, Dubilier & Rice . [ 22 ]"
2026-04-13,removed,ATGE,,"derived from wiki revision diff (rev 1348618629 @ 2026-04-13, prev 2026-03-30)"
2026-04-13,removed,AXL,,"derived from wiki revision diff (rev 1348618629 @ 2026-04-13, prev 2026-03-30)"
2026-04-13,added,CVSA,,"derived from wiki revision diff (rev 1348618629 @ 2026-04-13, prev 2026-03-30)"
2026-04-13,added,DCH,,"derived from wiki revision diff (rev 1348618629 @ 2026-04-13, prev 2026-03-30)"
2026-04-24,removed,ASGN,ASGN Inc.,ASGN now trades under symbol EFOR after corporate rebrand. [ 21 ]
2026-04-24,added,EFOR,Everforth Inc.,ASGN now trades under symbol EFOR after corporate rebrand. [ 21 ]
2026-05-01,removed,GDEN,Golden Entertainment,LFST replaced GDEN after it was acquired by Vici Properties and Blake L. Sartini . [ 20 ]
2026-05-01,added,LFST,Lifestance Health,LFST replaced GDEN after it was acquired by Vici Properties and Blake L. Sartini . [ 20 ]
2026-05-08,removed,EXPI,"eXp World Holdings, Inc.",EXPI now trages under symbol AGNT after coprorate rebrand. [ 19 ]
2026-05-08,added,AGNT,"eXp World Holdings, Inc.",EXPI now trages under symbol AGNT after coprorate rebrand. [ 19 ]
2026-05-14,removed,APLS,Apellis Pharmaceuticals,RELY replaced APLS after it was acquired by Biogen . [ 18 ]
2026-05-14,removed,SNCY,Sun Country Airlines,ALHC replaced SNCY after it was acquired by Allegiant Travel Company . [ 17 ]
2026-05-14,removed,TPH,Tri Pointe Homes,BFAM replaced TPH after it was acquired by Sumitomo Forestry . [ 18 ]
2026-05-14,added,ALHC,Alignment Healthcare,ALHC replaced SNCY after it was acquired by Allegiant Travel Company . [ 17 ]
2026-05-14,added,BFAM,Bright Horizons,BFAM replaced TPH after it was acquired by Sumitomo Forestry . [ 18 ]
2026-05-14,added,RELY,Remitly,RELY replaced APLS after it was acquired by Biogen . [ 18 ]
2026-05-18,removed,CSGS,CSG Systems,FLO replaced CSGS after it was acquired by NEC . [ 16 ]
2026-05-18,removed,NVRI,Enviri,PTON replaced NVRI after it spun off assets into a new publicly traded company. The new publicly traded company was not representative of the small-cap market space. [ 15 ]
2026-05-18,added,FLO,Flowers Foods,FLO replaced CSGS after it was acquired by NEC . [ 16 ]
2026-05-18,added,PTON,Peloton Interactive,PTON replaced NVRI after it spun off assets into a new publicly traded company. The new publicly traded company was not representative of the small-cap market space. [ 15 ]
2026-05-19,removed,MCW,Mister Car Wash,FG replaced MCW after it was acquired by Leonard Green & Partners . [ 16 ]
2026-05-19,added,FG,F&G,FG replaced MCW after it was acquired by Leonard Green & Partners . [ 16 ]
2026-05-27,removed,VRE,Veris Residential,UTI replaced VRE after it was acquired by Affinius Capital and Vista Hill Partners. [ 15 ]
2026-05-27,added,UTI,Universal Technical Institute,UTI replaced VRE after it was acquired by Affinius Capital and Vista Hill Partners. [ 15 ]
2026-06-01,removed,AMWD,American Woodmark,DAVE replaced AMWD after it was acquired by MasterBrand Inc. [ 14 ]
2026-06-01,added,DAVE,Dave,DAVE replaced AMWD after it was acquired by MasterBrand Inc. [ 14 ]
2026-06-02,removed,SSTK,Shutterstock,EPAM was moved from the S&P 500 as it was more representative of the small cap market space. SSTK was removed from the S&P 600 as it was merged with Getty Images . [ 14 ]
2026-06-02,added,EPAM,EPAM Systems,EPAM was moved from the S&P 500 as it was more representative of the small cap market space. SSTK was removed from the S&P 600 as it was merged with Getty Images . [ 14 ]
2026-06-09,removed,FDP,Fresh Del Monte Produce Inc.,DMC replaced FDP reflecting Fresh Del Monte Produce Inc. being renamed to Del Monte Corporation [ 13 ]
2026-06-09,added,DMC,Del Monte Corporation,DMC replaced FDP reflecting Fresh Del Monte Produce Inc. being renamed to Del Monte Corporation [ 13 ]
2026-06-16,removed,KW,Kennedy Wilson,"FA replaced KW after it was acquired by consortium led by KW's CEO, William J. McMorrow , with Fairfax Financial . [ 12 ]"
2026-06-16,added,FA,First Advantage,"FA replaced KW after it was acquired by consortium led by KW's CEO, William J. McMorrow , with Fairfax Financial . [ 12 ]"
2026-06-22,removed,CABO,Cable One,USLM replaced CABO as it was no longer representative of the small-cap market space. [ 11 ]
2026-06-22,removed,CTKB,Cytek Biosciences,NIC replaced CTKB as it was no longer representative of the small-cap market space. [ 11 ]
2026-06-22,removed,EMBC,Embecta,POOL was moved from the S&P 500 as it was more representative of the small cap market space. EMBC was removed from the S&P 600 as it was no longer representative of the small-cap market space. [ 11 ]
2026-06-22,removed,ETD,Ethan Allen Interiors,WRBY replaced ETD as it was no longer representative of the small-cap market space. [ 11 ]
2026-06-22,removed,FWRD,Forward Air,IVT replaced FWRD as it was no longer representative of the small-cap market space. [ 11 ]
2026-06-22,removed,GOGO,Gogo Inflight Internet,LAZ replaced GOGO as it was no longer representative of the small-cap market space. [ 11 ]
2026-06-22,removed,IIIN,Insteel Industries,WSBC replaced IIIN as it was no longer representative of the small-cap market space. [ 11 ]
2026-06-22,removed,MNRO,Monro Muffler Brake,LQDA replaced MNRO as it was no longer representative of the small-cap market space. [ 11 ]
2026-06-22,removed,OXM,Oxford Industries,CACC replaced OXM as it was no longer representative of the small-cap market space. [ 11 ]
2026-06-22,removed,PRAA,PRA Group,EBC replaced PRAA as it was no longer representative of the small-cap market space. [ 11 ]
2026-06-22,removed,SANM,Sanmina Corporation,CNXC was moved from the S&P 400 as it was more representative of the small cap market space. SANM was moved to the S&P 400 as it was more representative of the mid-cap market space. [ 11 ]
2026-06-22,removed,SMTC,Semtech,COTY was moved from the S&P 400 as it was more representative of the small cap market space. SMTC was moved to the S&P 400 as it was more representative of the mid-cap market space. [ 11 ]
2026-06-22,removed,UHT,Universal Health Realty Income Trust,CPB was moved from the S&P 500 as it was more representative of the small cap market space. UHT was removed from the S&P 600 as it was no longer representative of the small-cap market space. [ 11 ]
2026-06-22,removed,VIAV,Viavi Solutions,BLKB was moved from the S&P 400 as it was more representative of the small cap market space. VIAV was moved to the S&P 400 as it was more representative of the mid-cap market space. [ 11 ]
2026-06-22,removed,VITL,Vital Farms,RSI replaced VITL as it was no longer representative of the small-cap market space. [ 11 ]
2026-06-22,added,BLKB,Blackbaud,BLKB was moved from the S&P 400 as it was more representative of the small cap market space. VIAV was moved to the S&P 400 as it was more representative of the mid-cap market space. [ 11 ]
2026-06-22,added,CACC,Credit Acceptance,CACC replaced OXM as it was no longer representative of the small-cap market space. [ 11 ]
2026-06-22,added,CNXC,Concentrix,CNXC was moved from the S&P 400 as it was more representative of the small cap market space. SANM was moved to the S&P 400 as it was more representative of the mid-cap market space. [ 11 ]
2026-06-22,added,COTY,Coty,COTY was moved from the S&P 400 as it was more representative of the small cap market space. SMTC was moved to the S&P 400 as it was more representative of the mid-cap market space. [ 11 ]
2026-06-22,added,CPB,Campbell's,CPB was moved from the S&P 500 as it was more representative of the small cap market space. UHT was removed from the S&P 600 as it was no longer representative of the small-cap market space. [ 11 ]
2026-06-22,added,EBC,Eastern Bankshares,EBC replaced PRAA as it was no longer representative of the small-cap market space. [ 11 ]
2026-06-22,added,IVT,InvenTrust Properties,IVT replaced FWRD as it was no longer representative of the small-cap market space. [ 11 ]
2026-06-22,added,LAZ,Lazard,LAZ replaced GOGO as it was no longer representative of the small-cap market space. [ 11 ]
2026-06-22,added,LQDA,Liquidia,LQDA replaced MNRO as it was no longer representative of the small-cap market space. [ 11 ]
2026-06-22,added,NIC,Nicolet Bankshares,NIC replaced CTKB as it was no longer representative of the small-cap market space. [ 11 ]
2026-06-22,added,POOL,Pool Corporation,POOL was moved from the S&P 500 as it was more representative of the small cap market space. EMBC was removed from the S&P 600 as it was no longer representative of the small-cap market space. [ 11 ]
2026-06-22,added,RSI,Rush Street Interactive,RSI replaced VITL as it was no longer representative of the small-cap market space. [ 11 ]
2026-06-22,added,USLM,United States Lime & Minerals,USLM replaced CABO as it was no longer representative of the small-cap market space. [ 11 ]
2026-06-22,added,WRBY,Warby Parker,WRBY replaced ETD as it was no longer representative of the small-cap market space. [ 11 ]
2026-06-22,added,WSBC,WesBanco,WSBC replaced IIIN as it was no longer representative of the small-cap market space. [ 11 ]
2026-06-29,removed,PRA,ProAssurance,NTST replaced PRA after it was acquired by The Doctors Company . [ 10 ]
2026-06-29,added,NTST,NETSTREIT,NTST replaced PRA after it was acquired by The Doctors Company . [ 10 ]
2026-06-30,removed,IAC,,"derived from wiki revision diff (rev 1361863284 @ 2026-06-30, prev 2026-05-28)"
2026-06-30,removed,VSCO,,"derived from wiki revision diff (rev 1361863284 @ 2026-06-30, prev 2026-05-28)"
2026-06-30,added,PPLI,,"derived from wiki revision diff (rev 1361863284 @ 2026-06-30, prev 2026-05-28)"
2026-06-30,added,VSXY,,"derived from wiki revision diff (rev 1361863284 @ 2026-06-30, prev 2026-05-28)"
2026-07-01,removed,ARI,Apollo Commercial Real Estate Finance,NHI replaced ARI after it announced ongoing liquidation activities and was no longer appropriate for the S&P 600. [ 9 ]
2026-07-01,removed,CLB,Core Laboratories,MBGL was spun off from S&P Global and replaced CLB which was no longer representative of the small-cap market space. [ 8 ]
2026-07-01,removed,GDYN,Grid Dynamics Holdings,CAG was moved from the S&P 500 as it was more representative of the small cap market space. GDYN was removed from the S&P 600 as it was no longer representative of the small-cap market space. [ 9 ]
2026-07-01,removed,SEM,Select Medical,GPOR replaced SEM after it was acquired by a consortium consisting of several executives of SEM and the private equity firm WCAS . [ 8 ]
2026-07-01,added,CAG,Conagra Brands,CAG was moved from the S&P 500 as it was more representative of the small cap market space. GDYN was removed from the S&P 600 as it was no longer representative of the small-cap market space. [ 9 ]
2026-07-01,added,GPOR,Gulfport Energy,GPOR replaced SEM after it was acquired by a consortium consisting of several executives of SEM and the private equity firm WCAS . [ 8 ]
2026-07-01,added,MBGL,Mobility Global,MBGL was spun off from S&P Global and replaced CLB which was no longer representative of the small-cap market space. [ 8 ]
2026-07-01,added,NHI,National Health Investors,NHI replaced ARI after it announced ongoing liquidation activities and was no longer appropriate for the S&P 600. [ 9 ]
2026-07-06,removed,STEL,Stellar Bancorp,STEL was acquired by Prosperity Bancshares . GT was moved from the S&P 400 to replace it as it was more representative of the small cap market space. [ 7 ]
2026-07-06,added,GT,Goodyear Tire and Rubber Company,STEL was acquired by Prosperity Bancshares . GT was moved from the S&P 400 to replace it as it was more representative of the small cap market space. [ 7 ]
2026-07-08,removed,RWT,Redwood Trust,MFP was spun off from Middleby Corp. and replaced RWT which was no longer representative of the small-cap market space. [ 6 ]
2026-07-08,removed,WSR,Whitestone REIT,LEU replaced WSR after it was acquired by Ares Management . [ 6 ]
2026-07-08,added,LEU,Centrus Energy,LEU replaced WSR after it was acquired by Ares Management . [ 6 ]
2026-07-08,added,MFP,Midera Food Processing,MFP was spun off from Middleby Corp. and replaced RWT which was no longer representative of the small-cap market space. [ 6 ]
2026-07-15,removed,CPRX,Catalyst Pharmaceuticals,SEI replaced CPRX after it was acquired by Angelini Pharma . [ 5 ]
2026-07-15,added,SEI,Solaris Energy Infrastructure,SEI replaced CPRX after it was acquired by Angelini Pharma . [ 5 ]
2026-07-27,removed,ALSK,,"reconciliation: absent from current roster, present after event walk"
