date,action,ticker,name,reason
2012-08-20,removed,NDN,,"derived from wiki revision diff (rev 508263325 @ 2012-08-20, prev 2012-07-10)"
2013-01-25,added,GAS,,"derived from wiki revision diff (rev 534862350 @ 2013-01-25, prev 2012-12-21)"
2013-01-25,removed,AGL,,"derived from wiki revision diff (rev 534862350 @ 2013-01-25, prev 2012-12-21)"
2013-03-02,added,PRI,,"derived from wiki revision diff (rev 541802782 @ 2013-03-02, prev 2013-01-25)"
2013-03-02,removed,SHAW,,"derived from wiki revision diff (rev 541802782 @ 2013-03-02, prev 2013-01-25)"
2013-10-30,added,ACC,,"derived from wiki revision diff (rev 579407482 @ 2013-10-30, prev 2013-07-25)"
2013-10-30,added,AHL,,"derived from wiki revision diff (rev 579407482 @ 2013-10-30, prev 2013-07-25)"
2013-10-30,added,AMCX,,"derived from wiki revision diff (rev 579407482 @ 2013-10-30, prev 2013-07-25)"
2013-10-30,added,AMD,,"derived from wiki revision diff (rev 579407482 @ 2013-10-30, prev 2013-07-25)"
2013-10-30,added,ANR,,"derived from wiki revision diff (rev 579407482 @ 2013-10-30, prev 2013-07-25)"
2013-10-30,added,APOL,,"derived from wiki revision diff (rev 579407482 @ 2013-10-30, prev 2013-07-25)"
2013-10-30,added,BGC,,"derived from wiki revision diff (rev 579407482 @ 2013-10-30, prev 2013-07-25)"
2013-10-30,added,BIG,,"derived from wiki revision diff (rev 579407482 @ 2013-10-30, prev 2013-07-25)"
2013-10-30,added,BMR,,"derived from wiki revision diff (rev 579407482 @ 2013-10-30, prev 2013-07-25)"
2013-10-30,added,CAB,,"derived from wiki revision diff (rev 579407482 @ 2013-10-30, prev 2013-07-25)"
2013-10-30,added,CBOE,,"derived from wiki revision diff (rev 579407482 @ 2013-10-30, prev 2013-07-25)"
2013-10-30,added,CBST,,"derived from wiki revision diff (rev 579407482 @ 2013-10-30, prev 2013-07-25)"
2013-10-30,added,CEB,,"derived from wiki revision diff (rev 579407482 @ 2013-10-30, prev 2013-07-25)"
2013-10-30,added,CLC,,"derived from wiki revision diff (rev 579407482 @ 2013-10-30, prev 2013-07-25)"
2013-10-30,added,CNK,,"derived from wiki revision diff (rev 579407482 @ 2013-10-30, prev 2013-07-25)"
2013-10-30,added,COO,,"derived from wiki revision diff (rev 579407482 @ 2013-10-30, prev 2013-07-25)"
2013-10-30,added,CPWR,,"derived from wiki revision diff (rev 579407482 @ 2013-10-30, prev 2013-07-25)"
2013-10-30,added,CRI,,"derived from wiki revision diff (rev 579407482 @ 2013-10-30, prev 2013-07-25)"
2013-10-30,added,CRR,,"derived from wiki revision diff (rev 579407482 @ 2013-10-30, prev 2013-07-25)"
2013-10-30,added,CST,,"derived from wiki revision diff (rev 579407482 @ 2013-10-30, prev 2013-07-25)"
2013-10-30,added,CVLT,,"derived from wiki revision diff (rev 579407482 @ 2013-10-30, prev 2013-07-25)"
2013-10-30,added,CY,,"derived from wiki revision diff (rev 579407482 @ 2013-10-30, prev 2013-07-25)"
2013-10-30,added,DDD,,"derived from wiki revision diff (rev 579407482 @ 2013-10-30, prev 2013-07-25)"
2013-10-30,added,DF,,"derived from wiki revision diff (rev 579407482 @ 2013-10-30, prev 2013-07-25)"
2013-10-30,added,DPZ,,"derived from wiki revision diff (rev 579407482 @ 2013-10-30, prev 2013-07-25)"
2013-10-30,added,DRC,,"derived from wiki revision diff (rev 579407482 @ 2013-10-30, prev 2013-07-25)"
2013-10-30,added,DV,,"derived from wiki revision diff (rev 579407482 @ 2013-10-30, prev 2013-07-25)"
2013-10-30,added,ESL,,"derived from wiki revision diff (rev 579407482 @ 2013-10-30, prev 2013-07-25)"
2013-10-30,added,HSNI,,"derived from wiki revision diff (rev 579407482 @ 2013-10-30, prev 2013-07-25)"
2013-10-30,added,ITT,,"derived from wiki revision diff (rev 579407482 @ 2013-10-30, prev 2013-07-25)"
2013-10-30,added,JAH,,"derived from wiki revision diff (rev 579407482 @ 2013-10-30, prev 2013-07-25)"
2013-10-30,added,JNS,,"derived from wiki revision diff (rev 579407482 @ 2013-10-30, prev 2013-07-25)"
2013-10-30,added,KMPR,,"derived from wiki revision diff (rev 579407482 @ 2013-10-30, prev 2013-07-25)"
2013-10-30,added,KRC,,"derived from wiki revision diff (rev 579407482 @ 2013-10-30, prev 2013-07-25)"
2013-10-30,added,PB,,"derived from wiki revision diff (rev 579407482 @ 2013-10-30, prev 2013-07-25)"
2013-10-30,added,POST,,"derived from wiki revision diff (rev 579407482 @ 2013-10-30, prev 2013-07-25)"
2013-10-30,added,Y,,"derived from wiki revision diff (rev 579407482 @ 2013-10-30, prev 2013-07-25)"
2013-10-30,removed,AAI,,"derived from wiki revision diff (rev 579407482 @ 2013-10-30, prev 2013-07-25)"
2013-10-30,removed,ACV,,"derived from wiki revision diff (rev 579407482 @ 2013-10-30, prev 2013-07-25)"
2013-10-30,removed,AM,,"derived from wiki revision diff (rev 579407482 @ 2013-10-30, prev 2013-07-25)"
2013-10-30,removed,AMB,,"derived from wiki revision diff (rev 579407482 @ 2013-10-30, prev 2013-07-25)"
2013-10-30,removed,BEC,,"derived from wiki revision diff (rev 579407482 @ 2013-10-30, prev 2013-07-25)"
2013-10-30,removed,BEZ,,"derived from wiki revision diff (rev 579407482 @ 2013-10-30, prev 2013-07-25)"
2013-10-30,removed,BJ,,"derived from wiki revision diff (rev 579407482 @ 2013-10-30, prev 2013-07-25)"
2013-10-30,removed,BUCY,,"derived from wiki revision diff (rev 579407482 @ 2013-10-30, prev 2013-07-25)"
2013-10-30,removed,BWA,,"derived from wiki revision diff (rev 579407482 @ 2013-10-30, prev 2013-07-25)"
2013-10-30,removed,CBB,,"derived from wiki revision diff (rev 579407482 @ 2013-10-30, prev 2013-07-25)"
2013-10-30,removed,CECO,,"derived from wiki revision diff (rev 579407482 @ 2013-10-30, prev 2013-07-25)"
2013-10-30,removed,CPO,,"derived from wiki revision diff (rev 579407482 @ 2013-10-30, prev 2013-07-25)"
2013-10-30,removed,CUZ,,"derived from wiki revision diff (rev 579407482 @ 2013-10-30, prev 2013-07-25)"
2013-10-30,removed,ESI,,"derived from wiki revision diff (rev 579407482 @ 2013-10-30, prev 2013-07-25)"
2013-10-30,removed,EXBD,,"derived from wiki revision diff (rev 579407482 @ 2013-10-30, prev 2013-07-25)"
2013-10-30,removed,GAS,,"derived from wiki revision diff (rev 579407482 @ 2013-10-30, prev 2013-07-25)"
2013-10-30,removed,JCG,,"derived from wiki revision diff (rev 579407482 @ 2013-10-30, prev 2013-07-25)"
2013-10-30,removed,JEF,,"derived from wiki revision diff (rev 579407482 @ 2013-10-30, prev 2013-07-25)"
2013-10-30,removed,JOYG,,"derived from wiki revision diff (rev 579407482 @ 2013-10-30, prev 2013-07-25)"
2013-10-30,removed,JWA,,"derived from wiki revision diff (rev 579407482 @ 2013-10-30, prev 2013-07-25)"
2013-10-30,removed,KCI,,"derived from wiki revision diff (rev 579407482 @ 2013-10-30, prev 2013-07-25)"
2013-10-30,removed,KFY,,"derived from wiki revision diff (rev 579407482 @ 2013-10-30, prev 2013-07-25)"
2013-10-30,removed,KND,,"derived from wiki revision diff (rev 579407482 @ 2013-10-30, prev 2013-07-25)"
2013-10-30,removed,KSU,,"derived from wiki revision diff (rev 579407482 @ 2013-10-30, prev 2013-07-25)"
2013-10-30,removed,KWK,,"derived from wiki revision diff (rev 579407482 @ 2013-10-30, prev 2013-07-25)"
2013-10-30,removed,LKQX,,"derived from wiki revision diff (rev 579407482 @ 2013-10-30, prev 2013-07-25)"
2013-10-30,removed,LNCR,,"derived from wiki revision diff (rev 579407482 @ 2013-10-30, prev 2013-07-25)"
2013-10-30,removed,LRCX,,"derived from wiki revision diff (rev 579407482 @ 2013-10-30, prev 2013-07-25)"
2013-10-30,removed,MAC,,"derived from wiki revision diff (rev 579407482 @ 2013-10-30, prev 2013-07-25)"
2013-10-30,removed,NAL,,"derived from wiki revision diff (rev 579407482 @ 2013-10-30, prev 2013-07-25)"
2013-10-30,removed,NCI,,"derived from wiki revision diff (rev 579407482 @ 2013-10-30, prev 2013-07-25)"
2013-10-30,removed,NST,,"derived from wiki revision diff (rev 579407482 @ 2013-10-30, prev 2013-07-25)"
2013-10-30,removed,OSG,,"derived from wiki revision diff (rev 579407482 @ 2013-10-30, prev 2013-07-25)"
2013-10-30,removed,PDE,,"derived from wiki revision diff (rev 579407482 @ 2013-10-30, prev 2013-07-25)"
2013-10-30,removed,PETM,,"derived from wiki revision diff (rev 579407482 @ 2013-10-30, prev 2013-07-25)"
2013-10-30,removed,PRSP,,"derived from wiki revision diff (rev 579407482 @ 2013-10-30, prev 2013-07-25)"
2013-10-30,removed,PSS,,"derived from wiki revision diff (rev 579407482 @ 2013-10-30, prev 2013-07-25)"
2013-10-30,removed,QLGC,,"derived from wiki revision diff (rev 579407482 @ 2013-10-30, prev 2013-07-25)"
2013-10-30,removed,QSFT,,"derived from wiki revision diff (rev 579407482 @ 2013-10-30, prev 2013-07-25)"
2013-10-30,removed,RAH,,"derived from wiki revision diff (rev 579407482 @ 2013-10-30, prev 2013-07-25)"
2013-10-30,removed,UTR,,"derived from wiki revision diff (rev 579407482 @ 2013-10-30, prev 2013-07-25)"
2013-11-20,added,EXP,,"derived from wiki revision diff (rev 582546939 @ 2013-11-20, prev 2013-10-30)"
2013-11-20,added,EXR,,"derived from wiki revision diff (rev 582546939 @ 2013-11-20, prev 2013-10-30)"
2013-11-20,added,FBHS,,"derived from wiki revision diff (rev 582546939 @ 2013-11-20, prev 2013-10-30)"
2013-11-20,added,FHN,,"derived from wiki revision diff (rev 582546939 @ 2013-11-20, prev 2013-10-30)"
2013-11-20,added,FII,,"derived from wiki revision diff (rev 582546939 @ 2013-11-20, prev 2013-10-30)"
2013-11-20,added,GWR,,"derived from wiki revision diff (rev 582546939 @ 2013-11-20, prev 2013-10-30)"
2013-11-20,added,HBHC,,"derived from wiki revision diff (rev 582546939 @ 2013-11-20, prev 2013-10-30)"
2013-11-20,added,HFC,,"derived from wiki revision diff (rev 582546939 @ 2013-11-20, prev 2013-10-30)"
2013-11-20,added,HII,,"derived from wiki revision diff (rev 582546939 @ 2013-11-20, prev 2013-10-30)"
2013-11-20,added,HME,,"derived from wiki revision diff (rev 582546939 @ 2013-11-20, prev 2013-10-30)"
2013-11-20,added,HMSY,,"derived from wiki revision diff (rev 582546939 @ 2013-11-20, prev 2013-10-30)"
2013-11-20,added,HSH,,"derived from wiki revision diff (rev 582546939 @ 2013-11-20, prev 2013-10-30)"
2013-11-20,added,HTSI,,"derived from wiki revision diff (rev 582546939 @ 2013-11-20, prev 2013-10-30)"
2013-11-20,added,IDCC,,"derived from wiki revision diff (rev 582546939 @ 2013-11-20, prev 2013-10-30)"
2013-11-20,added,INGR,,"derived from wiki revision diff (rev 582546939 @ 2013-11-20, prev 2013-10-30)"
2013-11-20,added,INT,,"derived from wiki revision diff (rev 582546939 @ 2013-11-20, prev 2013-10-30)"
2013-11-20,added,JWA,,"derived from wiki revision diff (rev 582546939 @ 2013-11-20, prev 2013-10-30)"
2013-11-20,added,LDOS,,"derived from wiki revision diff (rev 582546939 @ 2013-11-20, prev 2013-10-30)"
2013-11-20,added,LKQ,,"derived from wiki revision diff (rev 582546939 @ 2013-11-20, prev 2013-10-30)"
2013-11-20,added,LXK,,"derived from wiki revision diff (rev 582546939 @ 2013-11-20, prev 2013-10-30)"
2013-11-20,added,MATX,,"derived from wiki revision diff (rev 582546939 @ 2013-11-20, prev 2013-10-30)"
2013-11-20,added,MDP,,"derived from wiki revision diff (rev 582546939 @ 2013-11-20, prev 2013-10-30)"
2013-11-20,added,MNK,,"derived from wiki revision diff (rev 582546939 @ 2013-11-20, prev 2013-10-30)"
2013-11-20,added,MUSA,,"derived from wiki revision diff (rev 582546939 @ 2013-11-20, prev 2013-10-30)"
2013-11-20,added,MWW,,"derived from wiki revision diff (rev 582546939 @ 2013-11-20, prev 2013-10-30)"
2013-11-20,added,NNN,,"derived from wiki revision diff (rev 582546939 @ 2013-11-20, prev 2013-10-30)"
2013-11-20,added,NYCB,,"derived from wiki revision diff (rev 582546939 @ 2013-11-20, prev 2013-10-30)"
2013-11-20,added,OIS,,"derived from wiki revision diff (rev 582546939 @ 2013-11-20, prev 2013-10-30)"
2013-11-20,added,PAY,,"derived from wiki revision diff (rev 582546939 @ 2013-11-20, prev 2013-10-30)"
2013-11-20,added,RGLD,,"derived from wiki revision diff (rev 582546939 @ 2013-11-20, prev 2013-10-30)"
2013-11-20,added,ROSE,,"derived from wiki revision diff (rev 582546939 @ 2013-11-20, prev 2013-10-30)"
2013-11-20,added,RRD,,"derived from wiki revision diff (rev 582546939 @ 2013-11-20, prev 2013-10-30)"
2013-11-20,added,SAIC,,"derived from wiki revision diff (rev 582546939 @ 2013-11-20, prev 2013-10-30)"
2013-11-20,added,SBNY,,"derived from wiki revision diff (rev 582546939 @ 2013-11-20, prev 2013-10-30)"
2013-11-20,added,SIG,,"derived from wiki revision diff (rev 582546939 @ 2013-11-20, prev 2013-10-30)"
2013-11-20,added,SLXP,,"derived from wiki revision diff (rev 582546939 @ 2013-11-20, prev 2013-10-30)"
2013-11-20,added,SUNE,,"derived from wiki revision diff (rev 582546939 @ 2013-11-20, prev 2013-10-30)"
2013-11-20,added,SVU,,"derived from wiki revision diff (rev 582546939 @ 2013-11-20, prev 2013-10-30)"
2013-11-20,added,SWI,,"derived from wiki revision diff (rev 582546939 @ 2013-11-20, prev 2013-10-30)"
2013-11-20,added,TGI,,"derived from wiki revision diff (rev 582546939 @ 2013-11-20, prev 2013-10-30)"
2013-11-20,added,TPX,,"derived from wiki revision diff (rev 582546939 @ 2013-11-20, prev 2013-10-30)"
2013-11-20,added,UFS,,"derived from wiki revision diff (rev 582546939 @ 2013-11-20, prev 2013-10-30)"
2013-11-20,added,UNFI,,"derived from wiki revision diff (rev 582546939 @ 2013-11-20, prev 2013-10-30)"
2013-11-20,added,UTIW,,"derived from wiki revision diff (rev 582546939 @ 2013-11-20, prev 2013-10-30)"
2013-11-20,added,VCI,,"derived from wiki revision diff (rev 582546939 @ 2013-11-20, prev 2013-10-30)"
2013-11-20,added,WAFD,,"derived from wiki revision diff (rev 582546939 @ 2013-11-20, prev 2013-10-30)"
2013-11-20,added,WEX,,"derived from wiki revision diff (rev 582546939 @ 2013-11-20, prev 2013-10-30)"
2013-11-20,added,WWAV,,"derived from wiki revision diff (rev 582546939 @ 2013-11-20, prev 2013-10-30)"
2013-11-20,added,WWD,,"derived from wiki revision diff (rev 582546939 @ 2013-11-20, prev 2013-10-30)"
2013-11-20,added,XLS,,"derived from wiki revision diff (rev 582546939 @ 2013-11-20, prev 2013-10-30)"
2013-11-20,removed,AME,,"derived from wiki revision diff (rev 582546939 @ 2013-11-20, prev 2013-10-30)"
2013-11-20,removed,BKS,,"derived from wiki revision diff (rev 582546939 @ 2013-11-20, prev 2013-10-30)"
2013-11-20,removed,BLUD,,"derived from wiki revision diff (rev 582546939 @ 2013-11-20, prev 2013-10-30)"
2013-11-20,removed,BYD,,"derived from wiki revision diff (rev 582546939 @ 2013-11-20, prev 2013-10-30)"
2013-11-20,removed,CMG,,"derived from wiki revision diff (rev 582546939 @ 2013-11-20, prev 2013-10-30)"
2013-11-20,removed,CRK,,"derived from wiki revision diff (rev 582546939 @ 2013-11-20, prev 2013-10-30)"
2013-11-20,removed,DLTR,,"derived from wiki revision diff (rev 582546939 @ 2013-11-20, prev 2013-10-30)"
2013-11-20,removed,DPL,,"derived from wiki revision diff (rev 582546939 @ 2013-11-20, prev 2013-10-30)"
2013-11-20,removed,DRIV,,"derived from wiki revision diff (rev 582546939 @ 2013-11-20, prev 2013-10-30)"
2013-11-20,removed,DYN,,"derived from wiki revision diff (rev 582546939 @ 2013-11-20, prev 2013-10-30)"
2013-11-20,removed,EK,,"derived from wiki revision diff (rev 582546939 @ 2013-11-20, prev 2013-10-30)"
2013-11-20,removed,EW,,"derived from wiki revision diff (rev 582546939 @ 2013-11-20, prev 2013-10-30)"
2013-11-20,removed,EXH,,"derived from wiki revision diff (rev 582546939 @ 2013-11-20, prev 2013-10-30)"
2013-11-20,removed,FOSL,,"derived from wiki revision diff (rev 582546939 @ 2013-11-20, prev 2013-10-30)"
2013-11-20,removed,FST,,"derived from wiki revision diff (rev 582546939 @ 2013-11-20, prev 2013-10-30)"
2013-11-20,removed,FTO,,"derived from wiki revision diff (rev 582546939 @ 2013-11-20, prev 2013-10-30)"
2013-11-20,removed,GDI,,"derived from wiki revision diff (rev 582546939 @ 2013-11-20, prev 2013-10-30)"
2013-11-20,removed,GPRO,,"derived from wiki revision diff (rev 582546939 @ 2013-11-20, prev 2013-10-30)"
2013-11-20,removed,HANS,,"derived from wiki revision diff (rev 582546939 @ 2013-11-20, prev 2013-10-30)"
2013-11-20,removed,HHS,,"derived from wiki revision diff (rev 582546939 @ 2013-11-20, prev 2013-10-30)"
2013-11-20,removed,LZ,,"derived from wiki revision diff (rev 582546939 @ 2013-11-20, prev 2013-10-30)"
2013-11-20,removed,MRX,,"derived from wiki revision diff (rev 582546939 @ 2013-11-20, prev 2013-10-30)"
2013-11-20,removed,NHP,,"derived from wiki revision diff (rev 582546939 @ 2013-11-20, prev 2013-10-30)"
2013-11-20,removed,NYB,,"derived from wiki revision diff (rev 582546939 @ 2013-11-20, prev 2013-10-30)"
2013-11-20,removed,PACW,,"derived from wiki revision diff (rev 582546939 @ 2013-11-20, prev 2013-10-30)"
2013-11-20,removed,PCX,,"derived from wiki revision diff (rev 582546939 @ 2013-11-20, prev 2013-10-30)"
2013-11-20,removed,PNR,,"derived from wiki revision diff (rev 582546939 @ 2013-11-20, prev 2013-10-30)"
2013-11-20,removed,PPDI,,"derived from wiki revision diff (rev 582546939 @ 2013-11-20, prev 2013-10-30)"
2013-11-20,removed,PRGO,,"derived from wiki revision diff (rev 582546939 @ 2013-11-20, prev 2013-10-30)"
2013-11-20,removed,PVH,,"derived from wiki revision diff (rev 582546939 @ 2013-11-20, prev 2013-10-30)"
2013-11-20,removed,PXP,,"derived from wiki revision diff (rev 582546939 @ 2013-11-20, prev 2013-10-30)"
2013-11-20,removed,RDK,,"derived from wiki revision diff (rev 582546939 @ 2013-11-20, prev 2013-10-30)"
2013-11-20,removed,RYL,,"derived from wiki revision diff (rev 582546939 @ 2013-11-20, prev 2013-10-30)"
2013-11-20,removed,SFD,,"derived from wiki revision diff (rev 582546939 @ 2013-11-20, prev 2013-10-30)"
2013-11-20,removed,SRX,,"derived from wiki revision diff (rev 582546939 @ 2013-11-20, prev 2013-10-30)"
2013-11-20,removed,STRA,,"derived from wiki revision diff (rev 582546939 @ 2013-11-20, prev 2013-10-30)"
2013-11-20,removed,SUG,,"derived from wiki revision diff (rev 582546939 @ 2013-11-20, prev 2013-10-30)"
2013-11-20,removed,TBL,,"derived from wiki revision diff (rev 582546939 @ 2013-11-20, prev 2013-10-30)"
2013-11-20,removed,TIN,,"derived from wiki revision diff (rev 582546939 @ 2013-11-20, prev 2013-10-30)"
2013-11-20,removed,TNB,,"derived from wiki revision diff (rev 582546939 @ 2013-11-20, prev 2013-10-30)"
2013-11-20,removed,TRH,,"derived from wiki revision diff (rev 582546939 @ 2013-11-20, prev 2013-10-30)"
2013-11-20,removed,VRTX,,"derived from wiki revision diff (rev 582546939 @ 2013-11-20, prev 2013-10-30)"
2013-11-20,removed,WFSL,,"derived from wiki revision diff (rev 582546939 @ 2013-11-20, prev 2013-10-30)"
2013-11-20,removed,WGOV,,"derived from wiki revision diff (rev 582546939 @ 2013-11-20, prev 2013-10-30)"
2013-11-20,removed,WRC,,"derived from wiki revision diff (rev 582546939 @ 2013-11-20, prev 2013-10-30)"
2014-02-28,added,PTC,,"derived from wiki revision diff (rev 597534985 @ 2014-02-28, prev 2014-01-09)"
2014-02-28,removed,PMTC,,"derived from wiki revision diff (rev 597534985 @ 2014-02-28, prev 2014-01-09)"
2015-05-21,added,AKRX,,"derived from wiki revision diff (rev 663446281 @ 2015-05-21, prev 2015-04-13)"
2015-05-21,added,ALGN,,"derived from wiki revision diff (rev 663446281 @ 2015-05-21, prev 2015-04-13)"
2015-05-21,added,ANF,,"derived from wiki revision diff (rev 663446281 @ 2015-05-21, prev 2015-04-13)"
2015-05-21,added,AOS,,"derived from wiki revision diff (rev 663446281 @ 2015-05-21, prev 2015-04-13)"
2015-05-21,added,ARRS,,"derived from wiki revision diff (rev 663446281 @ 2015-05-21, prev 2015-04-13)"
2015-05-21,added,ASB,,"derived from wiki revision diff (rev 663446281 @ 2015-05-21, prev 2015-04-13)"
2015-05-21,added,AVP,,"derived from wiki revision diff (rev 663446281 @ 2015-05-21, prev 2015-04-13)"
2015-05-21,added,BC,,"derived from wiki revision diff (rev 663446281 @ 2015-05-21, prev 2015-04-13)"
2015-05-21,added,BDC,,"derived from wiki revision diff (rev 663446281 @ 2015-05-21, prev 2015-04-13)"
2015-05-21,added,BMS,,"derived from wiki revision diff (rev 663446281 @ 2015-05-21, prev 2015-04-13)"
2015-05-21,added,BTU,,"derived from wiki revision diff (rev 663446281 @ 2015-05-21, prev 2015-04-13)"
2015-05-21,added,BWLD,,"derived from wiki revision diff (rev 663446281 @ 2015-05-21, prev 2015-04-13)"
2015-05-21,added,CDK,,"derived from wiki revision diff (rev 663446281 @ 2015-05-21, prev 2015-04-13)"
2015-05-21,added,CGNX,,"derived from wiki revision diff (rev 663446281 @ 2015-05-21, prev 2015-04-13)"
2015-05-21,added,CNC,,"derived from wiki revision diff (rev 663446281 @ 2015-05-21, prev 2015-04-13)"
2015-05-21,added,CNO,,"derived from wiki revision diff (rev 663446281 @ 2015-05-21, prev 2015-04-13)"
2015-05-21,added,CRC,,"derived from wiki revision diff (rev 663446281 @ 2015-05-21, prev 2015-04-13)"
2015-05-21,added,CSAL,,"derived from wiki revision diff (rev 663446281 @ 2015-05-21, prev 2015-04-13)"
2015-05-21,added,DAN,,"derived from wiki revision diff (rev 663446281 @ 2015-05-21, prev 2015-04-13)"
2015-05-21,added,DEI,,"derived from wiki revision diff (rev 663446281 @ 2015-05-21, prev 2015-04-13)"
2015-05-21,added,DNKN,,"derived from wiki revision diff (rev 663446281 @ 2015-05-21, prev 2015-04-13)"
2015-05-21,added,DNOW,,"derived from wiki revision diff (rev 663446281 @ 2015-05-21, prev 2015-04-13)"
2015-05-21,added,DNR,,"derived from wiki revision diff (rev 663446281 @ 2015-05-21, prev 2015-04-13)"
2015-05-21,added,FEIC,,"derived from wiki revision diff (rev 663446281 @ 2015-05-21, prev 2015-04-13)"
2015-05-21,added,FTNT,,"derived from wiki revision diff (rev 663446281 @ 2015-05-21, prev 2015-04-13)"
2015-05-21,added,GHC,,"derived from wiki revision diff (rev 663446281 @ 2015-05-21, prev 2015-04-13)"
2015-05-21,added,GPOR,,"derived from wiki revision diff (rev 663446281 @ 2015-05-21, prev 2015-04-13)"
2015-05-21,added,HAIN,,"derived from wiki revision diff (rev 663446281 @ 2015-05-21, prev 2015-04-13)"
2015-05-21,added,HUB.B,,"derived from wiki revision diff (rev 663446281 @ 2015-05-21, prev 2015-04-13)"
2015-05-21,added,HYH,,"derived from wiki revision diff (rev 663446281 @ 2015-05-21, prev 2015-04-13)"
2015-05-21,added,IPGP,,"derived from wiki revision diff (rev 663446281 @ 2015-05-21, prev 2015-04-13)"
2015-05-21,added,JBL,,"derived from wiki revision diff (rev 663446281 @ 2015-05-21, prev 2015-04-13)"
2015-05-21,added,JCP,,"derived from wiki revision diff (rev 663446281 @ 2015-05-21, prev 2015-04-13)"
2015-05-21,added,JDSU,,"derived from wiki revision diff (rev 663446281 @ 2015-05-21, prev 2015-04-13)"
2015-05-21,added,JW.A,,"derived from wiki revision diff (rev 663446281 @ 2015-05-21, prev 2015-04-13)"
2015-05-21,added,KATE,,"derived from wiki revision diff (rev 663446281 @ 2015-05-21, prev 2015-04-13)"
2015-05-21,added,KEYS,,"derived from wiki revision diff (rev 663446281 @ 2015-05-21, prev 2015-04-13)"
2015-05-21,added,KLXI,,"derived from wiki revision diff (rev 663446281 @ 2015-05-21, prev 2015-04-13)"
2015-05-21,added,KN,,"derived from wiki revision diff (rev 663446281 @ 2015-05-21, prev 2015-04-13)"
2015-05-21,added,LHO,,"derived from wiki revision diff (rev 663446281 @ 2015-05-21, prev 2015-04-13)"
2015-05-21,added,LPT,,"derived from wiki revision diff (rev 663446281 @ 2015-05-21, prev 2015-04-13)"
2015-05-21,added,LYV,,"derived from wiki revision diff (rev 663446281 @ 2015-05-21, prev 2015-04-13)"
2015-05-21,added,MAA,,"derived from wiki revision diff (rev 663446281 @ 2015-05-21, prev 2015-04-13)"
2015-05-21,added,MMS,,"derived from wiki revision diff (rev 663446281 @ 2015-05-21, prev 2015-04-13)"
2015-05-21,added,NBR,,"derived from wiki revision diff (rev 663446281 @ 2015-05-21, prev 2015-04-13)"
2015-05-21,added,OA,,"derived from wiki revision diff (rev 663446281 @ 2015-05-21, prev 2015-04-13)"
2015-05-21,added,ODFL,,"derived from wiki revision diff (rev 663446281 @ 2015-05-21, prev 2015-04-13)"
2015-05-21,added,OGS,,"derived from wiki revision diff (rev 663446281 @ 2015-05-21, prev 2015-04-13)"
2015-05-21,added,PACW,,"derived from wiki revision diff (rev 663446281 @ 2015-05-21, prev 2015-04-13)"
2015-05-21,added,POL,,"derived from wiki revision diff (rev 663446281 @ 2015-05-21, prev 2015-04-13)"
2015-05-21,added,QRVO,,"derived from wiki revision diff (rev 663446281 @ 2015-05-21, prev 2015-04-13)"
2015-05-21,added,RDC,,"derived from wiki revision diff (rev 663446281 @ 2015-05-21, prev 2015-04-13)"
2015-05-21,added,RNR,,"derived from wiki revision diff (rev 663446281 @ 2015-05-21, prev 2015-04-13)"
2015-05-21,added,SAM,,"derived from wiki revision diff (rev 663446281 @ 2015-05-21, prev 2015-04-13)"
2015-05-21,added,SF,,"derived from wiki revision diff (rev 663446281 @ 2015-05-21, prev 2015-04-13)"
2015-05-21,added,SIRO,,"derived from wiki revision diff (rev 663446281 @ 2015-05-21, prev 2015-04-13)"
2015-05-21,added,SKT,,"derived from wiki revision diff (rev 663446281 @ 2015-05-21, prev 2015-04-13)"
2015-05-21,added,SLM,,"derived from wiki revision diff (rev 663446281 @ 2015-05-21, prev 2015-04-13)"
2015-05-21,added,TDY,,"derived from wiki revision diff (rev 663446281 @ 2015-05-21, prev 2015-04-13)"
2015-05-21,added,TER,,"derived from wiki revision diff (rev 663446281 @ 2015-05-21, prev 2015-04-13)"
2015-05-21,added,THS,,"derived from wiki revision diff (rev 663446281 @ 2015-05-21, prev 2015-04-13)"
2015-05-21,added,TIME,,"derived from wiki revision diff (rev 663446281 @ 2015-05-21, prev 2015-04-13)"
2015-05-21,added,TMST,,"derived from wiki revision diff (rev 663446281 @ 2015-05-21, prev 2015-04-13)"
2015-05-21,added,TYL,,"derived from wiki revision diff (rev 663446281 @ 2015-05-21, prev 2015-04-13)"
2015-05-21,added,UE,,"derived from wiki revision diff (rev 663446281 @ 2015-05-21, prev 2015-04-13)"
2015-05-21,added,ULTI,,"derived from wiki revision diff (rev 663446281 @ 2015-05-21, prev 2015-04-13)"
2015-05-21,added,UMPQ,,"derived from wiki revision diff (rev 663446281 @ 2015-05-21, prev 2015-04-13)"
2015-05-21,added,VSTO,,"derived from wiki revision diff (rev 663446281 @ 2015-05-21, prev 2015-04-13)"
2015-05-21,added,WIN,,"derived from wiki revision diff (rev 663446281 @ 2015-05-21, prev 2015-04-13)"
2015-05-21,added,WNR,,"derived from wiki revision diff (rev 663446281 @ 2015-05-21, prev 2015-04-13)"
2015-05-21,added,WPG,,"derived from wiki revision diff (rev 663446281 @ 2015-05-21, prev 2015-04-13)"
2015-05-21,added,WPX,,"derived from wiki revision diff (rev 663446281 @ 2015-05-21, prev 2015-04-13)"
2015-05-21,added,X,,"derived from wiki revision diff (rev 663446281 @ 2015-05-21, prev 2015-04-13)"
2015-05-21,removed,ACI,,"derived from wiki revision diff (rev 663446281 @ 2015-05-21, prev 2015-04-13)"
2015-05-21,removed,ACM,,"derived from wiki revision diff (rev 663446281 @ 2015-05-21, prev 2015-04-13)"
2015-05-21,removed,ADS,,"derived from wiki revision diff (rev 663446281 @ 2015-05-21, prev 2015-04-13)"
2015-05-21,removed,ADTN,,"derived from wiki revision diff (rev 663446281 @ 2015-05-21, prev 2015-04-13)"
2015-05-21,removed,AF,,"derived from wiki revision diff (rev 663446281 @ 2015-05-21, prev 2015-04-13)"
2015-05-21,removed,AINV,,"derived from wiki revision diff (rev 663446281 @ 2015-05-21, prev 2015-04-13)"
2015-05-21,removed,AMG,,"derived from wiki revision diff (rev 663446281 @ 2015-05-21, prev 2015-04-13)"
2015-05-21,removed,ANR,,"derived from wiki revision diff (rev 663446281 @ 2015-05-21, prev 2015-04-13)"
2015-05-21,removed,ARO,,"derived from wiki revision diff (rev 663446281 @ 2015-05-21, prev 2015-04-13)"
2015-05-21,removed,ASBC,,"derived from wiki revision diff (rev 663446281 @ 2015-05-21, prev 2015-04-13)"
2015-05-21,removed,ATK,,"derived from wiki revision diff (rev 663446281 @ 2015-05-21, prev 2015-04-13)"
2015-05-21,removed,BCO,,"derived from wiki revision diff (rev 663446281 @ 2015-05-21, prev 2015-04-13)"
2015-05-21,removed,BGC,,"derived from wiki revision diff (rev 663446281 @ 2015-05-21, prev 2015-04-13)"
2015-05-21,removed,BOBE,,"derived from wiki revision diff (rev 663446281 @ 2015-05-21, prev 2015-04-13)"
2015-05-21,removed,BRE,,"derived from wiki revision diff (rev 663446281 @ 2015-05-21, prev 2015-04-13)"
2015-05-21,removed,BYI,,"derived from wiki revision diff (rev 663446281 @ 2015-05-21, prev 2015-04-13)"
2015-05-21,removed,CBST,,"derived from wiki revision diff (rev 663446281 @ 2015-05-21, prev 2015-04-13)"
2015-05-21,removed,CNQR,,"derived from wiki revision diff (rev 663446281 @ 2015-05-21, prev 2015-04-13)"
2015-05-21,removed,CPWR,,"derived from wiki revision diff (rev 663446281 @ 2015-05-21, prev 2015-04-13)"
2015-05-21,removed,CRR,,"derived from wiki revision diff (rev 663446281 @ 2015-05-21, prev 2015-04-13)"
2015-05-21,removed,CVD,,"derived from wiki revision diff (rev 663446281 @ 2015-05-21, prev 2015-04-13)"
2015-05-21,removed,ENDP,,"derived from wiki revision diff (rev 663446281 @ 2015-05-21, prev 2015-04-13)"
2015-05-21,removed,EQIX,,"derived from wiki revision diff (rev 663446281 @ 2015-05-21, prev 2015-04-13)"
2015-05-21,removed,ESS,,"derived from wiki revision diff (rev 663446281 @ 2015-05-21, prev 2015-04-13)"
2015-05-21,removed,FNF,,"derived from wiki revision diff (rev 663446281 @ 2015-05-21, prev 2015-04-13)"
2015-05-21,removed,GHL,,"derived from wiki revision diff (rev 663446281 @ 2015-05-21, prev 2015-04-13)"
2015-05-21,removed,GMCR,,"derived from wiki revision diff (rev 663446281 @ 2015-05-21, prev 2015-04-13)"
2015-05-21,removed,GMT,,"derived from wiki revision diff (rev 663446281 @ 2015-05-21, prev 2015-04-13)"
2015-05-21,removed,GNTX,,"derived from wiki revision diff (rev 663446281 @ 2015-05-21, prev 2015-04-13)"
2015-05-21,removed,GPN,,"derived from wiki revision diff (rev 663446281 @ 2015-05-21, prev 2015-04-13)"
2015-05-21,removed,HBI,,"derived from wiki revision diff (rev 663446281 @ 2015-05-21, prev 2015-04-13)"
2015-05-21,removed,HMA,,"derived from wiki revision diff (rev 663446281 @ 2015-05-21, prev 2015-04-13)"
2015-05-21,removed,HSH,,"derived from wiki revision diff (rev 663446281 @ 2015-05-21, prev 2015-04-13)"
2015-05-21,removed,HSIC,,"derived from wiki revision diff (rev 663446281 @ 2015-05-21, prev 2015-04-13)"
2015-05-21,removed,HTSI,,"derived from wiki revision diff (rev 663446281 @ 2015-05-21, prev 2015-04-13)"
2015-05-21,removed,HUBB,,"derived from wiki revision diff (rev 663446281 @ 2015-05-21, prev 2015-04-13)"
2015-05-21,removed,IPI,,"derived from wiki revision diff (rev 663446281 @ 2015-05-21, prev 2015-04-13)"
2015-05-21,removed,IRF,,"derived from wiki revision diff (rev 663446281 @ 2015-05-21, prev 2015-04-13)"
2015-05-21,removed,JWA,,"derived from wiki revision diff (rev 663446281 @ 2015-05-21, prev 2015-04-13)"
2015-05-21,removed,LPS,,"derived from wiki revision diff (rev 663446281 @ 2015-05-21, prev 2015-04-13)"
2015-05-21,removed,LRY,,"derived from wiki revision diff (rev 663446281 @ 2015-05-21, prev 2015-04-13)"
2015-05-21,removed,MANT,,"derived from wiki revision diff (rev 663446281 @ 2015-05-21, prev 2015-04-13)"
2015-05-21,removed,MASI,,"derived from wiki revision diff (rev 663446281 @ 2015-05-21, prev 2015-04-13)"
2015-05-21,removed,MATW,,"derived from wiki revision diff (rev 663446281 @ 2015-05-21, prev 2015-04-13)"
2015-05-21,removed,MATX,,"derived from wiki revision diff (rev 663446281 @ 2015-05-21, prev 2015-04-13)"
2015-05-21,removed,MCRS,,"derived from wiki revision diff (rev 663446281 @ 2015-05-21, prev 2015-04-13)"
2015-05-21,removed,MHK,,"derived from wiki revision diff (rev 663446281 @ 2015-05-21, prev 2015-04-13)"
2015-05-21,removed,MLM,,"derived from wiki revision diff (rev 663446281 @ 2015-05-21, prev 2015-04-13)"
2015-05-21,removed,MNK,,"derived from wiki revision diff (rev 663446281 @ 2015-05-21, prev 2015-04-13)"
2015-05-21,removed,MWW,,"derived from wiki revision diff (rev 663446281 @ 2015-05-21, prev 2015-04-13)"
2015-05-21,removed,NVE,,"derived from wiki revision diff (rev 663446281 @ 2015-05-21, prev 2015-04-13)"
2015-05-21,removed,O,,"derived from wiki revision diff (rev 663446281 @ 2015-05-21, prev 2015-04-13)"
2015-05-21,removed,PL,,"derived from wiki revision diff (rev 663446281 @ 2015-05-21, prev 2015-04-13)"
2015-05-21,removed,RFMD,,"derived from wiki revision diff (rev 663446281 @ 2015-05-21, prev 2015-04-13)"
2015-05-21,removed,RGS,,"derived from wiki revision diff (rev 663446281 @ 2015-05-21, prev 2015-04-13)"
2015-05-21,removed,RVBD,,"derived from wiki revision diff (rev 663446281 @ 2015-05-21, prev 2015-04-13)"
2015-05-21,removed,SCHL,,"derived from wiki revision diff (rev 663446281 @ 2015-05-21, prev 2015-04-13)"
2015-05-21,removed,SGMS,,"derived from wiki revision diff (rev 663446281 @ 2015-05-21, prev 2015-04-13)"
2015-05-21,removed,SKS,,"derived from wiki revision diff (rev 663446281 @ 2015-05-21, prev 2015-04-13)"
2015-05-21,removed,SLG,,"derived from wiki revision diff (rev 663446281 @ 2015-05-21, prev 2015-04-13)"
2015-05-21,removed,SLXP,,"derived from wiki revision diff (rev 663446281 @ 2015-05-21, prev 2015-04-13)"
2015-05-21,removed,SWKS,,"derived from wiki revision diff (rev 663446281 @ 2015-05-21, prev 2015-04-13)"
2015-05-21,removed,TIBX,,"derived from wiki revision diff (rev 663446281 @ 2015-05-21, prev 2015-04-13)"
2015-05-21,removed,TSCO,,"derived from wiki revision diff (rev 663446281 @ 2015-05-21, prev 2015-04-13)"
2015-05-21,removed,TWTC,,"derived from wiki revision diff (rev 663446281 @ 2015-05-21, prev 2015-04-13)"
2015-05-21,removed,UA,,"derived from wiki revision diff (rev 663446281 @ 2015-05-21, prev 2015-04-13)"
2015-05-21,removed,UHS,,"derived from wiki revision diff (rev 663446281 @ 2015-05-21, prev 2015-04-13)"
2015-05-21,removed,URI,,"derived from wiki revision diff (rev 663446281 @ 2015-05-21, prev 2015-04-13)"
2015-05-21,removed,URS,,"derived from wiki revision diff (rev 663446281 @ 2015-05-21, prev 2015-04-13)"
2015-05-21,removed,UTIW,,"derived from wiki revision diff (rev 663446281 @ 2015-05-21, prev 2015-04-13)"
2015-05-21,removed,UVV,,"derived from wiki revision diff (rev 663446281 @ 2015-05-21, prev 2015-04-13)"
2015-05-21,removed,VCI,,"derived from wiki revision diff (rev 663446281 @ 2015-05-21, prev 2015-04-13)"
2015-05-21,removed,VCLK,,"derived from wiki revision diff (rev 663446281 @ 2015-05-21, prev 2015-04-13)"
2015-05-21,removed,WABC,,"derived from wiki revision diff (rev 663446281 @ 2015-05-21, prev 2015-04-13)"
2015-05-21,removed,WMS,,"derived from wiki revision diff (rev 663446281 @ 2015-05-21, prev 2015-04-13)"
2015-05-21,removed,XEC,,"derived from wiki revision diff (rev 663446281 @ 2015-05-21, prev 2015-04-13)"
2015-06-19,added,ACM,,"derived from wiki revision diff (rev 667639485 @ 2015-06-19, prev 2015-05-21)"
2015-06-19,added,GMT,,"derived from wiki revision diff (rev 667639485 @ 2015-06-19, prev 2015-05-21)"
2015-06-19,added,GNTX,,"derived from wiki revision diff (rev 667639485 @ 2015-06-19, prev 2015-05-21)"
2015-06-19,added,GPN,,"derived from wiki revision diff (rev 667639485 @ 2015-06-19, prev 2015-05-21)"
2015-06-19,added,MANH,,"derived from wiki revision diff (rev 667639485 @ 2015-06-19, prev 2015-05-21)"
2015-06-19,added,OZRK,,"derived from wiki revision diff (rev 667639485 @ 2015-06-19, prev 2015-05-21)"
2015-06-19,added,TLN,,"derived from wiki revision diff (rev 667639485 @ 2015-06-19, prev 2015-05-21)"
2015-06-19,added,WETF,,"derived from wiki revision diff (rev 667639485 @ 2015-06-19, prev 2015-05-21)"
2015-06-19,removed,BBG,,"derived from wiki revision diff (rev 667639485 @ 2015-06-19, prev 2015-05-21)"
2015-06-19,removed,LTM,,"derived from wiki revision diff (rev 667639485 @ 2015-06-19, prev 2015-05-21)"
2015-06-19,removed,QRVO,,"derived from wiki revision diff (rev 667639485 @ 2015-06-19, prev 2015-05-21)"
2015-06-19,removed,WIN,,"derived from wiki revision diff (rev 667639485 @ 2015-06-19, prev 2015-05-21)"
2015-06-19,removed,XLS,,"derived from wiki revision diff (rev 667639485 @ 2015-06-19, prev 2015-05-21)"
2016-03-29,added,MSCC,,"derived from wiki revision diff (rev 712578473 @ 2016-03-29, prev 2016-02-19)"
2016-03-29,removed,ATW,,"derived from wiki revision diff (rev 712578473 @ 2016-03-29, prev 2016-02-19)"
2016-05-04,added,SPXC,,"derived from wiki revision diff (rev 718663041 @ 2016-05-04, prev 2016-03-29)"
2016-05-04,removed,SPW,,"derived from wiki revision diff (rev 718663041 @ 2016-05-04, prev 2016-03-29)"
2016-08-14,added,MBFI,,"derived from wiki revision diff (rev 734404564 @ 2016-08-14, prev 2016-07-21)"
2016-08-14,removed,FNFG,,"derived from wiki revision diff (rev 734404564 @ 2016-08-14, prev 2016-07-21)"
2016-11-14,added,ABMD,,"derived from wiki revision diff (rev 749542468 @ 2016-11-14, prev 2016-08-14)"
2016-11-14,added,CAR,,"derived from wiki revision diff (rev 749542468 @ 2016-11-14, prev 2016-08-14)"
2016-11-14,added,EDR,,"derived from wiki revision diff (rev 749542468 @ 2016-11-14, prev 2016-08-14)"
2016-11-14,added,EME,,"derived from wiki revision diff (rev 749542468 @ 2016-11-14, prev 2016-08-14)"
2016-11-14,added,JACK,,"derived from wiki revision diff (rev 749542468 @ 2016-11-14, prev 2016-08-14)"
2016-11-14,added,TXRH,,"derived from wiki revision diff (rev 749542468 @ 2016-11-14, prev 2016-08-14)"
2016-11-14,added,WST,,"derived from wiki revision diff (rev 749542468 @ 2016-11-14, prev 2016-08-14)"
2016-11-14,removed,AAP,,"derived from wiki revision diff (rev 749542468 @ 2016-11-14, prev 2016-08-14)"
2016-11-14,removed,ADVS,,"derived from wiki revision diff (rev 749542468 @ 2016-11-14, prev 2016-08-14)"
2016-11-14,removed,AJG,,"derived from wiki revision diff (rev 749542468 @ 2016-11-14, prev 2016-08-14)"
2016-11-14,removed,ALB,,"derived from wiki revision diff (rev 749542468 @ 2016-11-14, prev 2016-08-14)"
2016-11-14,removed,ALK,,"derived from wiki revision diff (rev 749542468 @ 2016-11-14, prev 2016-08-14)"
2016-11-14,removed,HOLX,,"derived from wiki revision diff (rev 749542468 @ 2016-11-14, prev 2016-08-14)"
2016-11-14,removed,STR,,"derived from wiki revision diff (rev 749542468 @ 2016-11-14, prev 2016-08-14)"
2016-12-31,added,ATI,,"derived from wiki revision diff (rev 757637907 @ 2016-12-31, prev 2016-11-14)"
2016-12-31,added,BRCD,,"derived from wiki revision diff (rev 757637907 @ 2016-12-31, prev 2016-11-14)"
2016-12-31,added,CAA,,"derived from wiki revision diff (rev 757637907 @ 2016-12-31, prev 2016-11-14)"
2016-12-31,added,CABO,,"derived from wiki revision diff (rev 757637907 @ 2016-12-31, prev 2016-11-14)"
2016-12-31,added,CASY,,"derived from wiki revision diff (rev 757637907 @ 2016-12-31, prev 2016-11-14)"
2016-12-31,added,CBRL,,"derived from wiki revision diff (rev 757637907 @ 2016-12-31, prev 2016-11-14)"
2016-12-31,added,CCP,,"derived from wiki revision diff (rev 757637907 @ 2016-12-31, prev 2016-11-14)"
2016-12-31,added,CHDN,,"derived from wiki revision diff (rev 757637907 @ 2016-12-31, prev 2016-11-14)"
2016-12-31,added,CHFC,,"derived from wiki revision diff (rev 757637907 @ 2016-12-31, prev 2016-11-14)"
2016-12-31,added,CNX,,"derived from wiki revision diff (rev 757637907 @ 2016-12-31, prev 2016-11-14)"
2016-12-31,added,CRUS,,"derived from wiki revision diff (rev 757637907 @ 2016-12-31, prev 2016-11-14)"
2016-12-31,added,CSC,,"derived from wiki revision diff (rev 757637907 @ 2016-12-31, prev 2016-11-14)"
2016-12-31,added,CTLT,,"derived from wiki revision diff (rev 757637907 @ 2016-12-31, prev 2016-11-14)"
2016-12-31,added,CUZ,,"derived from wiki revision diff (rev 757637907 @ 2016-12-31, prev 2016-11-14)"
2016-12-31,added,CW,,"derived from wiki revision diff (rev 757637907 @ 2016-12-31, prev 2016-11-14)"
2016-12-31,added,DCT,,"derived from wiki revision diff (rev 757637907 @ 2016-12-31, prev 2016-11-14)"
2016-12-31,added,DO,,"derived from wiki revision diff (rev 757637907 @ 2016-12-31, prev 2016-11-14)"
2016-12-31,added,DY,,"derived from wiki revision diff (rev 757637907 @ 2016-12-31, prev 2016-11-14)"
2016-12-31,added,ENH,,"derived from wiki revision diff (rev 757637907 @ 2016-12-31, prev 2016-11-14)"
2016-12-31,added,ENS,,"derived from wiki revision diff (rev 757637907 @ 2016-12-31, prev 2016-11-14)"
2016-12-31,added,EPC,,"derived from wiki revision diff (rev 757637907 @ 2016-12-31, prev 2016-11-14)"
2016-12-31,added,EPR,,"derived from wiki revision diff (rev 757637907 @ 2016-12-31, prev 2016-11-14)"
2016-12-31,added,ESV,,"derived from wiki revision diff (rev 757637907 @ 2016-12-31, prev 2016-11-14)"
2016-12-31,added,FNB,,"derived from wiki revision diff (rev 757637907 @ 2016-12-31, prev 2016-11-14)"
2016-12-31,added,FOSL,,"derived from wiki revision diff (rev 757637907 @ 2016-12-31, prev 2016-11-14)"
2016-12-31,added,FR,,"derived from wiki revision diff (rev 757637907 @ 2016-12-31, prev 2016-11-14)"
2016-12-31,added,GATX,,"derived from wiki revision diff (rev 757637907 @ 2016-12-31, prev 2016-11-14)"
2016-12-31,added,GME,,"derived from wiki revision diff (rev 757637907 @ 2016-12-31, prev 2016-11-14)"
2016-12-31,added,GMED,,"derived from wiki revision diff (rev 757637907 @ 2016-12-31, prev 2016-11-14)"
2016-12-31,added,GNW,,"derived from wiki revision diff (rev 757637907 @ 2016-12-31, prev 2016-11-14)"
2016-12-31,added,HELE,,"derived from wiki revision diff (rev 757637907 @ 2016-12-31, prev 2016-11-14)"
2016-12-31,added,HLS,,"derived from wiki revision diff (rev 757637907 @ 2016-12-31, prev 2016-11-14)"
2016-12-31,added,HR,,"derived from wiki revision diff (rev 757637907 @ 2016-12-31, prev 2016-11-14)"
2016-12-31,added,HUBB,,"derived from wiki revision diff (rev 757637907 @ 2016-12-31, prev 2016-11-14)"
2016-12-31,added,JCOM,,"derived from wiki revision diff (rev 757637907 @ 2016-12-31, prev 2016-11-14)"
2016-12-31,added,JOY,,"derived from wiki revision diff (rev 757637907 @ 2016-12-31, prev 2016-11-14)"
2016-12-31,added,LFUS,,"derived from wiki revision diff (rev 757637907 @ 2016-12-31, prev 2016-11-14)"
2016-12-31,added,LIVN,,"derived from wiki revision diff (rev 757637907 @ 2016-12-31, prev 2016-11-14)"
2016-12-31,added,LM,,"derived from wiki revision diff (rev 757637907 @ 2016-12-31, prev 2016-11-14)"
2016-12-31,added,LNCE,,"derived from wiki revision diff (rev 757637907 @ 2016-12-31, prev 2016-11-14)"
2016-12-31,added,LSI,,"derived from wiki revision diff (rev 757637907 @ 2016-12-31, prev 2016-11-14)"
2016-12-31,added,LW,,"derived from wiki revision diff (rev 757637907 @ 2016-12-31, prev 2016-11-14)"
2016-12-31,added,MKTX,,"derived from wiki revision diff (rev 757637907 @ 2016-12-31, prev 2016-11-14)"
2016-12-31,added,MOH,,"derived from wiki revision diff (rev 757637907 @ 2016-12-31, prev 2016-11-14)"
2016-12-31,added,MPW,,"derived from wiki revision diff (rev 757637907 @ 2016-12-31, prev 2016-11-14)"
2016-12-31,added,MPWR,,"derived from wiki revision diff (rev 757637907 @ 2016-12-31, prev 2016-11-14)"
2016-12-31,added,NE,,"derived from wiki revision diff (rev 757637907 @ 2016-12-31, prev 2016-11-14)"
2016-12-31,added,NJR,,"derived from wiki revision diff (rev 757637907 @ 2016-12-31, prev 2016-11-14)"
2016-12-31,added,NTCT,,"derived from wiki revision diff (rev 757637907 @ 2016-12-31, prev 2016-11-14)"
2016-12-31,added,NUVA,,"derived from wiki revision diff (rev 757637907 @ 2016-12-31, prev 2016-11-14)"
2016-12-31,added,NWE,,"derived from wiki revision diff (rev 757637907 @ 2016-12-31, prev 2016-11-14)"
2016-12-31,added,OI,,"derived from wiki revision diff (rev 757637907 @ 2016-12-31, prev 2016-11-14)"
2016-12-31,added,PBH,,"derived from wiki revision diff (rev 757637907 @ 2016-12-31, prev 2016-11-14)"
2016-12-31,added,POOL,,"derived from wiki revision diff (rev 757637907 @ 2016-12-31, prev 2016-11-14)"
2016-12-31,added,PRXL,,"derived from wiki revision diff (rev 757637907 @ 2016-12-31, prev 2016-11-14)"
2016-12-31,added,PVTB,,"derived from wiki revision diff (rev 757637907 @ 2016-12-31, prev 2016-11-14)"
2016-12-31,added,PZZA,,"derived from wiki revision diff (rev 757637907 @ 2016-12-31, prev 2016-11-14)"
2016-12-31,added,QCP,,"derived from wiki revision diff (rev 757637907 @ 2016-12-31, prev 2016-11-14)"
2016-12-31,added,QEP,,"derived from wiki revision diff (rev 757637907 @ 2016-12-31, prev 2016-11-14)"
2016-12-31,added,RH,,"derived from wiki revision diff (rev 757637907 @ 2016-12-31, prev 2016-11-14)"
2016-12-31,added,SBH,,"derived from wiki revision diff (rev 757637907 @ 2016-12-31, prev 2016-11-14)"
2016-12-31,added,SCOR,,"derived from wiki revision diff (rev 757637907 @ 2016-12-31, prev 2016-11-14)"
2016-12-31,added,SFM,,"derived from wiki revision diff (rev 757637907 @ 2016-12-31, prev 2016-11-14)"
2016-12-31,added,SKX,,"derived from wiki revision diff (rev 757637907 @ 2016-12-31, prev 2016-11-14)"
2016-12-31,added,SNX,,"derived from wiki revision diff (rev 757637907 @ 2016-12-31, prev 2016-11-14)"
2016-12-31,added,SWX,,"derived from wiki revision diff (rev 757637907 @ 2016-12-31, prev 2016-11-14)"
2016-12-31,added,SYNA,,"derived from wiki revision diff (rev 757637907 @ 2016-12-31, prev 2016-11-14)"
2016-12-31,added,THC,,"derived from wiki revision diff (rev 757637907 @ 2016-12-31, prev 2016-11-14)"
2016-12-31,added,TPH,,"derived from wiki revision diff (rev 757637907 @ 2016-12-31, prev 2016-11-14)"
2016-12-31,added,TTC,,"derived from wiki revision diff (rev 757637907 @ 2016-12-31, prev 2016-11-14)"
2016-12-31,added,UMBF,,"derived from wiki revision diff (rev 757637907 @ 2016-12-31, prev 2016-11-14)"
2016-12-31,added,VSAT,,"derived from wiki revision diff (rev 757637907 @ 2016-12-31, prev 2016-11-14)"
2016-12-31,added,VSM,,"derived from wiki revision diff (rev 757637907 @ 2016-12-31, prev 2016-11-14)"
2016-12-31,added,WBMD,,"derived from wiki revision diff (rev 757637907 @ 2016-12-31, prev 2016-11-14)"
2016-12-31,removed,ANF,,"derived from wiki revision diff (rev 757637907 @ 2016-12-31, prev 2016-11-14)"
2016-12-31,removed,ANN,,"derived from wiki revision diff (rev 757637907 @ 2016-12-31, prev 2016-11-14)"
2016-12-31,removed,AOL,,"derived from wiki revision diff (rev 757637907 @ 2016-12-31, prev 2016-11-14)"
2016-12-31,removed,APOL,,"derived from wiki revision diff (rev 757637907 @ 2016-12-31, prev 2016-11-14)"
2016-12-31,removed,ASNA,,"derived from wiki revision diff (rev 757637907 @ 2016-12-31, prev 2016-11-14)"
2016-12-31,removed,ATML,,"derived from wiki revision diff (rev 757637907 @ 2016-12-31, prev 2016-11-14)"
2016-12-31,removed,AYI,,"derived from wiki revision diff (rev 757637907 @ 2016-12-31, prev 2016-11-14)"
2016-12-31,removed,BMR,,"derived from wiki revision diff (rev 757637907 @ 2016-12-31, prev 2016-11-14)"
2016-12-31,removed,BTU,,"derived from wiki revision diff (rev 757637907 @ 2016-12-31, prev 2016-11-14)"
2016-12-31,removed,CHD,,"derived from wiki revision diff (rev 757637907 @ 2016-12-31, prev 2016-11-14)"
2016-12-31,removed,CNC,,"derived from wiki revision diff (rev 757637907 @ 2016-12-31, prev 2016-11-14)"
2016-12-31,removed,CNL,,"derived from wiki revision diff (rev 757637907 @ 2016-12-31, prev 2016-11-14)"
2016-12-31,removed,CNW,,"derived from wiki revision diff (rev 757637907 @ 2016-12-31, prev 2016-11-14)"
2016-12-31,removed,COO,,"derived from wiki revision diff (rev 757637907 @ 2016-12-31, prev 2016-11-14)"
2016-12-31,removed,CRC,,"derived from wiki revision diff (rev 757637907 @ 2016-12-31, prev 2016-11-14)"
2016-12-31,removed,CYH,,"derived from wiki revision diff (rev 757637907 @ 2016-12-31, prev 2016-11-14)"
2016-12-31,removed,CYN,,"derived from wiki revision diff (rev 757637907 @ 2016-12-31, prev 2016-11-14)"
2016-12-31,removed,CYT,,"derived from wiki revision diff (rev 757637907 @ 2016-12-31, prev 2016-11-14)"
2016-12-31,removed,DRC,,"derived from wiki revision diff (rev 757637907 @ 2016-12-31, prev 2016-11-14)"
2016-12-31,removed,DWA,,"derived from wiki revision diff (rev 757637907 @ 2016-12-31, prev 2016-11-14)"
2016-12-31,removed,EXR,,"derived from wiki revision diff (rev 757637907 @ 2016-12-31, prev 2016-11-14)"
2016-12-31,removed,FBHS,,"derived from wiki revision diff (rev 757637907 @ 2016-12-31, prev 2016-11-14)"
2016-12-31,removed,FCS,,"derived from wiki revision diff (rev 757637907 @ 2016-12-31, prev 2016-11-14)"
2016-12-31,removed,FEIC,,"derived from wiki revision diff (rev 757637907 @ 2016-12-31, prev 2016-11-14)"
2016-12-31,removed,FL,,"derived from wiki revision diff (rev 757637907 @ 2016-12-31, prev 2016-11-14)"
2016-12-31,removed,FMER,,"derived from wiki revision diff (rev 757637907 @ 2016-12-31, prev 2016-11-14)"
2016-12-31,removed,FRT,,"derived from wiki revision diff (rev 757637907 @ 2016-12-31, prev 2016-11-14)"
2016-12-31,removed,GES,,"derived from wiki revision diff (rev 757637907 @ 2016-12-31, prev 2016-11-14)"
2016-12-31,removed,GMT,,"derived from wiki revision diff (rev 757637907 @ 2016-12-31, prev 2016-11-14)"
2016-12-31,removed,GPN,,"derived from wiki revision diff (rev 757637907 @ 2016-12-31, prev 2016-11-14)"
2016-12-31,removed,HCC,,"derived from wiki revision diff (rev 757637907 @ 2016-12-31, prev 2016-11-14)"
2016-12-31,removed,HLX,,"derived from wiki revision diff (rev 757637907 @ 2016-12-31, prev 2016-11-14)"
2016-12-31,removed,HME,,"derived from wiki revision diff (rev 757637907 @ 2016-12-31, prev 2016-11-14)"
2016-12-31,removed,HMSY,,"derived from wiki revision diff (rev 757637907 @ 2016-12-31, prev 2016-11-14)"
2016-12-31,removed,HNT,,"derived from wiki revision diff (rev 757637907 @ 2016-12-31, prev 2016-11-14)"
2016-12-31,removed,HSC,,"derived from wiki revision diff (rev 757637907 @ 2016-12-31, prev 2016-11-14)"
2016-12-31,removed,HUB.B,,"derived from wiki revision diff (rev 757637907 @ 2016-12-31, prev 2016-11-14)"
2016-12-31,removed,IM,,"derived from wiki revision diff (rev 757637907 @ 2016-12-31, prev 2016-11-14)"
2016-12-31,removed,INFA,,"derived from wiki revision diff (rev 757637907 @ 2016-12-31, prev 2016-11-14)"
2016-12-31,removed,ITRI,,"derived from wiki revision diff (rev 757637907 @ 2016-12-31, prev 2016-11-14)"
2016-12-31,removed,JAH,,"derived from wiki revision diff (rev 757637907 @ 2016-12-31, prev 2016-11-14)"
2016-12-31,removed,JBHT,,"derived from wiki revision diff (rev 757637907 @ 2016-12-31, prev 2016-11-14)"
2016-12-31,removed,JDSU,,"derived from wiki revision diff (rev 757637907 @ 2016-12-31, prev 2016-11-14)"
2016-12-31,removed,LKQ,,"derived from wiki revision diff (rev 757637907 @ 2016-12-31, prev 2016-11-14)"
2016-12-31,removed,LNT,,"derived from wiki revision diff (rev 757637907 @ 2016-12-31, prev 2016-11-14)"
2016-12-31,removed,LXK,,"derived from wiki revision diff (rev 757637907 @ 2016-12-31, prev 2016-11-14)"
2016-12-31,removed,MAA,,"derived from wiki revision diff (rev 757637907 @ 2016-12-31, prev 2016-11-14)"
2016-12-31,removed,MDC,,"derived from wiki revision diff (rev 757637907 @ 2016-12-31, prev 2016-11-14)"
2016-12-31,removed,MTD,,"derived from wiki revision diff (rev 757637907 @ 2016-12-31, prev 2016-11-14)"
2016-12-31,removed,OCR,,"derived from wiki revision diff (rev 757637907 @ 2016-12-31, prev 2016-11-14)"
2016-12-31,removed,PLCM,,"derived from wiki revision diff (rev 757637907 @ 2016-12-31, prev 2016-11-14)"
2016-12-31,removed,RAX,,"derived from wiki revision diff (rev 757637907 @ 2016-12-31, prev 2016-11-14)"
2016-12-31,removed,RCII,,"derived from wiki revision diff (rev 757637907 @ 2016-12-31, prev 2016-11-14)"
2016-12-31,removed,RKT,,"derived from wiki revision diff (rev 757637907 @ 2016-12-31, prev 2016-11-14)"
2016-12-31,removed,ROSE,,"derived from wiki revision diff (rev 757637907 @ 2016-12-31, prev 2016-11-14)"
2016-12-31,removed,ROVI,,"derived from wiki revision diff (rev 757637907 @ 2016-12-31, prev 2016-11-14)"
2016-12-31,removed,RRD,,"derived from wiki revision diff (rev 757637907 @ 2016-12-31, prev 2016-11-14)"
2016-12-31,removed,SFG,,"derived from wiki revision diff (rev 757637907 @ 2016-12-31, prev 2016-11-14)"
2016-12-31,removed,SIG,,"derived from wiki revision diff (rev 757637907 @ 2016-12-31, prev 2016-11-14)"
2016-12-31,removed,SIRO,,"derived from wiki revision diff (rev 757637907 @ 2016-12-31, prev 2016-11-14)"
2016-12-31,removed,SLH,,"derived from wiki revision diff (rev 757637907 @ 2016-12-31, prev 2016-11-14)"
2016-12-31,removed,SMTC,,"derived from wiki revision diff (rev 757637907 @ 2016-12-31, prev 2016-11-14)"
2016-12-31,removed,SPXC,,"derived from wiki revision diff (rev 757637907 @ 2016-12-31, prev 2016-11-14)"
2016-12-31,removed,SUNE,,"derived from wiki revision diff (rev 757637907 @ 2016-12-31, prev 2016-11-14)"
2016-12-31,removed,SVU,,"derived from wiki revision diff (rev 757637907 @ 2016-12-31, prev 2016-11-14)"
2016-12-31,removed,SWI,,"derived from wiki revision diff (rev 757637907 @ 2016-12-31, prev 2016-11-14)"
2016-12-31,removed,TDW,,"derived from wiki revision diff (rev 757637907 @ 2016-12-31, prev 2016-11-14)"
2016-12-31,removed,THOR,,"derived from wiki revision diff (rev 757637907 @ 2016-12-31, prev 2016-11-14)"
2016-12-31,removed,TLN,,"derived from wiki revision diff (rev 757637907 @ 2016-12-31, prev 2016-11-14)"
2016-12-31,removed,TMST,,"derived from wiki revision diff (rev 757637907 @ 2016-12-31, prev 2016-11-14)"
2016-12-31,removed,TW,,"derived from wiki revision diff (rev 757637907 @ 2016-12-31, prev 2016-11-14)"
2016-12-31,removed,UDR,,"derived from wiki revision diff (rev 757637907 @ 2016-12-31, prev 2016-11-14)"
2016-12-31,removed,UNT,,"derived from wiki revision diff (rev 757637907 @ 2016-12-31, prev 2016-11-14)"
2016-12-31,removed,WCN,,"derived from wiki revision diff (rev 757637907 @ 2016-12-31, prev 2016-11-14)"
2017-01-30,added,CC,,"derived from wiki revision diff (rev 762800632 @ 2017-01-30, prev 2016-12-31)"
2017-01-30,removed,IDXX,,"derived from wiki revision diff (rev 762800632 @ 2017-01-30, prev 2016-12-31)"
2017-02-28,added,BIVV,,"derived from wiki revision diff (rev 767941224 @ 2017-02-28, prev 2017-01-30)"
2017-02-28,added,CTB,,"derived from wiki revision diff (rev 767941224 @ 2017-02-28, prev 2017-01-30)"
2017-02-28,added,DDS,,"derived from wiki revision diff (rev 767941224 @ 2017-02-28, prev 2017-01-30)"
2017-02-28,added,LOGM,,"derived from wiki revision diff (rev 767941224 @ 2017-02-28, prev 2017-01-30)"
2017-02-28,removed,ISIL,,"derived from wiki revision diff (rev 767941224 @ 2017-02-28, prev 2017-01-30)"
2017-02-28,removed,RH,,"derived from wiki revision diff (rev 767941224 @ 2017-02-28, prev 2017-01-30)"
2017-02-28,removed,SCOR,,"derived from wiki revision diff (rev 767941224 @ 2017-02-28, prev 2017-01-30)"
2017-02-28,removed,TGI,,"derived from wiki revision diff (rev 767941224 @ 2017-02-28, prev 2017-01-30)"
2017-03-22,added,COHR,,"derived from wiki revision diff (rev 771688614 @ 2017-03-22, prev 2017-02-28)"
2017-03-22,added,CONE,,"derived from wiki revision diff (rev 771688614 @ 2017-03-22, prev 2017-02-28)"
2017-03-22,added,ENDP,,"derived from wiki revision diff (rev 771688614 @ 2017-03-22, prev 2017-02-28)"
2017-03-22,added,FSLR,,"derived from wiki revision diff (rev 771688614 @ 2017-03-22, prev 2017-02-28)"
2017-03-22,added,FTR,,"derived from wiki revision diff (rev 771688614 @ 2017-03-22, prev 2017-02-28)"
2017-03-22,added,GEO,,"derived from wiki revision diff (rev 771688614 @ 2017-03-22, prev 2017-02-28)"
2017-03-22,added,MASI,,"derived from wiki revision diff (rev 771688614 @ 2017-03-22, prev 2017-02-28)"
2017-03-22,added,NUS,,"derived from wiki revision diff (rev 771688614 @ 2017-03-22, prev 2017-02-28)"
2017-03-22,added,PBI,,"derived from wiki revision diff (rev 771688614 @ 2017-03-22, prev 2017-02-28)"
2017-03-22,added,TTWO,,"derived from wiki revision diff (rev 771688614 @ 2017-03-22, prev 2017-02-28)"
2017-03-22,added,URBN,,"derived from wiki revision diff (rev 771688614 @ 2017-03-22, prev 2017-02-28)"
2017-03-22,removed,AMD,,"derived from wiki revision diff (rev 771688614 @ 2017-03-22, prev 2017-02-28)"
2017-03-22,removed,ARE,,"derived from wiki revision diff (rev 771688614 @ 2017-03-22, prev 2017-02-28)"
2017-03-22,removed,CBOE,,"derived from wiki revision diff (rev 771688614 @ 2017-03-22, prev 2017-02-28)"
2017-03-22,removed,CLC,,"derived from wiki revision diff (rev 771688614 @ 2017-03-22, prev 2017-02-28)"
2017-03-22,removed,DNR,,"derived from wiki revision diff (rev 771688614 @ 2017-03-22, prev 2017-02-28)"
2017-03-22,removed,EQY,,"derived from wiki revision diff (rev 771688614 @ 2017-03-22, prev 2017-02-28)"
2017-03-22,removed,FOSL,,"derived from wiki revision diff (rev 771688614 @ 2017-03-22, prev 2017-02-28)"
2017-03-22,removed,REG,,"derived from wiki revision diff (rev 771688614 @ 2017-03-22, prev 2017-02-28)"
2017-03-22,removed,RJF,,"derived from wiki revision diff (rev 771688614 @ 2017-03-22, prev 2017-02-28)"
2017-03-22,removed,SNPS,,"derived from wiki revision diff (rev 771688614 @ 2017-03-22, prev 2017-02-28)"
2017-03-22,removed,VSTO,,"derived from wiki revision diff (rev 771688614 @ 2017-03-22, prev 2017-02-28)"
2017-04-29,added,ACHC,,"derived from wiki revision diff (rev 777894592 @ 2017-04-29, prev 2017-03-22)"
2017-04-29,added,DNB,,"derived from wiki revision diff (rev 777894592 @ 2017-04-29, prev 2017-03-22)"
2017-04-29,added,INCR,,"derived from wiki revision diff (rev 777894592 @ 2017-04-29, prev 2017-03-22)"
2017-04-29,added,MIK,,"derived from wiki revision diff (rev 777894592 @ 2017-04-29, prev 2017-03-22)"
2017-04-29,added,PBF,,"derived from wiki revision diff (rev 777894592 @ 2017-04-29, prev 2017-03-22)"
2017-04-29,added,SABR,,"derived from wiki revision diff (rev 777894592 @ 2017-04-29, prev 2017-03-22)"
2017-04-29,added,SWN,,"derived from wiki revision diff (rev 777894592 @ 2017-04-29, prev 2017-03-22)"
2017-04-29,added,TCBI,,"derived from wiki revision diff (rev 777894592 @ 2017-04-29, prev 2017-03-22)"
2017-04-29,added,UBSI,,"derived from wiki revision diff (rev 777894592 @ 2017-04-29, prev 2017-03-22)"
2017-04-29,added,UNIT,,"derived from wiki revision diff (rev 777894592 @ 2017-04-29, prev 2017-03-22)"
2017-04-29,added,WTFC,,"derived from wiki revision diff (rev 777894592 @ 2017-04-29, prev 2017-03-22)"
2017-04-29,removed,BEAV,,"derived from wiki revision diff (rev 777894592 @ 2017-04-29, prev 2017-03-22)"
2017-04-29,removed,CEB,,"derived from wiki revision diff (rev 777894592 @ 2017-04-29, prev 2017-03-22)"
2017-04-29,removed,CSAL,,"derived from wiki revision diff (rev 777894592 @ 2017-04-29, prev 2017-03-22)"
2017-04-29,removed,CSC,,"derived from wiki revision diff (rev 777894592 @ 2017-04-29, prev 2017-03-22)"
2017-04-29,removed,ENH,,"derived from wiki revision diff (rev 777894592 @ 2017-04-29, prev 2017-03-22)"
2017-04-29,removed,IT,,"derived from wiki revision diff (rev 777894592 @ 2017-04-29, prev 2017-03-22)"
2017-04-29,removed,JOY,,"derived from wiki revision diff (rev 777894592 @ 2017-04-29, prev 2017-03-22)"
2017-04-29,removed,MENT,,"derived from wiki revision diff (rev 777894592 @ 2017-04-29, prev 2017-03-22)"
2017-04-29,removed,WDR,,"derived from wiki revision diff (rev 777894592 @ 2017-04-29, prev 2017-03-22)"
2017-04-29,removed,WETF,,"derived from wiki revision diff (rev 777894592 @ 2017-04-29, prev 2017-03-22)"
2017-04-29,removed,WWAV,,"derived from wiki revision diff (rev 777894592 @ 2017-04-29, prev 2017-03-22)"
2017-05-18,added,VVV,,"derived from wiki revision diff (rev 780923261 @ 2017-05-18, prev 2017-04-29)"
2017-05-18,removed,NE,,"derived from wiki revision diff (rev 780923261 @ 2017-05-18, prev 2017-04-29)"
2017-06-24,added,CARS,,"derived from wiki revision diff (rev 787360767 @ 2017-06-24, prev 2017-05-18)"
2017-06-24,added,HOMB,,"derived from wiki revision diff (rev 787360767 @ 2017-06-24, prev 2017-05-18)"
2017-06-24,added,JHG,,"derived from wiki revision diff (rev 787360767 @ 2017-06-24, prev 2017-05-18)"
2017-06-24,added,MDSO,,"derived from wiki revision diff (rev 787360767 @ 2017-06-24, prev 2017-05-18)"
2017-06-24,added,MTDR,,"derived from wiki revision diff (rev 787360767 @ 2017-06-24, prev 2017-05-18)"
2017-06-24,added,TGNA,,"derived from wiki revision diff (rev 787360767 @ 2017-06-24, prev 2017-05-18)"
2017-06-24,removed,JCP,,"derived from wiki revision diff (rev 787360767 @ 2017-06-24, prev 2017-05-18)"
2017-06-24,removed,JNS,,"derived from wiki revision diff (rev 787360767 @ 2017-06-24, prev 2017-05-18)"
2017-06-24,removed,PVTB,,"derived from wiki revision diff (rev 787360767 @ 2017-06-24, prev 2017-05-18)"
2017-06-24,removed,TIME,,"derived from wiki revision diff (rev 787360767 @ 2017-06-24, prev 2017-05-18)"
2017-06-24,removed,VAL,,"derived from wiki revision diff (rev 787360767 @ 2017-06-24, prev 2017-05-18)"
2017-06-24,removed,WNR,,"derived from wiki revision diff (rev 787360767 @ 2017-06-24, prev 2017-05-18)"
2017-07-20,added,BLKB,,"derived from wiki revision diff (rev 791524478 @ 2017-07-20, prev 2017-06-24)"
2017-07-20,added,CLB,,"derived from wiki revision diff (rev 791524478 @ 2017-07-20, prev 2017-06-24)"
2017-07-20,added,JBGS,,"derived from wiki revision diff (rev 791524478 @ 2017-07-20, prev 2017-06-24)"
2017-07-20,added,KNX,,"derived from wiki revision diff (rev 791524478 @ 2017-07-20, prev 2017-06-24)"
2017-07-20,added,R,,"derived from wiki revision diff (rev 791524478 @ 2017-07-20, prev 2017-06-24)"
2017-07-20,added,TDC,,"derived from wiki revision diff (rev 791524478 @ 2017-07-20, prev 2017-06-24)"
2017-07-20,removed,ALGN,,"derived from wiki revision diff (rev 791524478 @ 2017-07-20, prev 2017-06-24)"
2017-07-20,removed,ANSS,,"derived from wiki revision diff (rev 791524478 @ 2017-07-20, prev 2017-06-24)"
2017-07-20,removed,CHS,,"derived from wiki revision diff (rev 791524478 @ 2017-07-20, prev 2017-06-24)"
2017-07-20,removed,CST,,"derived from wiki revision diff (rev 791524478 @ 2017-07-20, prev 2017-06-24)"
2017-07-20,removed,KATE,,"derived from wiki revision diff (rev 791524478 @ 2017-07-20, prev 2017-06-24)"
2017-07-20,removed,PNRA,,"derived from wiki revision diff (rev 791524478 @ 2017-07-20, prev 2017-06-24)"
2017-08-31,added,AN,,"derived from wiki revision diff (rev 798100344 @ 2017-08-31, prev 2017-07-20)"
2017-08-31,added,BBBY,,"derived from wiki revision diff (rev 798100344 @ 2017-08-31, prev 2017-07-20)"
2017-08-31,added,MNK,,"derived from wiki revision diff (rev 798100344 @ 2017-08-31, prev 2017-07-20)"
2017-08-31,added,MUR,,"derived from wiki revision diff (rev 798100344 @ 2017-08-31, prev 2017-07-20)"
2017-08-31,added,RIG,,"derived from wiki revision diff (rev 798100344 @ 2017-08-31, prev 2017-07-20)"
2017-08-31,removed,AOS,,"derived from wiki revision diff (rev 798100344 @ 2017-08-31, prev 2017-07-20)"
2017-08-31,removed,DRE,,"derived from wiki revision diff (rev 798100344 @ 2017-08-31, prev 2017-07-20)"
2017-08-31,removed,FCN,,"derived from wiki revision diff (rev 798100344 @ 2017-08-31, prev 2017-07-20)"
2017-08-31,removed,PKG,,"derived from wiki revision diff (rev 798100344 @ 2017-08-31, prev 2017-07-20)"
2017-08-31,removed,RMD,,"derived from wiki revision diff (rev 798100344 @ 2017-08-31, prev 2017-07-20)"
2017-09-21,added,BCO,,"derived from wiki revision diff (rev 801783306 @ 2017-09-21, prev 2017-08-31)"
2017-09-21,added,COR,,"derived from wiki revision diff (rev 801783306 @ 2017-09-21, prev 2017-08-31)"
2017-09-21,added,CPE,,"derived from wiki revision diff (rev 801783306 @ 2017-09-21, prev 2017-08-31)"
2017-09-21,added,ILG,,"derived from wiki revision diff (rev 801783306 @ 2017-09-21, prev 2017-08-31)"
2017-09-21,added,SBRA,,"derived from wiki revision diff (rev 801783306 @ 2017-09-21, prev 2017-08-31)"
2017-09-21,removed,CCP,,"derived from wiki revision diff (rev 801783306 @ 2017-09-21, prev 2017-08-31)"
2017-09-21,removed,CDNS,,"derived from wiki revision diff (rev 801783306 @ 2017-09-21, prev 2017-08-31)"
2017-09-21,removed,NSR,,"derived from wiki revision diff (rev 801783306 @ 2017-09-21, prev 2017-08-31)"
2017-09-21,removed,WBMD,,"derived from wiki revision diff (rev 801783306 @ 2017-09-21, prev 2017-08-31)"
2017-09-21,removed,WOOF,,"derived from wiki revision diff (rev 801783306 @ 2017-09-21, prev 2017-08-31)"
2017-10-25,added,ATGE,,"derived from wiki revision diff (rev 807080579 @ 2017-10-25, prev 2017-09-21)"
2017-10-25,added,SAFM,,"derived from wiki revision diff (rev 807080579 @ 2017-10-25, prev 2017-09-21)"
2017-10-25,added,SIX,,"derived from wiki revision diff (rev 807080579 @ 2017-10-25, prev 2017-09-21)"
2017-10-25,added,STL,,"derived from wiki revision diff (rev 807080579 @ 2017-10-25, prev 2017-09-21)"
2017-10-25,added,TCF,,"derived from wiki revision diff (rev 807080579 @ 2017-10-25, prev 2017-09-21)"
2017-10-25,removed,CAB,,"derived from wiki revision diff (rev 807080579 @ 2017-10-25, prev 2017-09-21)"
2017-10-25,removed,DV,,"derived from wiki revision diff (rev 807080579 @ 2017-10-25, prev 2017-09-21)"
2017-10-25,removed,OIS,,"derived from wiki revision diff (rev 807080579 @ 2017-10-25, prev 2017-09-21)"
2017-10-25,removed,PRXL,,"derived from wiki revision diff (rev 807080579 @ 2017-10-25, prev 2017-09-21)"
2017-10-25,removed,TCB,,"derived from wiki revision diff (rev 807080579 @ 2017-10-25, prev 2017-09-21)"
2017-12-16,added,DLPH,,"derived from wiki revision diff (rev 815749728 @ 2017-12-16, prev 2017-10-25)"
2017-12-16,added,MKSI,,"derived from wiki revision diff (rev 815749728 @ 2017-12-16, prev 2017-10-25)"
2017-12-16,added,PNFP,,"derived from wiki revision diff (rev 815749728 @ 2017-12-16, prev 2017-10-25)"
2017-12-16,removed,BRCD,,"derived from wiki revision diff (rev 815749728 @ 2017-12-16, prev 2017-10-25)"
2017-12-16,removed,FTR,,"derived from wiki revision diff (rev 815749728 @ 2017-12-16, prev 2017-10-25)"
2017-12-16,removed,RE,,"derived from wiki revision diff (rev 815749728 @ 2017-12-16, prev 2017-10-25)"
2018-01-22,added,EHC,,"derived from wiki revision diff (rev 821724760 @ 2018-01-22, prev 2017-12-16)"
2018-01-22,added,IBKR,,"derived from wiki revision diff (rev 821724760 @ 2018-01-22, prev 2017-12-16)"
2018-01-22,removed,HLS,,"derived from wiki revision diff (rev 821724760 @ 2018-01-22, prev 2017-12-16)"
2018-01-22,removed,HSNI,,"derived from wiki revision diff (rev 821724760 @ 2018-01-22, prev 2017-12-16)"
2018-02-23,added,HCSG,,"derived from wiki revision diff (rev 827283812 @ 2018-02-23, prev 2018-01-22)"
2018-02-23,added,SGMS,,"derived from wiki revision diff (rev 827283812 @ 2018-02-23, prev 2018-01-22)"
2018-02-23,removed,BWLD,,"derived from wiki revision diff (rev 827283812 @ 2018-02-23, prev 2018-01-22)"
2018-02-23,removed,HII,,"derived from wiki revision diff (rev 827283812 @ 2018-02-23, prev 2018-01-22)"
2018-03-21,added,ALE,,"derived from wiki revision diff (rev 831673729 @ 2018-03-21, prev 2018-02-23)"
2018-03-21,added,BYD,,"derived from wiki revision diff (rev 831673729 @ 2018-03-21, prev 2018-02-23)"
2018-03-21,added,TREE,,"derived from wiki revision diff (rev 831673729 @ 2018-03-21, prev 2018-02-23)"
2018-03-21,removed,BIVV,,"derived from wiki revision diff (rev 831673729 @ 2018-03-21, prev 2018-02-23)"
2018-03-21,removed,CAA,,"derived from wiki revision diff (rev 831673729 @ 2018-03-21, prev 2018-02-23)"
2018-03-21,removed,IPGP,,"derived from wiki revision diff (rev 831673729 @ 2018-03-21, prev 2018-02-23)"
2018-04-29,added,CHK,,"derived from wiki revision diff (rev 838747893 @ 2018-04-29, prev 2018-03-21)"
2018-04-29,added,CMD,,"derived from wiki revision diff (rev 838747893 @ 2018-04-29, prev 2018-03-21)"
2018-04-29,added,EVR,,"derived from wiki revision diff (rev 838747893 @ 2018-04-29, prev 2018-03-21)"
2018-04-29,added,ICUI,,"derived from wiki revision diff (rev 838747893 @ 2018-04-29, prev 2018-03-21)"
2018-04-29,added,LITE,,"derived from wiki revision diff (rev 838747893 @ 2018-04-29, prev 2018-03-21)"
2018-04-29,added,PDCO,,"derived from wiki revision diff (rev 838747893 @ 2018-04-29, prev 2018-03-21)"
2018-04-29,added,SIG,,"derived from wiki revision diff (rev 838747893 @ 2018-04-29, prev 2018-03-21)"
2018-04-29,added,SYNH,,"derived from wiki revision diff (rev 838747893 @ 2018-04-29, prev 2018-03-21)"
2018-04-29,removed,AVP,,"derived from wiki revision diff (rev 838747893 @ 2018-04-29, prev 2018-03-21)"
2018-04-29,removed,DF,,"derived from wiki revision diff (rev 838747893 @ 2018-04-29, prev 2018-03-21)"
2018-04-29,removed,INCR,,"derived from wiki revision diff (rev 838747893 @ 2018-04-29, prev 2018-03-21)"
2018-04-29,removed,LNCE,,"derived from wiki revision diff (rev 838747893 @ 2018-04-29, prev 2018-03-21)"
2018-04-29,removed,MSCI,,"derived from wiki revision diff (rev 838747893 @ 2018-04-29, prev 2018-03-21)"
2018-04-29,removed,OMI,,"derived from wiki revision diff (rev 838747893 @ 2018-04-29, prev 2018-03-21)"
2018-04-29,removed,SIVB,,"derived from wiki revision diff (rev 838747893 @ 2018-04-29, prev 2018-03-21)"
2018-04-29,removed,TTWO,,"derived from wiki revision diff (rev 838747893 @ 2018-04-29, prev 2018-03-21)"
2018-05-20,added,FIVE,,"derived from wiki revision diff (rev 842206058 @ 2018-05-20, prev 2018-04-29)"
2018-05-20,added,NVT,,"derived from wiki revision diff (rev 842206058 @ 2018-05-20, prev 2018-04-29)"
2018-05-20,removed,DST,,"derived from wiki revision diff (rev 842206058 @ 2018-05-20, prev 2018-04-29)"
2018-05-20,removed,KN,,"derived from wiki revision diff (rev 842206058 @ 2018-05-20, prev 2018-04-29)"
2018-06-24,added,APY,,"derived from wiki revision diff (rev 847263506 @ 2018-06-24, prev 2018-05-20)"
2018-06-24,added,OAS,,"derived from wiki revision diff (rev 847263506 @ 2018-06-24, prev 2018-05-20)"
2018-06-24,removed,DDD,,"derived from wiki revision diff (rev 847263506 @ 2018-06-24, prev 2018-05-20)"
2018-06-24,removed,WPG,,"derived from wiki revision diff (rev 847263506 @ 2018-06-24, prev 2018-05-20)"
2018-07-21,added,AYI,,"derived from wiki revision diff (rev 851361720 @ 2018-07-21, prev 2018-06-24)"
2018-07-21,added,CHE,,"derived from wiki revision diff (rev 851361720 @ 2018-07-21, prev 2018-06-24)"
2018-07-21,added,EXEL,,"derived from wiki revision diff (rev 851361720 @ 2018-07-21, prev 2018-06-24)"
2018-07-21,added,HAE,,"derived from wiki revision diff (rev 851361720 @ 2018-07-21, prev 2018-06-24)"
2018-07-21,added,IART,,"derived from wiki revision diff (rev 851361720 @ 2018-07-21, prev 2018-06-24)"
2018-07-21,added,MDR,,"derived from wiki revision diff (rev 851361720 @ 2018-07-21, prev 2018-06-24)"
2018-07-21,added,NAVI,,"derived from wiki revision diff (rev 851361720 @ 2018-07-21, prev 2018-06-24)"
2018-07-21,added,OLLI,,"derived from wiki revision diff (rev 851361720 @ 2018-07-21, prev 2018-06-24)"
2018-07-21,added,OZK,,"derived from wiki revision diff (rev 851361720 @ 2018-07-21, prev 2018-06-24)"
2018-07-21,added,PRAH,,"derived from wiki revision diff (rev 851361720 @ 2018-07-21, prev 2018-06-24)"
2018-07-21,added,RRC,,"derived from wiki revision diff (rev 851361720 @ 2018-07-21, prev 2018-06-24)"
2018-07-21,added,VC,,"derived from wiki revision diff (rev 851361720 @ 2018-07-21, prev 2018-06-24)"
2018-07-21,added,WYND,,"derived from wiki revision diff (rev 851361720 @ 2018-07-21, prev 2018-06-24)"
2018-07-21,removed,ABMD,,"derived from wiki revision diff (rev 851361720 @ 2018-07-21, prev 2018-06-24)"
2018-07-21,removed,BR,,"derived from wiki revision diff (rev 851361720 @ 2018-07-21, prev 2018-06-24)"
2018-07-21,removed,CPRT,,"derived from wiki revision diff (rev 851361720 @ 2018-07-21, prev 2018-06-24)"
2018-07-21,removed,CTB,,"derived from wiki revision diff (rev 851361720 @ 2018-07-21, prev 2018-06-24)"
2018-07-21,removed,DBD,,"derived from wiki revision diff (rev 851361720 @ 2018-07-21, prev 2018-06-24)"
2018-07-21,removed,ENDP,,"derived from wiki revision diff (rev 851361720 @ 2018-07-21, prev 2018-06-24)"
2018-07-21,removed,GXP,,"derived from wiki revision diff (rev 851361720 @ 2018-07-21, prev 2018-06-24)"
2018-07-21,removed,HFC,,"derived from wiki revision diff (rev 851361720 @ 2018-07-21, prev 2018-06-24)"
2018-07-21,removed,MSCC,,"derived from wiki revision diff (rev 851361720 @ 2018-07-21, prev 2018-06-24)"
2018-07-21,removed,OA,,"derived from wiki revision diff (rev 851361720 @ 2018-07-21, prev 2018-06-24)"
2018-07-21,removed,OZRK,,"derived from wiki revision diff (rev 851361720 @ 2018-07-21, prev 2018-06-24)"
2018-07-21,removed,WGL,,"derived from wiki revision diff (rev 851361720 @ 2018-07-21, prev 2018-06-24)"
2018-07-21,removed,WR,,"derived from wiki revision diff (rev 851361720 @ 2018-07-21, prev 2018-06-24)"
2018-08-28,added,ADNT,,"derived from wiki revision diff (rev 856870999 @ 2018-08-28, prev 2018-07-21)"
2018-08-28,added,ERI,,"derived from wiki revision diff (rev 856870999 @ 2018-08-28, prev 2018-07-21)"
2018-08-28,added,WWE,,"derived from wiki revision diff (rev 856870999 @ 2018-08-28, prev 2018-07-21)"
2018-08-28,removed,DCT,,"derived from wiki revision diff (rev 856870999 @ 2018-08-28, prev 2018-07-21)"
2018-08-28,removed,PAY,,"derived from wiki revision diff (rev 856870999 @ 2018-08-28, prev 2018-07-21)"
2018-08-28,removed,QCP,,"derived from wiki revision diff (rev 856870999 @ 2018-08-28, prev 2018-07-21)"
2018-09-26,added,VAC,,"derived from wiki revision diff (rev 861239585 @ 2018-09-26, prev 2018-08-28)"
2018-09-26,added,WTW,,"derived from wiki revision diff (rev 861239585 @ 2018-09-26, prev 2018-08-28)"
2018-09-26,removed,ILG,,"derived from wiki revision diff (rev 861239585 @ 2018-09-26, prev 2018-08-28)"
2018-09-26,removed,KLXI,,"derived from wiki revision diff (rev 861239585 @ 2018-09-26, prev 2018-08-28)"
2018-10-19,added,ASGN,,"derived from wiki revision diff (rev 864769773 @ 2018-10-19, prev 2018-09-26)"
2018-10-19,added,AVNS,,"derived from wiki revision diff (rev 864769773 @ 2018-10-19, prev 2018-09-26)"
2018-10-19,added,HQY,,"derived from wiki revision diff (rev 864769773 @ 2018-10-19, prev 2018-09-26)"
2018-10-19,added,PENN,,"derived from wiki revision diff (rev 864769773 @ 2018-10-19, prev 2018-09-26)"
2018-10-19,added,RLGY,,"derived from wiki revision diff (rev 864769773 @ 2018-10-19, prev 2018-09-26)"
2018-10-19,removed,CVG,,"derived from wiki revision diff (rev 864769773 @ 2018-10-19, prev 2018-09-26)"
2018-10-19,removed,EDR,,"derived from wiki revision diff (rev 864769773 @ 2018-10-19, prev 2018-09-26)"
2018-10-19,removed,FTNT,,"derived from wiki revision diff (rev 864769773 @ 2018-10-19, prev 2018-09-26)"
2018-10-19,removed,HYH,,"derived from wiki revision diff (rev 864769773 @ 2018-10-19, prev 2018-09-26)"
2018-10-19,removed,WCG,,"derived from wiki revision diff (rev 864769773 @ 2018-10-19, prev 2018-09-26)"
2018-11-20,added,HWC,,"derived from wiki revision diff (rev 869771705 @ 2018-11-20, prev 2018-10-19)"
2018-11-20,added,LGND,,"derived from wiki revision diff (rev 869771705 @ 2018-11-20, prev 2018-10-19)"
2018-11-20,added,RAMP,,"derived from wiki revision diff (rev 869771705 @ 2018-11-20, prev 2018-10-19)"
2018-11-20,removed,ACXM,,"derived from wiki revision diff (rev 869771705 @ 2018-11-20, prev 2018-10-19)"
2018-11-20,removed,HBHC,,"derived from wiki revision diff (rev 869771705 @ 2018-11-20, prev 2018-10-19)"
2018-11-20,removed,KEYS,,"derived from wiki revision diff (rev 869771705 @ 2018-11-20, prev 2018-10-19)"
2018-12-05,added,MTZ,,"derived from wiki revision diff (rev 872201966 @ 2018-12-05, prev 2018-11-20)"
2019-01-21,added,TEMPLATE:INVESTORS EXCHANGE LINK,,"derived from wiki revision diff (rev 879517417 @ 2019-01-21, prev 2018-12-05)"
2019-01-21,removed,IBKR,,"derived from wiki revision diff (rev 879517417 @ 2019-01-21, prev 2018-12-05)"
2019-04-13,removed,RDC,,"derived from wiki revision diff (rev 892288421 @ 2019-04-13, prev 2019-02-11)"
2019-08-11,added,TTEK,,"derived from wiki revision diff (rev 910294267 @ 2019-08-11, prev 2019-07-06)"
2019-08-11,added,VAL,,"derived from wiki revision diff (rev 910294267 @ 2019-08-11, prev 2019-07-06)"
2019-08-11,removed,CHFC,,"derived from wiki revision diff (rev 910294267 @ 2019-08-11, prev 2019-07-06)"
2019-08-11,removed,ESV,,"derived from wiki revision diff (rev 910294267 @ 2019-08-11, prev 2019-07-06)"
2019-09-28,added,AAXN,,"derived from wiki revision diff (rev 918482817 @ 2019-09-28, prev 2019-08-11)"
2019-09-28,added,AMED,,"derived from wiki revision diff (rev 918482817 @ 2019-09-28, prev 2019-08-11)"
2019-09-28,added,BHF,,"derived from wiki revision diff (rev 918482817 @ 2019-09-28, prev 2019-08-11)"
2019-09-28,added,BRX,,"derived from wiki revision diff (rev 918482817 @ 2019-09-28, prev 2019-08-11)"
2019-09-28,added,CACI,,"derived from wiki revision diff (rev 918482817 @ 2019-09-28, prev 2019-08-11)"
2019-09-28,added,CFX,,"derived from wiki revision diff (rev 918482817 @ 2019-09-28, prev 2019-08-11)"
2019-09-28,added,CVET,,"derived from wiki revision diff (rev 918482817 @ 2019-09-28, prev 2019-08-11)"
2019-09-28,added,CZR,,"derived from wiki revision diff (rev 918482817 @ 2019-09-28, prev 2019-08-11)"
2019-09-28,added,EGP,,"derived from wiki revision diff (rev 918482817 @ 2019-09-28, prev 2019-08-11)"
2019-09-28,added,EQT,,"derived from wiki revision diff (rev 918482817 @ 2019-09-28, prev 2019-08-11)"
2019-09-28,added,ETRN,,"derived from wiki revision diff (rev 918482817 @ 2019-09-28, prev 2019-08-11)"
2019-09-28,added,FFIN,,"derived from wiki revision diff (rev 918482817 @ 2019-09-28, prev 2019-08-11)"
2019-09-28,added,FL,,"derived from wiki revision diff (rev 918482817 @ 2019-09-28, prev 2019-08-11)"
2019-09-28,added,FLR,,"derived from wiki revision diff (rev 918482817 @ 2019-09-28, prev 2019-08-11)"
2019-09-28,added,GDOT,,"derived from wiki revision diff (rev 918482817 @ 2019-09-28, prev 2019-08-11)"
2019-09-28,added,GRUB,,"derived from wiki revision diff (rev 918482817 @ 2019-09-28, prev 2019-08-11)"
2019-09-28,added,GT,,"derived from wiki revision diff (rev 918482817 @ 2019-09-28, prev 2019-08-11)"
2019-09-28,added,IBKR,,"derived from wiki revision diff (rev 918482817 @ 2019-09-28, prev 2019-08-11)"
2019-09-28,added,MAT,,"derived from wiki revision diff (rev 918482817 @ 2019-09-28, prev 2019-08-11)"
2019-09-28,added,NGVT,,"derived from wiki revision diff (rev 918482817 @ 2019-09-28, prev 2019-08-11)"
2019-09-28,added,NSP,,"derived from wiki revision diff (rev 918482817 @ 2019-09-28, prev 2019-08-11)"
2019-09-28,added,OLED,,"derived from wiki revision diff (rev 918482817 @ 2019-09-28, prev 2019-08-11)"
2019-09-28,added,PEB,,"derived from wiki revision diff (rev 918482817 @ 2019-09-28, prev 2019-08-11)"
2019-09-28,added,PSB,,"derived from wiki revision diff (rev 918482817 @ 2019-09-28, prev 2019-08-11)"
2019-09-28,added,SMTC,,"derived from wiki revision diff (rev 918482817 @ 2019-09-28, prev 2019-08-11)"
2019-09-28,added,SRC,,"derived from wiki revision diff (rev 918482817 @ 2019-09-28, prev 2019-08-11)"
2019-09-28,added,SRCL,,"derived from wiki revision diff (rev 918482817 @ 2019-09-28, prev 2019-08-11)"
2019-09-28,added,TREX,,"derived from wiki revision diff (rev 918482817 @ 2019-09-28, prev 2019-08-11)"
2019-09-28,added,WW,,"derived from wiki revision diff (rev 918482817 @ 2019-09-28, prev 2019-08-11)"
2019-09-28,added,XPO,,"derived from wiki revision diff (rev 918482817 @ 2019-09-28, prev 2019-08-11)"
2019-09-28,added,YELP,,"derived from wiki revision diff (rev 918482817 @ 2019-09-28, prev 2019-08-11)"
2019-09-28,removed,AHL,,"derived from wiki revision diff (rev 918482817 @ 2019-09-28, prev 2019-08-11)"
2019-09-28,removed,ARRS,,"derived from wiki revision diff (rev 918482817 @ 2019-09-28, prev 2019-08-11)"
2019-09-28,removed,BIG,,"derived from wiki revision diff (rev 918482817 @ 2019-09-28, prev 2019-08-11)"
2019-09-28,removed,BMS,,"derived from wiki revision diff (rev 918482817 @ 2019-09-28, prev 2019-08-11)"
2019-09-28,removed,DNB,,"derived from wiki revision diff (rev 918482817 @ 2019-09-28, prev 2019-08-11)"
2019-09-28,removed,DO,,"derived from wiki revision diff (rev 918482817 @ 2019-09-28, prev 2019-08-11)"
2019-09-28,removed,DRQ,,"derived from wiki revision diff (rev 918482817 @ 2019-09-28, prev 2019-08-11)"
2019-09-28,removed,EGN,,"derived from wiki revision diff (rev 918482817 @ 2019-09-28, prev 2019-08-11)"
2019-09-28,removed,ESL,,"derived from wiki revision diff (rev 918482817 @ 2019-09-28, prev 2019-08-11)"
2019-09-28,removed,GPOR,,"derived from wiki revision diff (rev 918482817 @ 2019-09-28, prev 2019-08-11)"
2019-09-28,removed,IDTI,,"derived from wiki revision diff (rev 918482817 @ 2019-09-28, prev 2019-08-11)"
2019-09-28,removed,IEX,,"derived from wiki revision diff (rev 918482817 @ 2019-09-28, prev 2019-08-11)"
2019-09-28,removed,JKHY,,"derived from wiki revision diff (rev 918482817 @ 2019-09-28, prev 2019-08-11)"
2019-09-28,removed,LDOS,,"derived from wiki revision diff (rev 918482817 @ 2019-09-28, prev 2019-08-11)"
2019-09-28,removed,LHO,,"derived from wiki revision diff (rev 918482817 @ 2019-09-28, prev 2019-08-11)"
2019-09-28,removed,LPNT,,"derived from wiki revision diff (rev 918482817 @ 2019-09-28, prev 2019-08-11)"
2019-09-28,removed,LW,,"derived from wiki revision diff (rev 918482817 @ 2019-09-28, prev 2019-08-11)"
2019-09-28,removed,MBFI,,"derived from wiki revision diff (rev 918482817 @ 2019-09-28, prev 2019-08-11)"
2019-09-28,removed,MKTX,,"derived from wiki revision diff (rev 918482817 @ 2019-09-28, prev 2019-08-11)"
2019-09-28,removed,NBR,,"derived from wiki revision diff (rev 918482817 @ 2019-09-28, prev 2019-08-11)"
2019-09-28,removed,PBI,,"derived from wiki revision diff (rev 918482817 @ 2019-09-28, prev 2019-08-11)"
2019-09-28,removed,RLGY,,"derived from wiki revision diff (rev 918482817 @ 2019-09-28, prev 2019-08-11)"
2019-09-28,removed,SM,,"derived from wiki revision diff (rev 918482817 @ 2019-09-28, prev 2019-08-11)"
2019-09-28,removed,SPN,,"derived from wiki revision diff (rev 918482817 @ 2019-09-28, prev 2019-08-11)"
2019-09-28,removed,TCF,,"derived from wiki revision diff (rev 918482817 @ 2019-09-28, prev 2019-08-11)"
2019-09-28,removed,TEMPLATE:INVESTORS EXCHANGE LINK,,"derived from wiki revision diff (rev 918482817 @ 2019-09-28, prev 2019-08-11)"
2019-09-28,removed,TFX,,"derived from wiki revision diff (rev 918482817 @ 2019-09-28, prev 2019-08-11)"
2019-09-28,removed,ULTI,,"derived from wiki revision diff (rev 918482817 @ 2019-09-28, prev 2019-08-11)"
2019-09-28,removed,VVC,,"derived from wiki revision diff (rev 918482817 @ 2019-09-28, prev 2019-08-11)"
2019-09-28,removed,WAB,,"derived from wiki revision diff (rev 918482817 @ 2019-09-28, prev 2019-08-11)"
2019-09-28,removed,WTW,,"derived from wiki revision diff (rev 918482817 @ 2019-09-28, prev 2019-08-11)"
2019-10-31,added,AM,,"derived from wiki revision diff (rev 923911651 @ 2019-10-31, prev 2019-09-28)"
2019-10-31,added,ETSY,,"derived from wiki revision diff (rev 923911651 @ 2019-10-31, prev 2019-09-28)"
2019-10-31,added,FCFS,,"derived from wiki revision diff (rev 923911651 @ 2019-10-31, prev 2019-09-28)"
2019-10-31,added,IIVI,,"derived from wiki revision diff (rev 923911651 @ 2019-10-31, prev 2019-09-28)"
2019-10-31,added,JEF,,"derived from wiki revision diff (rev 923911651 @ 2019-10-31, prev 2019-09-28)"
2019-10-31,added,KAR,,"derived from wiki revision diff (rev 923911651 @ 2019-10-31, prev 2019-09-28)"
2019-10-31,added,MRCY,,"derived from wiki revision diff (rev 923911651 @ 2019-10-31, prev 2019-09-28)"
2019-10-31,added,NKTR,,"derived from wiki revision diff (rev 923911651 @ 2019-10-31, prev 2019-09-28)"
2019-10-31,added,OC,,"derived from wiki revision diff (rev 923911651 @ 2019-10-31, prev 2019-09-28)"
2019-10-31,added,PEN,,"derived from wiki revision diff (rev 923911651 @ 2019-10-31, prev 2019-09-28)"
2019-10-31,added,PK,,"derived from wiki revision diff (rev 923911651 @ 2019-10-31, prev 2019-09-28)"
2019-10-31,added,PPC,,"derived from wiki revision diff (rev 923911651 @ 2019-10-31, prev 2019-09-28)"
2019-10-31,added,RGEN,,"derived from wiki revision diff (rev 923911651 @ 2019-10-31, prev 2019-09-28)"
2019-10-31,added,SEDG,,"derived from wiki revision diff (rev 923911651 @ 2019-10-31, prev 2019-09-28)"
2019-10-31,added,SIGI,,"derived from wiki revision diff (rev 923911651 @ 2019-10-31, prev 2019-09-28)"
2019-10-31,removed,BID,,"derived from wiki revision diff (rev 923911651 @ 2019-10-31, prev 2019-09-28)"
2019-10-31,removed,CARS,,"derived from wiki revision diff (rev 923911651 @ 2019-10-31, prev 2019-09-28)"
2019-10-31,removed,CPE,,"derived from wiki revision diff (rev 923911651 @ 2019-10-31, prev 2019-09-28)"
2019-10-31,removed,ISCA,,"derived from wiki revision diff (rev 923911651 @ 2019-10-31, prev 2019-09-28)"
2019-10-31,removed,MDR,,"derived from wiki revision diff (rev 923911651 @ 2019-10-31, prev 2019-09-28)"
2019-10-31,removed,MIK,,"derived from wiki revision diff (rev 923911651 @ 2019-10-31, prev 2019-09-28)"
2019-10-31,removed,MNK,,"derived from wiki revision diff (rev 923911651 @ 2019-10-31, prev 2019-09-28)"
2019-10-31,removed,NVR,,"derived from wiki revision diff (rev 923911651 @ 2019-10-31, prev 2019-09-28)"
2019-10-31,removed,QEP,,"derived from wiki revision diff (rev 923911651 @ 2019-10-31, prev 2019-09-28)"
2019-10-31,removed,RRC,,"derived from wiki revision diff (rev 923911651 @ 2019-10-31, prev 2019-09-28)"
2019-10-31,removed,SIG,,"derived from wiki revision diff (rev 923911651 @ 2019-10-31, prev 2019-09-28)"
2019-10-31,removed,TUP,,"derived from wiki revision diff (rev 923911651 @ 2019-10-31, prev 2019-09-28)"
2019-10-31,removed,VAL,,"derived from wiki revision diff (rev 923911651 @ 2019-10-31, prev 2019-09-28)"
2019-10-31,removed,VSM,,"derived from wiki revision diff (rev 923911651 @ 2019-10-31, prev 2019-09-28)"
2019-12-27,removed,AKRX,,"derived from wiki revision diff (rev 932594637 @ 2019-12-27, prev 2019-11-10)"
2020-03-26,added,SVC,,"derived from wiki revision diff (rev 947396937 @ 2020-03-26, prev 2020-01-31)"
2020-03-26,added,WTRG,,"derived from wiki revision diff (rev 947396937 @ 2020-03-26, prev 2020-01-31)"
2020-03-26,removed,HPT,,"derived from wiki revision diff (rev 947396937 @ 2020-03-26, prev 2020-01-31)"
2020-03-26,removed,WTR,,"derived from wiki revision diff (rev 947396937 @ 2020-03-26, prev 2020-01-31)"
2020-08-31,added,FHI,,"derived from wiki revision diff (rev 975982402 @ 2020-08-31, prev 2020-07-22)"
2020-08-31,added,GWRS,,"derived from wiki revision diff (rev 975982402 @ 2020-08-31, prev 2020-07-22)"
2020-08-31,removed,FII,,"derived from wiki revision diff (rev 975982402 @ 2020-08-31, prev 2020-07-22)"
2020-08-31,removed,GWR,,"derived from wiki revision diff (rev 975982402 @ 2020-08-31, prev 2020-07-22)"
2020-10-30,added,AKRX,,"derived from wiki revision diff (rev 986144483 @ 2020-10-30, prev 2020-08-31)"
2020-10-30,added,AMG,,"derived from wiki revision diff (rev 986144483 @ 2020-10-30, prev 2020-08-31)"
2020-10-30,added,ARWR,,"derived from wiki revision diff (rev 986144483 @ 2020-10-30, prev 2020-08-31)"
2020-10-30,added,BID,,"derived from wiki revision diff (rev 986144483 @ 2020-10-30, prev 2020-08-31)"
2020-10-30,added,BJ,,"derived from wiki revision diff (rev 986144483 @ 2020-10-30, prev 2020-08-31)"
2020-10-30,added,CCMP,,"derived from wiki revision diff (rev 986144483 @ 2020-10-30, prev 2020-08-31)"
2020-10-30,added,CDAY,,"derived from wiki revision diff (rev 986144483 @ 2020-10-30, prev 2020-08-31)"
2020-10-30,added,CHH,,"derived from wiki revision diff (rev 986144483 @ 2020-10-30, prev 2020-08-31)"
2020-10-30,added,FII,,"derived from wiki revision diff (rev 986144483 @ 2020-10-30, prev 2020-08-31)"
2020-10-30,added,GWR,,"derived from wiki revision diff (rev 986144483 @ 2020-10-30, prev 2020-08-31)"
2020-10-30,added,HPT,,"derived from wiki revision diff (rev 986144483 @ 2020-10-30, prev 2020-08-31)"
2020-10-30,added,INDUSTRIALS,,"derived from wiki revision diff (rev 986144483 @ 2020-10-30, prev 2020-08-31)"
2020-10-30,added,ISCA,,"derived from wiki revision diff (rev 986144483 @ 2020-10-30, prev 2020-08-31)"
2020-10-30,added,LEA,,"derived from wiki revision diff (rev 986144483 @ 2020-10-30, prev 2020-08-31)"
2020-10-30,added,LOPE,,"derived from wiki revision diff (rev 986144483 @ 2020-10-30, prev 2020-08-31)"
2020-10-30,added,MAC,,"derived from wiki revision diff (rev 986144483 @ 2020-10-30, prev 2020-08-31)"
2020-10-30,added,TRIP,,"derived from wiki revision diff (rev 986144483 @ 2020-10-30, prev 2020-08-31)"
2020-10-30,added,VSM,,"derived from wiki revision diff (rev 986144483 @ 2020-10-30, prev 2020-08-31)"
2020-10-30,removed,CVET,,"derived from wiki revision diff (rev 986144483 @ 2020-10-30, prev 2020-08-31)"
2020-10-30,removed,FHI,,"derived from wiki revision diff (rev 986144483 @ 2020-10-30, prev 2020-08-31)"
2020-10-30,removed,GVA,,"derived from wiki revision diff (rev 986144483 @ 2020-10-30, prev 2020-08-31)"
2020-10-30,removed,GWRS,,"derived from wiki revision diff (rev 986144483 @ 2020-10-30, prev 2020-08-31)"
2020-10-30,removed,LYV,,"derived from wiki revision diff (rev 986144483 @ 2020-10-30, prev 2020-08-31)"
2020-10-30,removed,MDSO,,"derived from wiki revision diff (rev 986144483 @ 2020-10-30, prev 2020-08-31)"
2020-10-30,removed,MRCY,,"derived from wiki revision diff (rev 986144483 @ 2020-10-30, prev 2020-08-31)"
2020-10-30,removed,NKTR,,"derived from wiki revision diff (rev 986144483 @ 2020-10-30, prev 2020-08-31)"
2020-10-30,removed,OAS,,"derived from wiki revision diff (rev 986144483 @ 2020-10-30, prev 2020-08-31)"
2020-10-30,removed,ODFL,,"derived from wiki revision diff (rev 986144483 @ 2020-10-30, prev 2020-08-31)"
2020-10-30,removed,OII,,"derived from wiki revision diff (rev 986144483 @ 2020-10-30, prev 2020-08-31)"
2020-10-30,removed,PLT,,"derived from wiki revision diff (rev 986144483 @ 2020-10-30, prev 2020-08-31)"
2020-10-30,removed,SEDG,,"derived from wiki revision diff (rev 986144483 @ 2020-10-30, prev 2020-08-31)"
2020-10-30,removed,STE,,"derived from wiki revision diff (rev 986144483 @ 2020-10-30, prev 2020-08-31)"
2020-10-30,removed,SVC,,"derived from wiki revision diff (rev 986144483 @ 2020-10-30, prev 2020-08-31)"
2020-10-30,removed,SWN,,"derived from wiki revision diff (rev 986144483 @ 2020-10-30, prev 2020-08-31)"
2020-10-30,removed,ZBRA,,"derived from wiki revision diff (rev 986144483 @ 2020-10-30, prev 2020-08-31)"
2020-11-23,added,CIT,,"derived from wiki revision diff (rev 990282804 @ 2020-11-23, prev 2020-10-30)"
2020-11-23,added,COLM,,"derived from wiki revision diff (rev 990282804 @ 2020-11-23, prev 2020-10-30)"
2020-11-23,added,DAR,,"derived from wiki revision diff (rev 990282804 @ 2020-11-23, prev 2020-10-30)"
2020-11-23,added,FCN,,"derived from wiki revision diff (rev 990282804 @ 2020-11-23, prev 2020-10-30)"
2020-11-23,added,GNRC,,"derived from wiki revision diff (rev 990282804 @ 2020-11-23, prev 2020-10-30)"
2020-11-23,added,LHCG,,"derived from wiki revision diff (rev 990282804 @ 2020-11-23, prev 2020-10-30)"
2020-11-23,added,RH,,"derived from wiki revision diff (rev 990282804 @ 2020-11-23, prev 2020-10-30)"
2020-11-23,added,TMHC,,"derived from wiki revision diff (rev 990282804 @ 2020-11-23, prev 2020-10-30)"
2020-11-23,added,XEC,,"derived from wiki revision diff (rev 990282804 @ 2020-11-23, prev 2020-10-30)"
2020-11-23,removed,ALEX,,"derived from wiki revision diff (rev 990282804 @ 2020-11-23, prev 2020-10-30)"
2020-11-23,removed,CHK,,"derived from wiki revision diff (rev 990282804 @ 2020-11-23, prev 2020-10-30)"
2020-11-23,removed,CY,,"derived from wiki revision diff (rev 990282804 @ 2020-11-23, prev 2020-10-30)"
2020-11-23,removed,GDOT,,"derived from wiki revision diff (rev 990282804 @ 2020-11-23, prev 2020-10-30)"
2020-11-23,removed,GWR,,"derived from wiki revision diff (rev 990282804 @ 2020-11-23, prev 2020-10-30)"
2020-11-23,removed,INDUSTRIALS,,"derived from wiki revision diff (rev 990282804 @ 2020-11-23, prev 2020-10-30)"
2020-11-23,removed,LOGM,,"derived from wiki revision diff (rev 990282804 @ 2020-11-23, prev 2020-10-30)"
2020-11-23,removed,LPT,,"derived from wiki revision diff (rev 990282804 @ 2020-11-23, prev 2020-10-30)"
2020-11-23,removed,SKT,,"derived from wiki revision diff (rev 990282804 @ 2020-11-23, prev 2020-10-30)"
2020-11-23,removed,UNIT,,"derived from wiki revision diff (rev 990282804 @ 2020-11-23, prev 2020-10-30)"
2020-12-29,added,ADS,,"derived from wiki revision diff (rev 997074539 @ 2020-12-29, prev 2020-11-23)"
2020-12-29,added,AIRC,,"derived from wiki revision diff (rev 997074539 @ 2020-12-29, prev 2020-11-23)"
2020-12-29,added,BLD,,"derived from wiki revision diff (rev 997074539 @ 2020-12-29, prev 2020-11-23)"
2020-12-29,added,BLDR,,"derived from wiki revision diff (rev 997074539 @ 2020-12-29, prev 2020-11-23)"
2020-12-29,added,CNXC,,"derived from wiki revision diff (rev 997074539 @ 2020-12-29, prev 2020-11-23)"
2020-12-29,added,COTY,,"derived from wiki revision diff (rev 997074539 @ 2020-12-29, prev 2020-11-23)"
2020-12-29,added,DOC,,"derived from wiki revision diff (rev 997074539 @ 2020-12-29, prev 2020-11-23)"
2020-12-29,added,EBS,,"derived from wiki revision diff (rev 997074539 @ 2020-12-29, prev 2020-11-23)"
2020-12-29,added,ENPH,,"derived from wiki revision diff (rev 997074539 @ 2020-12-29, prev 2020-11-23)"
2020-12-29,added,ESNT,,"derived from wiki revision diff (rev 997074539 @ 2020-12-29, prev 2020-11-23)"
2020-12-29,added,FOXF,,"derived from wiki revision diff (rev 997074539 @ 2020-12-29, prev 2020-11-23)"
2020-12-29,added,GBCI,,"derived from wiki revision diff (rev 997074539 @ 2020-12-29, prev 2020-11-23)"
2020-12-29,added,GO,,"derived from wiki revision diff (rev 997074539 @ 2020-12-29, prev 2020-11-23)"
2020-12-29,added,HALO,,"derived from wiki revision diff (rev 997074539 @ 2020-12-29, prev 2020-11-23)"
2020-12-29,added,HOG,,"derived from wiki revision diff (rev 997074539 @ 2020-12-29, prev 2020-11-23)"
2020-12-29,added,HPP,,"derived from wiki revision diff (rev 997074539 @ 2020-12-29, prev 2020-11-23)"
2020-12-29,added,HRB,,"derived from wiki revision diff (rev 997074539 @ 2020-12-29, prev 2020-11-23)"
2020-12-29,added,HXL,,"derived from wiki revision diff (rev 997074539 @ 2020-12-29, prev 2020-11-23)"
2020-12-29,added,IAA,,"derived from wiki revision diff (rev 997074539 @ 2020-12-29, prev 2020-11-23)"
2020-12-29,added,JAZZ,,"derived from wiki revision diff (rev 997074539 @ 2020-12-29, prev 2020-11-23)"
2020-12-29,added,JWN,,"derived from wiki revision diff (rev 997074539 @ 2020-12-29, prev 2020-11-23)"
2020-12-29,added,KSS,,"derived from wiki revision diff (rev 997074539 @ 2020-12-29, prev 2020-11-23)"
2020-12-29,added,LAD,,"derived from wiki revision diff (rev 997074539 @ 2020-12-29, prev 2020-11-23)"
2020-12-29,added,MEDP,,"derived from wiki revision diff (rev 997074539 @ 2020-12-29, prev 2020-11-23)"
2020-12-29,added,MIDD,,"derived from wiki revision diff (rev 997074539 @ 2020-12-29, prev 2020-11-23)"
2020-12-29,added,MRCY,,"derived from wiki revision diff (rev 997074539 @ 2020-12-29, prev 2020-11-23)"
2020-12-29,added,MTG,,"derived from wiki revision diff (rev 997074539 @ 2020-12-29, prev 2020-11-23)"
2020-12-29,added,NEOG,,"derived from wiki revision diff (rev 997074539 @ 2020-12-29, prev 2020-11-23)"
2020-12-29,added,NKTR,,"derived from wiki revision diff (rev 997074539 @ 2020-12-29, prev 2020-11-23)"
2020-12-29,added,PCTY,,"derived from wiki revision diff (rev 997074539 @ 2020-12-29, prev 2020-11-23)"
2020-12-29,added,PRG,,"derived from wiki revision diff (rev 997074539 @ 2020-12-29, prev 2020-11-23)"
2020-12-29,added,PRSP,,"derived from wiki revision diff (rev 997074539 @ 2020-12-29, prev 2020-11-23)"
2020-12-29,added,QDEL,,"derived from wiki revision diff (rev 997074539 @ 2020-12-29, prev 2020-11-23)"
2020-12-29,added,QLYS,,"derived from wiki revision diff (rev 997074539 @ 2020-12-29, prev 2020-11-23)"
2020-12-29,added,REXR,,"derived from wiki revision diff (rev 997074539 @ 2020-12-29, prev 2020-11-23)"
2020-12-29,added,RLI,,"derived from wiki revision diff (rev 997074539 @ 2020-12-29, prev 2020-11-23)"
2020-12-29,added,RUN,,"derived from wiki revision diff (rev 997074539 @ 2020-12-29, prev 2020-11-23)"
2020-12-29,added,SAIL,,"derived from wiki revision diff (rev 997074539 @ 2020-12-29, prev 2020-11-23)"
2020-12-29,added,SEDG,,"derived from wiki revision diff (rev 997074539 @ 2020-12-29, prev 2020-11-23)"
2020-12-29,added,SR,,"derived from wiki revision diff (rev 997074539 @ 2020-12-29, prev 2020-11-23)"
2020-12-29,added,SSD,,"derived from wiki revision diff (rev 997074539 @ 2020-12-29, prev 2020-11-23)"
2020-12-29,added,STOR,,"derived from wiki revision diff (rev 997074539 @ 2020-12-29, prev 2020-11-23)"
2020-12-29,added,STRA,,"derived from wiki revision diff (rev 997074539 @ 2020-12-29, prev 2020-11-23)"
2020-12-29,added,TCF,,"derived from wiki revision diff (rev 997074539 @ 2020-12-29, prev 2020-11-23)"
2020-12-29,added,UNVR,,"derived from wiki revision diff (rev 997074539 @ 2020-12-29, prev 2020-11-23)"
2020-12-29,added,WH,,"derived from wiki revision diff (rev 997074539 @ 2020-12-29, prev 2020-11-23)"
2020-12-29,added,WING,,"derived from wiki revision diff (rev 997074539 @ 2020-12-29, prev 2020-11-23)"
2020-12-29,removed,AAN,,"derived from wiki revision diff (rev 997074539 @ 2020-12-29, prev 2020-11-23)"
2020-12-29,removed,AKRX,,"derived from wiki revision diff (rev 997074539 @ 2020-12-29, prev 2020-11-23)"
2020-12-29,removed,AMCX,,"derived from wiki revision diff (rev 997074539 @ 2020-12-29, prev 2020-11-23)"
2020-12-29,removed,ATI,,"derived from wiki revision diff (rev 997074539 @ 2020-12-29, prev 2020-11-23)"
2020-12-29,removed,ATO,,"derived from wiki revision diff (rev 997074539 @ 2020-12-29, prev 2020-11-23)"
2020-12-29,removed,BBBY,,"derived from wiki revision diff (rev 997074539 @ 2020-12-29, prev 2020-11-23)"
2020-12-29,removed,BID,,"derived from wiki revision diff (rev 997074539 @ 2020-12-29, prev 2020-11-23)"
2020-12-29,removed,BIO,,"derived from wiki revision diff (rev 997074539 @ 2020-12-29, prev 2020-11-23)"
2020-12-29,removed,CAKE,,"derived from wiki revision diff (rev 997074539 @ 2020-12-29, prev 2020-11-23)"
2020-12-29,removed,CLB,,"derived from wiki revision diff (rev 997074539 @ 2020-12-29, prev 2020-11-23)"
2020-12-29,removed,CLI,,"derived from wiki revision diff (rev 997074539 @ 2020-12-29, prev 2020-11-23)"
2020-12-29,removed,CRS,,"derived from wiki revision diff (rev 997074539 @ 2020-12-29, prev 2020-11-23)"
2020-12-29,removed,CTLT,,"derived from wiki revision diff (rev 997074539 @ 2020-12-29, prev 2020-11-23)"
2020-12-29,removed,CXW,,"derived from wiki revision diff (rev 997074539 @ 2020-12-29, prev 2020-11-23)"
2020-12-29,removed,DDS,,"derived from wiki revision diff (rev 997074539 @ 2020-12-29, prev 2020-11-23)"
2020-12-29,removed,DLPH,,"derived from wiki revision diff (rev 997074539 @ 2020-12-29, prev 2020-11-23)"
2020-12-29,removed,DLX,,"derived from wiki revision diff (rev 997074539 @ 2020-12-29, prev 2020-11-23)"
2020-12-29,removed,DNKN,,"derived from wiki revision diff (rev 997074539 @ 2020-12-29, prev 2020-11-23)"
2020-12-29,removed,DNOW,,"derived from wiki revision diff (rev 997074539 @ 2020-12-29, prev 2020-11-23)"
2020-12-29,removed,DPZ,,"derived from wiki revision diff (rev 997074539 @ 2020-12-29, prev 2020-11-23)"
2020-12-29,removed,EAT,,"derived from wiki revision diff (rev 997074539 @ 2020-12-29, prev 2020-11-23)"
2020-12-29,removed,ERI,,"derived from wiki revision diff (rev 997074539 @ 2020-12-29, prev 2020-11-23)"
2020-12-29,removed,ETSY,,"derived from wiki revision diff (rev 997074539 @ 2020-12-29, prev 2020-11-23)"
2020-12-29,removed,GEO,,"derived from wiki revision diff (rev 997074539 @ 2020-12-29, prev 2020-11-23)"
2020-12-29,removed,GME,,"derived from wiki revision diff (rev 997074539 @ 2020-12-29, prev 2020-11-23)"
2020-12-29,removed,ISCA,,"derived from wiki revision diff (rev 997074539 @ 2020-12-29, prev 2020-11-23)"
2020-12-29,removed,LM,,"derived from wiki revision diff (rev 997074539 @ 2020-12-29, prev 2020-11-23)"
2020-12-29,removed,MD,,"derived from wiki revision diff (rev 997074539 @ 2020-12-29, prev 2020-11-23)"
2020-12-29,removed,MDP,,"derived from wiki revision diff (rev 997074539 @ 2020-12-29, prev 2020-11-23)"
2020-12-29,removed,MDRX,,"derived from wiki revision diff (rev 997074539 @ 2020-12-29, prev 2020-11-23)"
2020-12-29,removed,MTDR,,"derived from wiki revision diff (rev 997074539 @ 2020-12-29, prev 2020-11-23)"
2020-12-29,removed,ODP,,"derived from wiki revision diff (rev 997074539 @ 2020-12-29, prev 2020-11-23)"
2020-12-29,removed,PBF,,"derived from wiki revision diff (rev 997074539 @ 2020-12-29, prev 2020-11-23)"
2020-12-29,removed,POOL,,"derived from wiki revision diff (rev 997074539 @ 2020-12-29, prev 2020-11-23)"
2020-12-29,removed,PTEN,,"derived from wiki revision diff (rev 997074539 @ 2020-12-29, prev 2020-11-23)"
2020-12-29,removed,RIG,,"derived from wiki revision diff (rev 997074539 @ 2020-12-29, prev 2020-11-23)"
2020-12-29,removed,ROL,,"derived from wiki revision diff (rev 997074539 @ 2020-12-29, prev 2020-11-23)"
2020-12-29,removed,SBH,,"derived from wiki revision diff (rev 997074539 @ 2020-12-29, prev 2020-11-23)"
2020-12-29,removed,SNH,,"derived from wiki revision diff (rev 997074539 @ 2020-12-29, prev 2020-11-23)"
2020-12-29,removed,TDY,,"derived from wiki revision diff (rev 997074539 @ 2020-12-29, prev 2020-11-23)"
2020-12-29,removed,TECD,,"derived from wiki revision diff (rev 997074539 @ 2020-12-29, prev 2020-11-23)"
2020-12-29,removed,TER,,"derived from wiki revision diff (rev 997074539 @ 2020-12-29, prev 2020-11-23)"
2020-12-29,removed,TYL,,"derived from wiki revision diff (rev 997074539 @ 2020-12-29, prev 2020-11-23)"
2020-12-29,removed,UNFI,,"derived from wiki revision diff (rev 997074539 @ 2020-12-29, prev 2020-11-23)"
2020-12-29,removed,VSM,,"derived from wiki revision diff (rev 997074539 @ 2020-12-29, prev 2020-11-23)"
2020-12-29,removed,WRB,,"derived from wiki revision diff (rev 997074539 @ 2020-12-29, prev 2020-11-23)"
2020-12-29,removed,WST,,"derived from wiki revision diff (rev 997074539 @ 2020-12-29, prev 2020-11-23)"
2021-01-26,added,AVNT,,"derived from wiki revision diff (rev 1002981626 @ 2021-01-26, prev 2020-12-29)"
2021-01-26,added,BRKS,,"derived from wiki revision diff (rev 1002981626 @ 2021-01-26, prev 2020-12-29)"
2021-01-26,added,CHX,,"derived from wiki revision diff (rev 1002981626 @ 2021-01-26, prev 2020-12-29)"
2021-01-26,added,CPRI,,"derived from wiki revision diff (rev 1002981626 @ 2021-01-26, prev 2020-12-29)"
2021-01-26,added,FHI,,"derived from wiki revision diff (rev 1002981626 @ 2021-01-26, prev 2020-12-29)"
2021-01-26,added,KNSL,,"derived from wiki revision diff (rev 1002981626 @ 2021-01-26, prev 2020-12-29)"
2021-01-26,added,SVC,,"derived from wiki revision diff (rev 1002981626 @ 2021-01-26, prev 2020-12-29)"
2021-01-26,removed,APY,,"derived from wiki revision diff (rev 1002981626 @ 2021-01-26, prev 2020-12-29)"
2021-01-26,removed,ENPH,,"derived from wiki revision diff (rev 1002981626 @ 2021-01-26, prev 2020-12-29)"
2021-01-26,removed,FII,,"derived from wiki revision diff (rev 1002981626 @ 2021-01-26, prev 2020-12-29)"
2021-01-26,removed,HPT,,"derived from wiki revision diff (rev 1002981626 @ 2021-01-26, prev 2020-12-29)"
2021-01-26,removed,POL,,"derived from wiki revision diff (rev 1002981626 @ 2021-01-26, prev 2020-12-29)"
2021-01-26,removed,TCO,,"derived from wiki revision diff (rev 1002981626 @ 2021-01-26, prev 2020-12-29)"
2021-01-26,removed,TRMB,,"derived from wiki revision diff (rev 1002981626 @ 2021-01-26, prev 2020-12-29)"
2021-01-26,removed,WPX,,"derived from wiki revision diff (rev 1002981626 @ 2021-01-26, prev 2020-12-29)"
2021-03-31,added,AMKR,,"derived from wiki revision diff (rev 1015305749 @ 2021-03-31, prev 2021-02-28)"
2021-03-31,added,AXON,,"derived from wiki revision diff (rev 1015305749 @ 2021-03-31, prev 2021-02-28)"
2021-03-31,added,CLF,,"derived from wiki revision diff (rev 1015305749 @ 2021-03-31, prev 2021-02-28)"
2021-03-31,added,FLS,,"derived from wiki revision diff (rev 1015305749 @ 2021-03-31, prev 2021-02-28)"
2021-03-31,added,SLG,,"derived from wiki revision diff (rev 1015305749 @ 2021-03-31, prev 2021-02-28)"
2021-03-31,added,TNL,,"derived from wiki revision diff (rev 1015305749 @ 2021-03-31, prev 2021-02-28)"
2021-03-31,added,VNT,,"derived from wiki revision diff (rev 1015305749 @ 2021-03-31, prev 2021-02-28)"
2021-03-31,added,XRX,,"derived from wiki revision diff (rev 1015305749 @ 2021-03-31, prev 2021-02-28)"
2021-03-31,removed,AAXN,,"derived from wiki revision diff (rev 1015305749 @ 2021-03-31, prev 2021-02-28)"
2021-03-31,removed,CZR,,"derived from wiki revision diff (rev 1015305749 @ 2021-03-31, prev 2021-02-28)"
2021-03-31,removed,EPC,,"derived from wiki revision diff (rev 1015305749 @ 2021-03-31, prev 2021-02-28)"
2021-03-31,removed,EV,,"derived from wiki revision diff (rev 1015305749 @ 2021-03-31, prev 2021-02-28)"
2021-03-31,removed,GNRC,,"derived from wiki revision diff (rev 1015305749 @ 2021-03-31, prev 2021-02-28)"
2021-03-31,removed,HNI,,"derived from wiki revision diff (rev 1015305749 @ 2021-03-31, prev 2021-02-28)"
2021-03-31,removed,MPWR,,"derived from wiki revision diff (rev 1015305749 @ 2021-03-31, prev 2021-02-28)"
2021-03-31,removed,OI,,"derived from wiki revision diff (rev 1015305749 @ 2021-03-31, prev 2021-02-28)"
2021-03-31,removed,PBH,,"derived from wiki revision diff (rev 1015305749 @ 2021-03-31, prev 2021-02-28)"
2021-03-31,removed,PENN,,"derived from wiki revision diff (rev 1015305749 @ 2021-03-31, prev 2021-02-28)"
2021-03-31,removed,WYND,,"derived from wiki revision diff (rev 1015305749 @ 2021-03-31, prev 2021-02-28)"
2021-04-26,added,IRDM,,"derived from wiki revision diff (rev 1019889176 @ 2021-04-26, prev 2021-03-31)"
2021-04-26,added,LSCC,,"derived from wiki revision diff (rev 1019889176 @ 2021-04-26, prev 2021-03-31)"
2021-04-26,added,NBIX,,"derived from wiki revision diff (rev 1019889176 @ 2021-04-26, prev 2021-03-31)"
2021-04-26,added,NVST,,"derived from wiki revision diff (rev 1019889176 @ 2021-04-26, prev 2021-03-31)"
2021-04-26,added,PGNY,,"derived from wiki revision diff (rev 1019889176 @ 2021-04-26, prev 2021-03-31)"
2021-04-26,added,STAA,,"derived from wiki revision diff (rev 1019889176 @ 2021-04-26, prev 2021-03-31)"
2021-04-26,removed,IDCC,,"derived from wiki revision diff (rev 1019889176 @ 2021-04-26, prev 2021-03-31)"
2021-04-26,removed,PTC,,"derived from wiki revision diff (rev 1019889176 @ 2021-04-26, prev 2021-03-31)"
2021-04-26,removed,UFS,,"derived from wiki revision diff (rev 1019889176 @ 2021-04-26, prev 2021-03-31)"
2021-05-31,added,AZPN,,"derived from wiki revision diff (rev 1026093707 @ 2021-05-31, prev 2021-04-26)"
2021-05-31,added,NSA,,"derived from wiki revision diff (rev 1026093707 @ 2021-05-31, prev 2021-04-26)"
2021-05-31,added,YETI,,"derived from wiki revision diff (rev 1026093707 @ 2021-05-31, prev 2021-04-26)"
2021-05-31,removed,AVNS,,"derived from wiki revision diff (rev 1026093707 @ 2021-05-31, prev 2021-04-26)"
2021-05-31,removed,CRL,,"derived from wiki revision diff (rev 1026093707 @ 2021-05-31, prev 2021-04-26)"
2021-05-31,removed,GNW,,"derived from wiki revision diff (rev 1026093707 @ 2021-05-31, prev 2021-04-26)"
2021-05-31,removed,PRSP,,"derived from wiki revision diff (rev 1026093707 @ 2021-05-31, prev 2021-04-26)"
2021-06-17,added,CROX,,"derived from wiki revision diff (rev 1029109518 @ 2021-06-17, prev 2021-05-31)"
2021-06-17,added,ELY,,"derived from wiki revision diff (rev 1029109518 @ 2021-06-17, prev 2021-05-31)"
2021-06-17,added,ENV,,"derived from wiki revision diff (rev 1029109518 @ 2021-06-17, prev 2021-05-31)"
2021-06-17,added,G,,"derived from wiki revision diff (rev 1029109518 @ 2021-06-17, prev 2021-05-31)"
2021-06-17,added,HFC,,"derived from wiki revision diff (rev 1029109518 @ 2021-06-17, prev 2021-05-31)"
2021-06-17,added,RCM,,"derived from wiki revision diff (rev 1029109518 @ 2021-06-17, prev 2021-05-31)"
2021-06-17,added,TRGP,,"derived from wiki revision diff (rev 1029109518 @ 2021-06-17, prev 2021-05-31)"
2021-06-17,removed,CLGX,,"derived from wiki revision diff (rev 1029109518 @ 2021-06-17, prev 2021-05-31)"
2021-06-17,removed,CMD,,"derived from wiki revision diff (rev 1029109518 @ 2021-06-17, prev 2021-05-31)"
2021-06-17,removed,GRUB,,"derived from wiki revision diff (rev 1029109518 @ 2021-06-17, prev 2021-05-31)"
2021-06-17,removed,SVC,,"derived from wiki revision diff (rev 1029109518 @ 2021-06-17, prev 2021-05-31)"
2021-06-17,removed,TCF,,"derived from wiki revision diff (rev 1029109518 @ 2021-06-17, prev 2021-05-31)"
2021-07-25,added,CRNC,,"derived from wiki revision diff (rev 1035448247 @ 2021-07-25, prev 2021-06-17)"
2021-07-25,added,DTM,,"derived from wiki revision diff (rev 1035448247 @ 2021-07-25, prev 2021-06-17)"
2021-07-25,removed,ATGE,,"derived from wiki revision diff (rev 1035448247 @ 2021-07-25, prev 2021-06-17)"
2021-07-25,removed,PRAH,,"derived from wiki revision diff (rev 1035448247 @ 2021-07-25, prev 2021-06-17)"
2021-08-31,added,GME,,"derived from wiki revision diff (rev 1041657722 @ 2021-08-31, prev 2021-07-25)"
2021-08-31,added,GXO,,"derived from wiki revision diff (rev 1041657722 @ 2021-08-31, prev 2021-07-25)"
2021-08-31,added,MIME,,"derived from wiki revision diff (rev 1041657722 @ 2021-08-31, prev 2021-07-25)"
2021-08-31,added,OPCH,,"derived from wiki revision diff (rev 1041657722 @ 2021-08-31, prev 2021-07-25)"
2021-08-31,added,SAIA,,"derived from wiki revision diff (rev 1041657722 @ 2021-08-31, prev 2021-07-25)"
2021-08-31,added,VSCO,,"derived from wiki revision diff (rev 1041657722 @ 2021-08-31, prev 2021-07-25)"
2021-08-31,removed,CNK,,"derived from wiki revision diff (rev 1041657722 @ 2021-08-31, prev 2021-07-25)"
2021-08-31,removed,INT,,"derived from wiki revision diff (rev 1041657722 @ 2021-08-31, prev 2021-07-25)"
2021-08-31,removed,STRA,,"derived from wiki revision diff (rev 1041657722 @ 2021-08-31, prev 2021-07-25)"
2021-08-31,removed,TECH,,"derived from wiki revision diff (rev 1041657722 @ 2021-08-31, prev 2021-07-25)"
2021-08-31,removed,TRMK,,"derived from wiki revision diff (rev 1041657722 @ 2021-08-31, prev 2021-07-25)"
2021-08-31,removed,WRI,,"derived from wiki revision diff (rev 1041657722 @ 2021-08-31, prev 2021-07-25)"
2021-09-30,added,APPS,,"derived from wiki revision diff (rev 1047274178 @ 2021-09-30, prev 2021-08-31)"
2021-09-30,added,NOV,,"derived from wiki revision diff (rev 1047274178 @ 2021-09-30, prev 2021-08-31)"
2021-09-30,added,PFGC,,"derived from wiki revision diff (rev 1047274178 @ 2021-09-30, prev 2021-08-31)"
2021-09-30,added,PRGO,,"derived from wiki revision diff (rev 1047274178 @ 2021-09-30, prev 2021-08-31)"
2021-09-30,added,TNDM,,"derived from wiki revision diff (rev 1047274178 @ 2021-09-30, prev 2021-08-31)"
2021-09-30,added,UNM,,"derived from wiki revision diff (rev 1047274178 @ 2021-09-30, prev 2021-08-31)"
2021-09-30,removed,BRO,,"derived from wiki revision diff (rev 1047274178 @ 2021-09-30, prev 2021-08-31)"
2021-09-30,removed,CDAY,,"derived from wiki revision diff (rev 1047274178 @ 2021-09-30, prev 2021-08-31)"
2021-09-30,removed,HCSG,,"derived from wiki revision diff (rev 1047274178 @ 2021-09-30, prev 2021-08-31)"
2021-09-30,removed,LGND,,"derived from wiki revision diff (rev 1047274178 @ 2021-09-30, prev 2021-08-31)"
2021-09-30,removed,THS,,"derived from wiki revision diff (rev 1047274178 @ 2021-09-30, prev 2021-08-31)"
2021-09-30,removed,WW,,"derived from wiki revision diff (rev 1047274178 @ 2021-09-30, prev 2021-08-31)"
2021-10-30,added,KRG,,"derived from wiki revision diff (rev 1052750851 @ 2021-10-30, prev 2021-09-30)"
2021-10-30,added,SPWR,,"derived from wiki revision diff (rev 1052750851 @ 2021-10-30, prev 2021-09-30)"
2021-10-30,added,ZD,,"derived from wiki revision diff (rev 1052750851 @ 2021-10-30, prev 2021-09-30)"
2021-10-30,removed,JCOM,,"derived from wiki revision diff (rev 1052750851 @ 2021-10-30, prev 2021-09-30)"
2021-10-30,removed,TREE,,"derived from wiki revision diff (rev 1052750851 @ 2021-10-30, prev 2021-09-30)"
2021-10-30,removed,XEC,,"derived from wiki revision diff (rev 1052750851 @ 2021-10-30, prev 2021-09-30)"
2021-11-17,added,CADE,,"derived from wiki revision diff (rev 1055693069 @ 2021-11-17, prev 2021-10-30)"
2021-11-17,added,KD,,"derived from wiki revision diff (rev 1055693069 @ 2021-11-17, prev 2021-10-30)"
2021-11-17,added,MLKN,,"derived from wiki revision diff (rev 1055693069 @ 2021-11-17, prev 2021-10-30)"
2021-11-17,added,WOLF,,"derived from wiki revision diff (rev 1055693069 @ 2021-11-17, prev 2021-10-30)"
2021-11-17,removed,BXS,,"derived from wiki revision diff (rev 1055693069 @ 2021-11-17, prev 2021-10-30)"
2021-11-17,removed,CREE,,"derived from wiki revision diff (rev 1055693069 @ 2021-11-17, prev 2021-10-30)"
2021-11-17,removed,MLHR,,"derived from wiki revision diff (rev 1055693069 @ 2021-11-17, prev 2021-10-30)"
2021-11-17,removed,NTCT,,"derived from wiki revision diff (rev 1055693069 @ 2021-11-17, prev 2021-10-30)"
2021-12-31,added,AA,,"derived from wiki revision diff (rev 1062911677 @ 2021-12-31, prev 2021-11-17)"
2021-12-31,added,AZTA,,"derived from wiki revision diff (rev 1062911677 @ 2021-12-31, prev 2021-11-17)"
2021-12-31,added,BRKR,,"derived from wiki revision diff (rev 1062911677 @ 2021-12-31, prev 2021-11-17)"
2021-12-31,added,HBI,,"derived from wiki revision diff (rev 1062911677 @ 2021-12-31, prev 2021-11-17)"
2021-12-31,added,LEG,,"derived from wiki revision diff (rev 1062911677 @ 2021-12-31, prev 2021-11-17)"
2021-12-31,added,M,,"derived from wiki revision diff (rev 1062911677 @ 2021-12-31, prev 2021-11-17)"
2021-12-31,added,POWI,,"derived from wiki revision diff (rev 1062911677 @ 2021-12-31, prev 2021-11-17)"
2021-12-31,added,RRX,,"derived from wiki revision diff (rev 1062911677 @ 2021-12-31, prev 2021-11-17)"
2021-12-31,added,SITM,,"derived from wiki revision diff (rev 1062911677 @ 2021-12-31, prev 2021-11-17)"
2021-12-31,added,VICR,,"derived from wiki revision diff (rev 1062911677 @ 2021-12-31, prev 2021-11-17)"
2021-12-31,added,VOYA,,"derived from wiki revision diff (rev 1062911677 @ 2021-12-31, prev 2021-11-17)"
2021-12-31,added,WU,,"derived from wiki revision diff (rev 1062911677 @ 2021-12-31, prev 2021-11-17)"
2021-12-31,removed,BRKS,,"derived from wiki revision diff (rev 1062911677 @ 2021-12-31, prev 2021-11-17)"
2021-12-31,removed,COR,,"derived from wiki revision diff (rev 1062911677 @ 2021-12-31, prev 2021-11-17)"
2021-12-31,removed,EBS,,"derived from wiki revision diff (rev 1062911677 @ 2021-12-31, prev 2021-11-17)"
2021-12-31,removed,FDS,,"derived from wiki revision diff (rev 1062911677 @ 2021-12-31, prev 2021-11-17)"
2021-12-31,removed,HRC,,"derived from wiki revision diff (rev 1062911677 @ 2021-12-31, prev 2021-11-17)"
2021-12-31,removed,KAR,,"derived from wiki revision diff (rev 1062911677 @ 2021-12-31, prev 2021-11-17)"
2021-12-31,removed,NKTR,,"derived from wiki revision diff (rev 1062911677 @ 2021-12-31, prev 2021-11-17)"
2021-12-31,removed,RBC,,"derived from wiki revision diff (rev 1062911677 @ 2021-12-31, prev 2021-11-17)"
2021-12-31,removed,SBNY,,"derived from wiki revision diff (rev 1062911677 @ 2021-12-31, prev 2021-11-17)"
2021-12-31,removed,SEDG,,"derived from wiki revision diff (rev 1062911677 @ 2021-12-31, prev 2021-11-17)"
2021-12-31,removed,TDS,,"derived from wiki revision diff (rev 1062911677 @ 2021-12-31, prev 2021-11-17)"
2021-12-31,removed,TR,,"derived from wiki revision diff (rev 1062911677 @ 2021-12-31, prev 2021-11-17)"
2022-01-06,added,CALX,,"derived from wiki revision diff (rev 1064109394 @ 2022-01-06, prev 2021-12-31)"
2022-01-06,removed,CIT,,"derived from wiki revision diff (rev 1064109394 @ 2022-01-06, prev 2021-12-31)"
2022-02-19,added,EEFT,,"derived from wiki revision diff (rev 1072711183 @ 2022-02-19, prev 2022-01-06)"
2022-02-19,added,GPS,,"derived from wiki revision diff (rev 1072711183 @ 2022-02-19, prev 2022-01-06)"
2022-02-19,added,ONB,,"derived from wiki revision diff (rev 1072711183 @ 2022-02-19, prev 2022-01-06)"
2022-02-19,added,PDCE,,"derived from wiki revision diff (rev 1072711183 @ 2022-02-19, prev 2022-01-06)"
2022-02-19,added,WTS,,"derived from wiki revision diff (rev 1072711183 @ 2022-02-19, prev 2022-01-06)"
2022-02-19,removed,CMP,,"derived from wiki revision diff (rev 1072711183 @ 2022-02-19, prev 2022-01-06)"
2022-02-19,removed,JACK,,"derived from wiki revision diff (rev 1072711183 @ 2022-02-19, prev 2022-01-06)"
2022-02-19,removed,NDSN,,"derived from wiki revision diff (rev 1072711183 @ 2022-02-19, prev 2022-01-06)"
2022-02-19,removed,STL,,"derived from wiki revision diff (rev 1072711183 @ 2022-02-19, prev 2022-01-06)"
2022-02-19,removed,UE,,"derived from wiki revision diff (rev 1072711183 @ 2022-02-19, prev 2022-01-06)"
2022-03-29,added,BRBR,,"derived from wiki revision diff (rev 1080007634 @ 2022-03-29, prev 2022-02-19)"
2022-03-29,added,DINO,,"derived from wiki revision diff (rev 1080007634 @ 2022-03-29, prev 2022-02-19)"
2022-03-29,added,GTLS,,"derived from wiki revision diff (rev 1080007634 @ 2022-03-29, prev 2022-02-19)"
2022-03-29,added,RRC,,"derived from wiki revision diff (rev 1080007634 @ 2022-03-29, prev 2022-02-19)"
2022-03-29,removed,CONE,,"derived from wiki revision diff (rev 1080007634 @ 2022-03-29, prev 2022-02-19)"
2022-03-29,removed,CRNC,,"derived from wiki revision diff (rev 1080007634 @ 2022-03-29, prev 2022-02-19)"
2022-03-29,removed,HFC,,"derived from wiki revision diff (rev 1080007634 @ 2022-03-29, prev 2022-02-19)"
2022-03-29,removed,MOH,,"derived from wiki revision diff (rev 1080007634 @ 2022-03-29, prev 2022-02-19)"
2022-04-30,added,BFH,,"derived from wiki revision diff (rev 1085473167 @ 2022-04-30, prev 2022-03-29)"
2022-04-30,added,ENOV,,"derived from wiki revision diff (rev 1085473167 @ 2022-04-30, prev 2022-03-29)"
2022-04-30,added,ESAB,,"derived from wiki revision diff (rev 1085473167 @ 2022-04-30, prev 2022-03-29)"
2022-04-30,added,LNW,,"derived from wiki revision diff (rev 1085473167 @ 2022-04-30, prev 2022-03-29)"
2022-04-30,added,MTDR,,"derived from wiki revision diff (rev 1085473167 @ 2022-04-30, prev 2022-03-29)"
2022-04-30,removed,ADS,,"derived from wiki revision diff (rev 1085473167 @ 2022-04-30, prev 2022-03-29)"
2022-04-30,removed,CFX,,"derived from wiki revision diff (rev 1085473167 @ 2022-04-30, prev 2022-03-29)"
2022-04-30,removed,CPT,,"derived from wiki revision diff (rev 1085473167 @ 2022-04-30, prev 2022-03-29)"
2022-04-30,removed,PRG,,"derived from wiki revision diff (rev 1085473167 @ 2022-04-30, prev 2022-03-29)"
2022-04-30,removed,SGMS,,"derived from wiki revision diff (rev 1085473167 @ 2022-04-30, prev 2022-03-29)"
2022-05-18,added,IRT,,"derived from wiki revision diff (rev 1088585296 @ 2022-05-18, prev 2022-04-30)"
2022-05-18,added,NARI,,"derived from wiki revision diff (rev 1088585296 @ 2022-05-18, prev 2022-04-30)"
2022-05-18,removed,MIME,,"derived from wiki revision diff (rev 1088585296 @ 2022-05-18, prev 2022-04-30)"
2022-05-18,removed,TPH,,"derived from wiki revision diff (rev 1088585296 @ 2022-05-18, prev 2022-04-30)"
2022-06-30,added,IPGP,,"derived from wiki revision diff (rev 1095734928 @ 2022-06-30, prev 2022-05-18)"
2022-06-30,added,POR,,"derived from wiki revision diff (rev 1095734928 @ 2022-06-30, prev 2022-05-18)"
2022-06-30,added,SHC,,"derived from wiki revision diff (rev 1095734928 @ 2022-06-30, prev 2022-05-18)"
2022-06-30,added,SWAV,,"derived from wiki revision diff (rev 1095734928 @ 2022-06-30, prev 2022-05-18)"
2022-06-30,added,UA,,"derived from wiki revision diff (rev 1095734928 @ 2022-06-30, prev 2022-05-18)"
2022-06-30,added,UAA,,"derived from wiki revision diff (rev 1095734928 @ 2022-06-30, prev 2022-05-18)"
2022-06-30,removed,APPS,,"derived from wiki revision diff (rev 1095734928 @ 2022-06-30, prev 2022-05-18)"
2022-06-30,removed,RAMP,,"derived from wiki revision diff (rev 1095734928 @ 2022-06-30, prev 2022-05-18)"
2022-06-30,removed,TRN,,"derived from wiki revision diff (rev 1095734928 @ 2022-06-30, prev 2022-05-18)"
2022-06-30,removed,URBN,,"derived from wiki revision diff (rev 1095734928 @ 2022-06-30, prev 2022-05-18)"
2022-06-30,removed,YELP,,"derived from wiki revision diff (rev 1095734928 @ 2022-06-30, prev 2022-05-18)"
2022-07-27,added,COKE,,"derived from wiki revision diff (rev 1100661684 @ 2022-07-27, prev 2022-06-30)"
2022-07-27,added,MP,,"derived from wiki revision diff (rev 1100661684 @ 2022-07-27, prev 2022-06-30)"
2022-07-27,added,NOVT,,"derived from wiki revision diff (rev 1100661684 @ 2022-07-27, prev 2022-06-30)"
2022-07-27,added,OMCL,,"derived from wiki revision diff (rev 1100661684 @ 2022-07-27, prev 2022-06-30)"
2022-07-27,added,ORA,,"derived from wiki revision diff (rev 1100661684 @ 2022-07-27, prev 2022-06-30)"
2022-07-27,added,SWN,,"derived from wiki revision diff (rev 1100661684 @ 2022-07-27, prev 2022-06-30)"
2022-07-27,removed,CCMP,,"derived from wiki revision diff (rev 1100661684 @ 2022-07-27, prev 2022-06-30)"
2022-07-27,removed,CDK,,"derived from wiki revision diff (rev 1100661684 @ 2022-07-27, prev 2022-06-30)"
2022-07-27,removed,COHR,,"derived from wiki revision diff (rev 1100661684 @ 2022-07-27, prev 2022-06-30)"
2022-07-27,removed,PSB,,"derived from wiki revision diff (rev 1100661684 @ 2022-07-27, prev 2022-06-30)"
2022-07-27,removed,SAFM,,"derived from wiki revision diff (rev 1100661684 @ 2022-07-27, prev 2022-06-30)"
2022-07-27,removed,SIX,,"derived from wiki revision diff (rev 1100661684 @ 2022-07-27, prev 2022-06-30)"
2022-08-28,added,CELH,,"derived from wiki revision diff (rev 1107154001 @ 2022-08-28, prev 2022-07-27)"
2022-08-28,added,MTSI,,"derived from wiki revision diff (rev 1107154001 @ 2022-08-28, prev 2022-07-27)"
2022-08-28,removed,ACC,,"derived from wiki revision diff (rev 1107154001 @ 2022-08-28, prev 2022-07-27)"
2022-08-28,removed,SAIL,,"derived from wiki revision diff (rev 1107154001 @ 2022-08-28, prev 2022-07-27)"
2022-09-22,added,COHR,,"derived from wiki revision diff (rev 1111632889 @ 2022-09-22, prev 2022-08-28)"
2022-09-22,added,DT,,"derived from wiki revision diff (rev 1111632889 @ 2022-09-22, prev 2022-08-28)"
2022-09-22,added,MODG,,"derived from wiki revision diff (rev 1111632889 @ 2022-09-22, prev 2022-08-28)"
2022-09-22,added,NLY,,"derived from wiki revision diff (rev 1111632889 @ 2022-09-22, prev 2022-08-28)"
2022-09-22,added,PENN,,"derived from wiki revision diff (rev 1111632889 @ 2022-09-22, prev 2022-08-28)"
2022-09-22,added,PVH,,"derived from wiki revision diff (rev 1111632889 @ 2022-09-22, prev 2022-08-28)"
2022-09-22,removed,AEO,,"derived from wiki revision diff (rev 1111632889 @ 2022-09-22, prev 2022-08-28)"
2022-09-22,removed,ELY,,"derived from wiki revision diff (rev 1111632889 @ 2022-09-22, prev 2022-08-28)"
2022-09-22,removed,HPP,,"derived from wiki revision diff (rev 1111632889 @ 2022-09-22, prev 2022-08-28)"
2022-09-22,removed,IIVI,,"derived from wiki revision diff (rev 1111632889 @ 2022-09-22, prev 2022-08-28)"
2022-09-22,removed,MCY,,"derived from wiki revision diff (rev 1111632889 @ 2022-09-22, prev 2022-08-28)"
2022-09-22,removed,MTX,,"derived from wiki revision diff (rev 1111632889 @ 2022-09-22, prev 2022-08-28)"
2022-10-25,added,AR,,"derived from wiki revision diff (rev 1118141889 @ 2022-10-25, prev 2022-09-22)"
2022-10-25,added,EXLS,,"derived from wiki revision diff (rev 1118141889 @ 2022-10-25, prev 2022-09-22)"
2022-10-25,added,FYBR,,"derived from wiki revision diff (rev 1118141889 @ 2022-10-25, prev 2022-09-22)"
2022-10-25,added,LNTH,,"derived from wiki revision diff (rev 1118141889 @ 2022-10-25, prev 2022-09-22)"
2022-10-25,added,WLK,,"derived from wiki revision diff (rev 1118141889 @ 2022-10-25, prev 2022-09-22)"
2022-10-25,removed,EQT,,"derived from wiki revision diff (rev 1118141889 @ 2022-10-25, prev 2022-09-22)"
2022-10-25,removed,HAIN,,"derived from wiki revision diff (rev 1118141889 @ 2022-10-25, prev 2022-09-22)"
2022-10-25,removed,MLKN,,"derived from wiki revision diff (rev 1118141889 @ 2022-10-25, prev 2022-09-22)"
2022-10-25,removed,TRGP,,"derived from wiki revision diff (rev 1118141889 @ 2022-10-25, prev 2022-09-22)"
2022-10-25,removed,Y,,"derived from wiki revision diff (rev 1118141889 @ 2022-10-25, prev 2022-09-22)"
2022-11-28,added,RXO,,"derived from wiki revision diff (rev 1124331202 @ 2022-11-28, prev 2022-10-25)"
2022-11-28,removed,BFH,,"derived from wiki revision diff (rev 1124331202 @ 2022-11-28, prev 2022-10-25)"
2022-12-31,added,ALGM,,"derived from wiki revision diff (rev 1130633662 @ 2022-12-31, prev 2022-11-28)"
2022-12-31,added,CUBE,,"derived from wiki revision diff (rev 1130633662 @ 2022-12-31, prev 2022-11-28)"
2022-12-31,added,FBIN,,"derived from wiki revision diff (rev 1130633662 @ 2022-12-31, prev 2022-11-28)"
2022-12-31,added,NXST,,"derived from wiki revision diff (rev 1130633662 @ 2022-12-31, prev 2022-11-28)"
2022-12-31,added,PBF,,"derived from wiki revision diff (rev 1130633662 @ 2022-12-31, prev 2022-11-28)"
2022-12-31,added,SMCI,,"derived from wiki revision diff (rev 1130633662 @ 2022-12-31, prev 2022-11-28)"
2022-12-31,added,WLY,,"derived from wiki revision diff (rev 1130633662 @ 2022-12-31, prev 2022-11-28)"
2022-12-31,removed,FSLR,,"derived from wiki revision diff (rev 1130633662 @ 2022-12-31, prev 2022-11-28)"
2022-12-31,removed,JW.A,,"derived from wiki revision diff (rev 1130633662 @ 2022-12-31, prev 2022-11-28)"
2022-12-31,removed,NUS,,"derived from wiki revision diff (rev 1130633662 @ 2022-12-31, prev 2022-11-28)"
2022-12-31,removed,NUVA,,"derived from wiki revision diff (rev 1130633662 @ 2022-12-31, prev 2022-11-28)"
2022-12-31,removed,SABR,,"derived from wiki revision diff (rev 1130633662 @ 2022-12-31, prev 2022-11-28)"
2022-12-31,removed,SMTC,,"derived from wiki revision diff (rev 1130633662 @ 2022-12-31, prev 2022-11-28)"
2022-12-31,removed,STLD,,"derived from wiki revision diff (rev 1130633662 @ 2022-12-31, prev 2022-11-28)"
2023-01-05,added,VNO,,"derived from wiki revision diff (rev 1131645470 @ 2023-01-05, prev 2022-12-31)"
2023-01-05,removed,RXO,,"derived from wiki revision diff (rev 1131645470 @ 2023-01-05, prev 2022-12-31)"
2023-02-23,added,ADC,,"derived from wiki revision diff (rev 1141034094 @ 2023-02-23, prev 2023-01-05)"
2023-02-23,added,UFPI,,"derived from wiki revision diff (rev 1141034094 @ 2023-02-23, prev 2023-01-05)"
2023-02-23,removed,LHCG,,"derived from wiki revision diff (rev 1141034094 @ 2023-02-23, prev 2023-01-05)"
2023-02-23,removed,STOR,,"derived from wiki revision diff (rev 1141034094 @ 2023-02-23, prev 2023-01-05)"
2023-03-26,added,ALV,,"derived from wiki revision diff (rev 1146634056 @ 2023-03-26, prev 2023-02-23)"
2023-03-26,added,ARMK,,"derived from wiki revision diff (rev 1146634056 @ 2023-03-26, prev 2023-02-23)"
2023-03-26,added,AXTA,,"derived from wiki revision diff (rev 1146634056 @ 2023-03-26, prev 2023-02-23)"
2023-03-26,added,CHRD,,"derived from wiki revision diff (rev 1146634056 @ 2023-03-26, prev 2023-02-23)"
2023-03-26,added,COLB,,"derived from wiki revision diff (rev 1146634056 @ 2023-03-26, prev 2023-02-23)"
2023-03-26,added,EXPO,,"derived from wiki revision diff (rev 1146634056 @ 2023-03-26, prev 2023-02-23)"
2023-03-26,added,HGV,,"derived from wiki revision diff (rev 1146634056 @ 2023-03-26, prev 2023-02-23)"
2023-03-26,added,HTZ,,"derived from wiki revision diff (rev 1146634056 @ 2023-03-26, prev 2023-02-23)"
2023-03-26,added,SSB,,"derived from wiki revision diff (rev 1146634056 @ 2023-03-26, prev 2023-02-23)"
2023-03-26,added,STWD,,"derived from wiki revision diff (rev 1146634056 @ 2023-03-26, prev 2023-02-23)"
2023-03-26,added,USFD,,"derived from wiki revision diff (rev 1146634056 @ 2023-03-26, prev 2023-02-23)"
2023-03-26,added,VAL,,"derived from wiki revision diff (rev 1146634056 @ 2023-03-26, prev 2023-02-23)"
2023-03-26,added,WMS,,"derived from wiki revision diff (rev 1146634056 @ 2023-03-26, prev 2023-02-23)"
2023-03-26,removed,CBRL,,"derived from wiki revision diff (rev 1146634056 @ 2023-03-26, prev 2023-02-23)"
2023-03-26,removed,DY,,"derived from wiki revision diff (rev 1146634056 @ 2023-03-26, prev 2023-02-23)"
2023-03-26,removed,FICO,,"derived from wiki revision diff (rev 1146634056 @ 2023-03-26, prev 2023-02-23)"
2023-03-26,removed,HBI,,"derived from wiki revision diff (rev 1146634056 @ 2023-03-26, prev 2023-02-23)"
2023-03-26,removed,IAA,,"derived from wiki revision diff (rev 1146634056 @ 2023-03-26, prev 2023-02-23)"
2023-03-26,removed,JBGS,,"derived from wiki revision diff (rev 1146634056 @ 2023-03-26, prev 2023-02-23)"
2023-03-26,removed,KMT,,"derived from wiki revision diff (rev 1146634056 @ 2023-03-26, prev 2023-02-23)"
2023-03-26,removed,PEB,,"derived from wiki revision diff (rev 1146634056 @ 2023-03-26, prev 2023-02-23)"
2023-03-26,removed,SLG,,"derived from wiki revision diff (rev 1146634056 @ 2023-03-26, prev 2023-02-23)"
2023-03-26,removed,TNDM,,"derived from wiki revision diff (rev 1146634056 @ 2023-03-26, prev 2023-02-23)"
2023-03-26,removed,UMPQ,,"derived from wiki revision diff (rev 1146634056 @ 2023-03-26, prev 2023-02-23)"
2023-03-26,removed,VSAT,,"derived from wiki revision diff (rev 1146634056 @ 2023-03-26, prev 2023-02-23)"
2023-03-26,removed,WAFD,,"derived from wiki revision diff (rev 1146634056 @ 2023-03-26, prev 2023-02-23)"
2023-04-29,added,CXT,,"derived from wiki revision diff (rev 1152343947 @ 2023-04-29, prev 2023-03-26)"
2023-04-29,removed,PACW,,"derived from wiki revision diff (rev 1152343947 @ 2023-04-29, prev 2023-03-26)"
2023-05-26,added,STAG,,"derived from wiki revision diff (rev 1157090029 @ 2023-05-26, prev 2023-04-29)"
2023-05-26,removed,AXON,,"derived from wiki revision diff (rev 1157090029 @ 2023-05-26, prev 2023-04-29)"
2023-06-27,added,BERY,,"derived from wiki revision diff (rev 1162115711 @ 2023-06-27, prev 2023-05-26)"
2023-06-27,added,BWXT,,"derived from wiki revision diff (rev 1162115711 @ 2023-06-27, prev 2023-05-26)"
2023-06-27,added,CCK,,"derived from wiki revision diff (rev 1162115711 @ 2023-06-27, prev 2023-05-26)"
2023-06-27,added,DBX,,"derived from wiki revision diff (rev 1162115711 @ 2023-06-27, prev 2023-05-26)"
2023-06-27,added,DOCS,,"derived from wiki revision diff (rev 1162115711 @ 2023-06-27, prev 2023-05-26)"
2023-06-27,added,GPK,,"derived from wiki revision diff (rev 1162115711 @ 2023-06-27, prev 2023-05-26)"
2023-06-27,added,OVV,,"derived from wiki revision diff (rev 1162115711 @ 2023-06-27, prev 2023-05-26)"
2023-06-27,added,PLNT,,"derived from wiki revision diff (rev 1162115711 @ 2023-06-27, prev 2023-05-26)"
2023-06-27,added,WCC,,"derived from wiki revision diff (rev 1162115711 @ 2023-06-27, prev 2023-05-26)"
2023-06-27,added,ZI,,"derived from wiki revision diff (rev 1162115711 @ 2023-06-27, prev 2023-05-26)"
2023-06-27,removed,DAN,,"derived from wiki revision diff (rev 1162115711 @ 2023-06-27, prev 2023-05-26)"
2023-06-27,removed,DEI,,"derived from wiki revision diff (rev 1162115711 @ 2023-06-27, prev 2023-05-26)"
2023-06-27,removed,FULT,,"derived from wiki revision diff (rev 1162115711 @ 2023-06-27, prev 2023-05-26)"
2023-06-27,removed,MAC,,"derived from wiki revision diff (rev 1162115711 @ 2023-06-27, prev 2023-05-26)"
2023-06-27,removed,NAVI,,"derived from wiki revision diff (rev 1162115711 @ 2023-06-27, prev 2023-05-26)"
2023-06-27,removed,NGVT,,"derived from wiki revision diff (rev 1162115711 @ 2023-06-27, prev 2023-05-26)"
2023-06-27,removed,SITM,,"derived from wiki revision diff (rev 1162115711 @ 2023-06-27, prev 2023-05-26)"
2023-06-27,removed,SPWR,,"derived from wiki revision diff (rev 1162115711 @ 2023-06-27, prev 2023-05-26)"
2023-06-27,removed,VSCO,,"derived from wiki revision diff (rev 1162115711 @ 2023-06-27, prev 2023-05-26)"
2023-06-27,removed,WLY,,"derived from wiki revision diff (rev 1162115711 @ 2023-06-27, prev 2023-05-26)"
2023-07-23,added,KNF,,"derived from wiki revision diff (rev 1166680591 @ 2023-07-23, prev 2023-06-27)"
2023-07-23,removed,BOH,,"derived from wiki revision diff (rev 1166680591 @ 2023-07-23, prev 2023-06-27)"
2023-08-23,added,CHK,,"derived from wiki revision diff (rev 1171889294 @ 2023-08-23, prev 2023-07-23)"
2023-08-23,added,DLB,,"derived from wiki revision diff (rev 1171889294 @ 2023-08-23, prev 2023-07-23)"
2023-08-23,added,ELS,,"derived from wiki revision diff (rev 1171889294 @ 2023-08-23, prev 2023-07-23)"
2023-08-23,added,ERIE,,"derived from wiki revision diff (rev 1171889294 @ 2023-08-23, prev 2023-07-23)"
2023-08-23,added,PAG,,"derived from wiki revision diff (rev 1171889294 @ 2023-08-23, prev 2023-07-23)"
2023-08-23,removed,LSI,,"derived from wiki revision diff (rev 1171889294 @ 2023-08-23, prev 2023-07-23)"
2023-08-23,removed,MRCY,,"derived from wiki revision diff (rev 1171889294 @ 2023-08-23, prev 2023-07-23)"
2023-08-23,removed,PDCE,,"derived from wiki revision diff (rev 1171889294 @ 2023-08-23, prev 2023-07-23)"
2023-08-23,removed,STAA,,"derived from wiki revision diff (rev 1171889294 @ 2023-08-23, prev 2023-07-23)"
2023-08-23,removed,UNVR,,"derived from wiki revision diff (rev 1171889294 @ 2023-08-23, prev 2023-07-23)"
2023-10-30,added,ALLY,,"derived from wiki revision diff (rev 1182690657 @ 2023-10-30, prev 2023-09-26)"
2023-10-30,added,CDP,,"derived from wiki revision diff (rev 1182690657 @ 2023-10-30, prev 2023-09-26)"
2023-10-30,added,CIVI,,"derived from wiki revision diff (rev 1182690657 @ 2023-10-30, prev 2023-09-26)"
2023-10-30,added,FND,,"derived from wiki revision diff (rev 1182690657 @ 2023-10-30, prev 2023-09-26)"
2023-10-30,added,FNF,,"derived from wiki revision diff (rev 1182690657 @ 2023-10-30, prev 2023-09-26)"
2023-10-30,added,GDDY,,"derived from wiki revision diff (rev 1182690657 @ 2023-10-30, prev 2023-09-26)"
2023-10-30,added,GLPI,,"derived from wiki revision diff (rev 1182690657 @ 2023-10-30, prev 2023-09-26)"
2023-10-30,added,H,,"derived from wiki revision diff (rev 1182690657 @ 2023-10-30, prev 2023-09-26)"
2023-10-30,added,MORN,,"derived from wiki revision diff (rev 1182690657 @ 2023-10-30, prev 2023-09-26)"
2023-10-30,added,MTN,,"derived from wiki revision diff (rev 1182690657 @ 2023-10-30, prev 2023-09-26)"
2023-10-30,added,ONTO,,"derived from wiki revision diff (rev 1182690657 @ 2023-10-30, prev 2023-09-26)"
2023-10-30,added,PR,,"derived from wiki revision diff (rev 1182690657 @ 2023-10-30, prev 2023-09-26)"
2023-10-30,added,RBC,,"derived from wiki revision diff (rev 1182690657 @ 2023-10-30, prev 2023-09-26)"
2023-10-30,added,ST,,"derived from wiki revision diff (rev 1182690657 @ 2023-10-30, prev 2023-09-26)"
2023-10-30,added,TKO,,"derived from wiki revision diff (rev 1182690657 @ 2023-10-30, prev 2023-09-26)"
2023-10-30,added,VST,,"derived from wiki revision diff (rev 1182690657 @ 2023-10-30, prev 2023-09-26)"
2023-10-30,added,VSTS,,"derived from wiki revision diff (rev 1182690657 @ 2023-10-30, prev 2023-09-26)"
2023-10-30,added,VYX,,"derived from wiki revision diff (rev 1182690657 @ 2023-10-30, prev 2023-09-26)"
2023-10-30,added,WFRD,,"derived from wiki revision diff (rev 1182690657 @ 2023-10-30, prev 2023-09-26)"
2023-10-30,removed,CATY,,"derived from wiki revision diff (rev 1182690657 @ 2023-10-30, prev 2023-09-26)"
2023-10-30,removed,ENR,,"derived from wiki revision diff (rev 1182690657 @ 2023-10-30, prev 2023-09-26)"
2023-10-30,removed,FL,,"derived from wiki revision diff (rev 1182690657 @ 2023-10-30, prev 2023-09-26)"
2023-10-30,removed,HE,,"derived from wiki revision diff (rev 1182690657 @ 2023-10-30, prev 2023-09-26)"
2023-10-30,removed,HIW,,"derived from wiki revision diff (rev 1182690657 @ 2023-10-30, prev 2023-09-26)"
2023-10-30,removed,HUBB,,"derived from wiki revision diff (rev 1182690657 @ 2023-10-30, prev 2023-09-26)"
2023-10-30,removed,JBLU,,"derived from wiki revision diff (rev 1182690657 @ 2023-10-30, prev 2023-09-26)"
2023-10-30,removed,KSS,,"derived from wiki revision diff (rev 1182690657 @ 2023-10-30, prev 2023-09-26)"
2023-10-30,removed,NATI,,"derived from wiki revision diff (rev 1182690657 @ 2023-10-30, prev 2023-09-26)"
2023-10-30,removed,NCR,,"derived from wiki revision diff (rev 1182690657 @ 2023-10-30, prev 2023-09-26)"
2023-10-30,removed,OFC,,"derived from wiki revision diff (rev 1182690657 @ 2023-10-30, prev 2023-09-26)"
2023-10-30,removed,OMCL,,"derived from wiki revision diff (rev 1182690657 @ 2023-10-30, prev 2023-09-26)"
2023-10-30,removed,PZZA,,"derived from wiki revision diff (rev 1182690657 @ 2023-10-30, prev 2023-09-26)"
2023-10-30,removed,SXT,,"derived from wiki revision diff (rev 1182690657 @ 2023-10-30, prev 2023-09-26)"
2023-10-30,removed,SYNH,,"derived from wiki revision diff (rev 1182690657 @ 2023-10-30, prev 2023-09-26)"
2023-10-30,removed,TRIP,,"derived from wiki revision diff (rev 1182690657 @ 2023-10-30, prev 2023-09-26)"
2023-10-30,removed,VICR,,"derived from wiki revision diff (rev 1182690657 @ 2023-10-30, prev 2023-09-26)"
2023-10-30,removed,WWE,,"derived from wiki revision diff (rev 1182690657 @ 2023-10-30, prev 2023-09-26)"
2023-10-30,removed,XRX,,"derived from wiki revision diff (rev 1182690657 @ 2023-10-30, prev 2023-09-26)"
2023-11-30,added,BURL,,"derived from wiki revision diff (rev 1187585111 @ 2023-11-30, prev 2023-10-30)"
2023-11-30,added,CG,,"derived from wiki revision diff (rev 1187585111 @ 2023-11-30, prev 2023-10-30)"
2023-11-30,added,CNM,,"derived from wiki revision diff (rev 1187585111 @ 2023-11-30, prev 2023-10-30)"
2023-11-30,added,WPC,,"derived from wiki revision diff (rev 1187585111 @ 2023-11-30, prev 2023-10-30)"
2023-11-30,removed,ACIW,,"derived from wiki revision diff (rev 1187585111 @ 2023-11-30, prev 2023-10-30)"
2023-11-30,removed,ENV,,"derived from wiki revision diff (rev 1187585111 @ 2023-11-30, prev 2023-10-30)"
2023-11-30,removed,ICUI,,"derived from wiki revision diff (rev 1187585111 @ 2023-11-30, prev 2023-10-30)"
2023-11-30,removed,WOR,,"derived from wiki revision diff (rev 1187585111 @ 2023-11-30, prev 2023-10-30)"
2023-12-25,added,EQH,,"derived from wiki revision diff (rev 1191696148 @ 2023-12-25, prev 2023-11-30)"
2023-12-25,added,FIX,,"derived from wiki revision diff (rev 1191696148 @ 2023-12-25, prev 2023-11-30)"
2023-12-25,added,HLI,,"derived from wiki revision diff (rev 1191696148 @ 2023-12-25, prev 2023-11-30)"
2023-12-25,added,RMBS,,"derived from wiki revision diff (rev 1191696148 @ 2023-12-25, prev 2023-11-30)"
2023-12-25,removed,BLDR,,"derived from wiki revision diff (rev 1191696148 @ 2023-12-25, prev 2023-11-30)"
2023-12-25,removed,JBL,,"derived from wiki revision diff (rev 1191696148 @ 2023-12-25, prev 2023-11-30)"
2023-12-25,removed,MODG,,"derived from wiki revision diff (rev 1191696148 @ 2023-12-25, prev 2023-11-30)"
2023-12-25,removed,VSTS,,"derived from wiki revision diff (rev 1191696148 @ 2023-12-25, prev 2023-11-30)"
2024-01-24,added,ALTM,,"derived from wiki revision diff (rev 1198693709 @ 2024-01-24, prev 2023-12-25)"
2024-01-24,added,ELF,,"derived from wiki revision diff (rev 1198693709 @ 2024-01-24, prev 2023-12-25)"
2024-01-24,added,PSTG,,"derived from wiki revision diff (rev 1198693709 @ 2024-01-24, prev 2023-12-25)"
2024-01-24,removed,PDCO,,"derived from wiki revision diff (rev 1198693709 @ 2024-01-24, prev 2023-12-25)"
2024-01-24,removed,SRC,,"derived from wiki revision diff (rev 1198693709 @ 2024-01-24, prev 2023-12-25)"
2024-01-24,removed,VYX,,"derived from wiki revision diff (rev 1198693709 @ 2024-01-24, prev 2023-12-25)"
2024-03-31,added,AIT,,"derived from wiki revision diff (rev 1216447051 @ 2024-03-31, prev 2024-02-29)"
2024-03-31,added,AMH,,"derived from wiki revision diff (rev 1216447051 @ 2024-03-31, prev 2024-02-29)"
2024-03-31,added,APPF,,"derived from wiki revision diff (rev 1216447051 @ 2024-03-31, prev 2024-02-29)"
2024-03-31,added,CYTK,,"derived from wiki revision diff (rev 1216447051 @ 2024-03-31, prev 2024-02-29)"
2024-03-31,added,ROIV,,"derived from wiki revision diff (rev 1216447051 @ 2024-03-31, prev 2024-02-29)"
2024-03-31,added,WHR,,"derived from wiki revision diff (rev 1216447051 @ 2024-03-31, prev 2024-02-29)"
2024-03-31,added,ZION,,"derived from wiki revision diff (rev 1216447051 @ 2024-03-31, prev 2024-02-29)"
2024-03-31,removed,CALX,,"derived from wiki revision diff (rev 1216447051 @ 2024-03-31, prev 2024-02-29)"
2024-03-31,removed,DECK,,"derived from wiki revision diff (rev 1216447051 @ 2024-03-31, prev 2024-02-29)"
2024-03-31,removed,DOC,,"derived from wiki revision diff (rev 1216447051 @ 2024-03-31, prev 2024-02-29)"
2024-03-31,removed,MPW,,"derived from wiki revision diff (rev 1216447051 @ 2024-03-31, prev 2024-02-29)"
2024-03-31,removed,NARI,,"derived from wiki revision diff (rev 1216447051 @ 2024-03-31, prev 2024-02-29)"
2024-03-31,removed,RUN,,"derived from wiki revision diff (rev 1216447051 @ 2024-03-31, prev 2024-02-29)"
2024-03-31,removed,SMCI,,"derived from wiki revision diff (rev 1216447051 @ 2024-03-31, prev 2024-02-29)"
2024-04-24,added,DUOL,,"derived from wiki revision diff (rev 1220491099 @ 2024-04-24, prev 2024-03-31)"
2024-04-24,added,XRAY,,"derived from wiki revision diff (rev 1220491099 @ 2024-04-24, prev 2024-03-31)"
2024-04-24,removed,CABO,,"derived from wiki revision diff (rev 1220491099 @ 2024-04-24, prev 2024-03-31)"
2024-04-24,removed,FOXF,,"derived from wiki revision diff (rev 1220491099 @ 2024-04-24, prev 2024-03-31)"
2024-05-27,added,AAON,,"derived from wiki revision diff (rev 1225923440 @ 2024-05-27, prev 2024-04-24)"
2024-05-27,removed,VST,,"derived from wiki revision diff (rev 1225923440 @ 2024-05-27, prev 2024-04-24)"
2024-06-30,added,ALTR,,"derived from wiki revision diff (rev 1231752707 @ 2024-06-30, prev 2024-05-27)"
2024-06-30,added,BMRN,,"derived from wiki revision diff (rev 1231752707 @ 2024-06-30, prev 2024-05-27)"
2024-06-30,added,ILMN,,"derived from wiki revision diff (rev 1231752707 @ 2024-06-30, prev 2024-05-27)"
2024-06-30,added,NXT,,"derived from wiki revision diff (rev 1231752707 @ 2024-06-30, prev 2024-05-27)"
2024-06-30,added,RBA,,"derived from wiki revision diff (rev 1231752707 @ 2024-06-30, prev 2024-05-27)"
2024-06-30,added,RYAN,,"derived from wiki revision diff (rev 1231752707 @ 2024-06-30, prev 2024-05-27)"
2024-06-30,added,SRPT,,"derived from wiki revision diff (rev 1231752707 @ 2024-06-30, prev 2024-05-27)"
2024-06-30,added,TPL,,"derived from wiki revision diff (rev 1231752707 @ 2024-06-30, prev 2024-05-27)"
2024-06-30,added,WMG,,"derived from wiki revision diff (rev 1231752707 @ 2024-06-30, prev 2024-05-27)"
2024-06-30,removed,AIRC,,"derived from wiki revision diff (rev 1231752707 @ 2024-06-30, prev 2024-05-27)"
2024-06-30,removed,GDDY,,"derived from wiki revision diff (rev 1231752707 @ 2024-06-30, prev 2024-05-27)"
2024-06-30,removed,GO,,"derived from wiki revision diff (rev 1231752707 @ 2024-06-30, prev 2024-05-27)"
2024-06-30,removed,HTZ,,"derived from wiki revision diff (rev 1231752707 @ 2024-06-30, prev 2024-05-27)"
2024-06-30,removed,IART,,"derived from wiki revision diff (rev 1231752707 @ 2024-06-30, prev 2024-05-27)"
2024-06-30,removed,LEG,,"derived from wiki revision diff (rev 1231752707 @ 2024-06-30, prev 2024-05-27)"
2024-06-30,removed,PENN,,"derived from wiki revision diff (rev 1231752707 @ 2024-06-30, prev 2024-05-27)"
2024-06-30,removed,SWAV,,"derived from wiki revision diff (rev 1231752707 @ 2024-06-30, prev 2024-05-27)"
2024-06-30,removed,WERN,,"derived from wiki revision diff (rev 1231752707 @ 2024-06-30, prev 2024-05-27)"
2024-07-29,added,ANF,,"derived from wiki revision diff (rev 1237293855 @ 2024-07-29, prev 2024-06-30)"
2024-07-29,added,AVTR,,"derived from wiki revision diff (rev 1237293855 @ 2024-07-29, prev 2024-06-30)"
2024-07-29,removed,ETRN,,"derived from wiki revision diff (rev 1237293855 @ 2024-07-29, prev 2024-06-30)"
2024-07-29,removed,QDEL,,"derived from wiki revision diff (rev 1237293855 @ 2024-07-29, prev 2024-06-30)"
2024-08-22,added,GAP,,"derived from wiki revision diff (rev 1241722477 @ 2024-08-22, prev 2024-07-29)"
2024-08-22,removed,GPS,,"derived from wiki revision diff (rev 1241722477 @ 2024-08-22, prev 2024-07-29)"
2024-09-30,added,AAL,,"derived from wiki revision diff (rev 1248542737 @ 2024-09-30, prev 2024-08-22)"
2024-09-30,added,BIO,,"derived from wiki revision diff (rev 1248542737 @ 2024-09-30, prev 2024-08-22)"
2024-09-30,added,CNH,,"derived from wiki revision diff (rev 1248542737 @ 2024-09-30, prev 2024-08-22)"
2024-09-30,added,FN,,"derived from wiki revision diff (rev 1248542737 @ 2024-09-30, prev 2024-08-22)"
2024-09-30,added,HLNE,,"derived from wiki revision diff (rev 1248542737 @ 2024-09-30, prev 2024-08-22)"
2024-09-30,added,PSN,,"derived from wiki revision diff (rev 1248542737 @ 2024-09-30, prev 2024-08-22)"
2024-09-30,added,VNOM,,"derived from wiki revision diff (rev 1248542737 @ 2024-09-30, prev 2024-08-22)"
2024-09-30,added,WAL,,"derived from wiki revision diff (rev 1248542737 @ 2024-09-30, prev 2024-08-22)"
2024-09-30,removed,ADNT,,"derived from wiki revision diff (rev 1248542737 @ 2024-09-30, prev 2024-08-22)"
2024-09-30,removed,ERIE,,"derived from wiki revision diff (rev 1248542737 @ 2024-09-30, prev 2024-08-22)"
2024-09-30,removed,HELE,,"derived from wiki revision diff (rev 1248542737 @ 2024-09-30, prev 2024-08-22)"
2024-09-30,removed,MP,,"derived from wiki revision diff (rev 1248542737 @ 2024-09-30, prev 2024-08-22)"
2024-09-30,removed,PGNY,,"derived from wiki revision diff (rev 1248542737 @ 2024-09-30, prev 2024-08-22)"
2024-09-30,removed,TGNA,,"derived from wiki revision diff (rev 1248542737 @ 2024-09-30, prev 2024-08-22)"
2024-09-30,removed,WOLF,,"derived from wiki revision diff (rev 1248542737 @ 2024-09-30, prev 2024-08-22)"
2024-09-30,removed,ZD,,"derived from wiki revision diff (rev 1248542737 @ 2024-09-30, prev 2024-08-22)"
2024-10-15,added,DOCU,,"derived from wiki revision diff (rev 1251231827 @ 2024-10-15, prev 2024-09-30)"
2024-10-15,added,ENSG,,"derived from wiki revision diff (rev 1251231827 @ 2024-10-15, prev 2024-09-30)"
2024-10-15,added,EXE,,"derived from wiki revision diff (rev 1251231827 @ 2024-10-15, prev 2024-09-30)"
2024-10-15,removed,CHK,,"derived from wiki revision diff (rev 1251231827 @ 2024-10-15, prev 2024-09-30)"
2024-10-15,removed,MDU,,"derived from wiki revision diff (rev 1251231827 @ 2024-10-15, prev 2024-09-30)"
2024-10-15,removed,SWN,,"derived from wiki revision diff (rev 1251231827 @ 2024-10-15, prev 2024-09-30)"
2024-11-28,added,CHWY,,"derived from wiki revision diff (rev 1260051374 @ 2024-11-28, prev 2024-10-15)"
2024-11-28,added,FLEX,,"derived from wiki revision diff (rev 1260051374 @ 2024-11-28, prev 2024-10-15)"
2024-11-28,added,FOUR,,"derived from wiki revision diff (rev 1260051374 @ 2024-11-28, prev 2024-10-15)"
2024-11-28,added,MLI,,"derived from wiki revision diff (rev 1260051374 @ 2024-11-28, prev 2024-10-15)"
2024-11-28,removed,AZTA,,"derived from wiki revision diff (rev 1260051374 @ 2024-11-28, prev 2024-10-15)"
2024-11-28,removed,RCM,,"derived from wiki revision diff (rev 1260051374 @ 2024-11-28, prev 2024-10-15)"
2024-11-28,removed,SRCL,,"derived from wiki revision diff (rev 1260051374 @ 2024-11-28, prev 2024-10-15)"
2024-11-28,removed,TPL,,"derived from wiki revision diff (rev 1260051374 @ 2024-11-28, prev 2024-10-15)"
2024-12-30,added,BILL,,"derived from wiki revision diff (rev 1266277820 @ 2024-12-30, prev 2024-11-28)"
2024-12-30,removed,LII,,"derived from wiki revision diff (rev 1266277820 @ 2024-12-30, prev 2024-11-28)"
2025-01-28,added,CART,,"derived from wiki revision diff (rev 1272297914 @ 2025-01-28, prev 2024-12-30)"
2025-01-28,added,CMA,,"derived from wiki revision diff (rev 1272297914 @ 2025-01-28, prev 2024-12-30)"
2025-01-28,added,CRS,,"derived from wiki revision diff (rev 1272297914 @ 2025-01-28, prev 2024-12-30)"
2025-01-28,added,FLG,,"derived from wiki revision diff (rev 1272297914 @ 2025-01-28, prev 2024-12-30)"
2025-01-28,added,GWRE,,"derived from wiki revision diff (rev 1272297914 @ 2025-01-28, prev 2024-12-30)"
2025-01-28,added,TXNM,,"derived from wiki revision diff (rev 1272297914 @ 2025-01-28, prev 2024-12-30)"
2025-01-28,removed,ARWR,,"derived from wiki revision diff (rev 1272297914 @ 2025-01-28, prev 2024-12-30)"
2025-01-28,removed,CRI,,"derived from wiki revision diff (rev 1272297914 @ 2025-01-28, prev 2024-12-30)"
2025-01-28,removed,ENOV,,"derived from wiki revision diff (rev 1272297914 @ 2025-01-28, prev 2024-12-30)"
2025-01-28,removed,NYCB,,"derived from wiki revision diff (rev 1272297914 @ 2025-01-28, prev 2024-12-30)"
2025-01-28,removed,PNM,,"derived from wiki revision diff (rev 1272297914 @ 2025-01-28, prev 2024-12-30)"
2025-01-28,removed,VSH,,"derived from wiki revision diff (rev 1272297914 @ 2025-01-28, prev 2024-12-30)"
2025-03-30,added,ACI,,"derived from wiki revision diff (rev 1283042793 @ 2025-03-30, prev 2025-02-27)"
2025-03-30,added,ALK,,"derived from wiki revision diff (rev 1283042793 @ 2025-03-30, prev 2025-02-27)"
2025-03-30,added,ATI,,"derived from wiki revision diff (rev 1283042793 @ 2025-03-30, prev 2025-02-27)"
2025-03-30,added,BBWI,,"derived from wiki revision diff (rev 1283042793 @ 2025-03-30, prev 2025-02-27)"
2025-03-30,added,CAVA,,"derived from wiki revision diff (rev 1283042793 @ 2025-03-30, prev 2025-02-27)"
2025-03-30,added,ENTG,,"derived from wiki revision diff (rev 1283042793 @ 2025-03-30, prev 2025-02-27)"
2025-03-30,added,HIMS,,"derived from wiki revision diff (rev 1283042793 @ 2025-03-30, prev 2025-02-27)"
2025-03-30,added,SATS,,"derived from wiki revision diff (rev 1283042793 @ 2025-03-30, prev 2025-02-27)"
2025-03-30,added,SGI,,"derived from wiki revision diff (rev 1283042793 @ 2025-03-30, prev 2025-02-27)"
2025-03-30,added,VFC,,"derived from wiki revision diff (rev 1283042793 @ 2025-03-30, prev 2025-02-27)"
2025-03-30,removed,ALTM,,"derived from wiki revision diff (rev 1283042793 @ 2025-03-30, prev 2025-02-27)"
2025-03-30,removed,ALTR,,"derived from wiki revision diff (rev 1283042793 @ 2025-03-30, prev 2025-02-27)"
2025-03-30,removed,AZPN,,"derived from wiki revision diff (rev 1283042793 @ 2025-03-30, prev 2025-02-27)"
2025-03-30,removed,CC,,"derived from wiki revision diff (rev 1283042793 @ 2025-03-30, prev 2025-02-27)"
2025-03-30,removed,EXE,,"derived from wiki revision diff (rev 1283042793 @ 2025-03-30, prev 2025-02-27)"
2025-03-30,removed,NEOG,,"derived from wiki revision diff (rev 1283042793 @ 2025-03-30, prev 2025-02-27)"
2025-03-30,removed,TDC,,"derived from wiki revision diff (rev 1283042793 @ 2025-03-30, prev 2025-02-27)"
2025-03-30,removed,TKO,,"derived from wiki revision diff (rev 1283042793 @ 2025-03-30, prev 2025-02-27)"
2025-03-30,removed,TPX,,"derived from wiki revision diff (rev 1283042793 @ 2025-03-30, prev 2025-02-27)"
2025-03-30,removed,WSM,,"derived from wiki revision diff (rev 1283042793 @ 2025-03-30, prev 2025-02-27)"
2025-04-30,added,OKTA,,"derived from wiki revision diff (rev 1288176142 @ 2025-04-30, prev 2025-03-30)"
2025-04-30,removed,BERY,,"derived from wiki revision diff (rev 1288176142 @ 2025-04-30, prev 2025-03-30)"
2025-05-23,added,PEGA,,"derived from wiki revision diff (rev 1291734608 @ 2025-05-23, prev 2025-04-30)"
2025-05-23,removed,JWN,,"derived from wiki revision diff (rev 1291734608 @ 2025-05-23, prev 2025-04-30)"
2025-06-24,added,APG,,"derived from wiki revision diff (rev 1297067213 @ 2025-06-24, prev 2025-05-23)"
2025-06-24,added,GTM,,"derived from wiki revision diff (rev 1297067213 @ 2025-06-24, prev 2025-05-23)"
2025-06-24,removed,X,,"derived from wiki revision diff (rev 1297067213 @ 2025-06-24, prev 2025-05-23)"
2025-06-24,removed,ZI,,"derived from wiki revision diff (rev 1297067213 @ 2025-06-24, prev 2025-05-23)"
2025-07-19,added,AVAV,,"derived from wiki revision diff (rev 1301287005 @ 2025-07-19, prev 2025-06-24)"
2025-07-19,removed,CHX,,"derived from wiki revision diff (rev 1301287005 @ 2025-07-19, prev 2025-06-24)"
2025-08-27,added,MZTI,,"derived from wiki revision diff (rev 1308022568 @ 2025-08-27, prev 2025-07-19)"
2025-08-27,added,TWLO,,"derived from wiki revision diff (rev 1308022568 @ 2025-08-27, prev 2025-07-19)"
2025-08-27,removed,AMED,,"derived from wiki revision diff (rev 1308022568 @ 2025-08-27, prev 2025-07-19)"
2025-08-27,removed,LANC,,"derived from wiki revision diff (rev 1308022568 @ 2025-08-27, prev 2025-07-19)"
2025-09-24,added,ELAN,,"derived from wiki revision diff (rev 1313200096 @ 2025-09-24, prev 2025-08-27)"
2025-09-24,added,FTI,,"derived from wiki revision diff (rev 1313200096 @ 2025-09-24, prev 2025-08-27)"
2025-09-24,added,TLN,,"derived from wiki revision diff (rev 1313200096 @ 2025-09-24, prev 2025-08-27)"
2025-09-24,removed,IBKR,,"derived from wiki revision diff (rev 1313200096 @ 2025-09-24, prev 2025-08-27)"
2025-09-24,removed,SKX,,"derived from wiki revision diff (rev 1313200096 @ 2025-09-24, prev 2025-08-27)"
2025-09-24,removed,SRPT,,"derived from wiki revision diff (rev 1313200096 @ 2025-09-24, prev 2025-08-27)"
2025-10-04,added,BSY,,"derived from wiki revision diff (rev 1315090423 @ 2025-10-04, prev 2025-09-24)"
2025-10-04,added,KTOS,,"derived from wiki revision diff (rev 1315090423 @ 2025-10-04, prev 2025-09-24)"
2025-10-04,added,MP,,"derived from wiki revision diff (rev 1315090423 @ 2025-10-04, prev 2025-09-24)"
2025-10-04,added,NTNX,,"derived from wiki revision diff (rev 1315090423 @ 2025-10-04, prev 2025-09-24)"
2025-10-04,added,TRU,,"derived from wiki revision diff (rev 1315090423 @ 2025-10-04, prev 2025-09-24)"
2025-10-04,removed,ACHC,,"derived from wiki revision diff (rev 1315090423 @ 2025-10-04, prev 2025-09-24)"
2025-10-04,removed,EME,,"derived from wiki revision diff (rev 1315090423 @ 2025-10-04, prev 2025-09-24)"
2025-10-04,removed,MAN,,"derived from wiki revision diff (rev 1315090423 @ 2025-10-04, prev 2025-09-24)"
2025-10-04,removed,WEN,,"derived from wiki revision diff (rev 1315090423 @ 2025-10-04, prev 2025-09-24)"
2025-10-04,removed,WU,,"derived from wiki revision diff (rev 1315090423 @ 2025-10-04, prev 2025-09-24)"
2025-11-20,added,STRL,,"derived from wiki revision diff (rev 1323171362 @ 2025-11-20, prev 2025-10-04)"
2025-11-20,removed,LNW,,"derived from wiki revision diff (rev 1323171362 @ 2025-11-20, prev 2025-10-04)"
2025-12-28,added,CRBG,,"derived from wiki revision diff (rev 1329819820 @ 2025-12-28, prev 2025-11-20)"
2025-12-28,removed,ALE,,"derived from wiki revision diff (rev 1329819820 @ 2025-12-28, prev 2025-11-20)"
2026-01-31,added,AEIS,,"derived from wiki revision diff (rev 1335903129 @ 2026-01-31, prev 2025-12-28)"
2026-01-31,added,AHR,,"derived from wiki revision diff (rev 1335903129 @ 2026-01-31, prev 2025-12-28)"
2026-01-31,added,BAH,,"derived from wiki revision diff (rev 1335903129 @ 2026-01-31, prev 2025-12-28)"
2026-01-31,added,BROS,,"derived from wiki revision diff (rev 1335903129 @ 2026-01-31, prev 2025-12-28)"
2026-01-31,added,BWA,,"derived from wiki revision diff (rev 1335903129 @ 2026-01-31, prev 2025-12-28)"
2026-01-31,added,DY,,"derived from wiki revision diff (rev 1335903129 @ 2026-01-31, prev 2025-12-28)"
2026-01-31,added,HL,,"derived from wiki revision diff (rev 1335903129 @ 2026-01-31, prev 2025-12-28)"
2026-01-31,added,PATH,,"derived from wiki revision diff (rev 1335903129 @ 2026-01-31, prev 2025-12-28)"
2026-01-31,added,PINS,,"derived from wiki revision diff (rev 1335903129 @ 2026-01-31, prev 2025-12-28)"
2026-01-31,added,SARO,,"derived from wiki revision diff (rev 1335903129 @ 2026-01-31, prev 2025-12-28)"
2026-01-31,added,SPXC,,"derived from wiki revision diff (rev 1335903129 @ 2026-01-31, prev 2025-12-28)"
2026-01-31,added,TTMI,,"derived from wiki revision diff (rev 1335903129 @ 2026-01-31, prev 2025-12-28)"
2026-01-31,added,ULS,,"derived from wiki revision diff (rev 1335903129 @ 2026-01-31, prev 2025-12-28)"
2026-01-31,removed,CADE,,"derived from wiki revision diff (rev 1335903129 @ 2026-01-31, prev 2025-12-28)"
2026-01-31,removed,CIVI,,"derived from wiki revision diff (rev 1335903129 @ 2026-01-31, prev 2025-12-28)"
2026-01-31,removed,CMA,,"derived from wiki revision diff (rev 1335903129 @ 2026-01-31, prev 2025-12-28)"
2026-01-31,removed,FIX,,"derived from wiki revision diff (rev 1335903129 @ 2026-01-31, prev 2025-12-28)"
2026-01-31,removed,FYBR,,"derived from wiki revision diff (rev 1335903129 @ 2026-01-31, prev 2025-12-28)"
2026-01-31,removed,IRDM,,"derived from wiki revision diff (rev 1335903129 @ 2026-01-31, prev 2025-12-28)"
2026-01-31,removed,NSP,,"derived from wiki revision diff (rev 1335903129 @ 2026-01-31, prev 2025-12-28)"
2026-01-31,removed,PCH,,"derived from wiki revision diff (rev 1335903129 @ 2026-01-31, prev 2025-12-28)"
2026-01-31,removed,POWI,,"derived from wiki revision diff (rev 1335903129 @ 2026-01-31, prev 2025-12-28)"
2026-01-31,removed,PRGO,,"derived from wiki revision diff (rev 1335903129 @ 2026-01-31, prev 2025-12-28)"
2026-01-31,removed,SNV,,"derived from wiki revision diff (rev 1335903129 @ 2026-01-31, prev 2025-12-28)"
2026-01-31,removed,UA,,"derived from wiki revision diff (rev 1335903129 @ 2026-01-31, prev 2025-12-28)"
2026-01-31,removed,UAA,,"derived from wiki revision diff (rev 1335903129 @ 2026-01-31, prev 2025-12-28)"
2026-01-31,removed,VAC,,"derived from wiki revision diff (rev 1335903129 @ 2026-01-31, prev 2025-12-28)"
2026-02-28,added,ARWR,,"derived from wiki revision diff (rev 1340858577 @ 2026-02-28, prev 2026-01-31)"
2026-02-28,removed,CIEN,,"derived from wiki revision diff (rev 1340858577 @ 2026-02-28, prev 2026-01-31)"
2026-03-30,added,CTRE,,"derived from wiki revision diff (rev 1346242889 @ 2026-03-30, prev 2026-02-28)"
2026-03-30,added,IDCC,,"derived from wiki revision diff (rev 1346242889 @ 2026-03-30, prev 2026-02-28)"
2026-03-30,added,MOG.A,,"derived from wiki revision diff (rev 1346242889 @ 2026-03-30, prev 2026-02-28)"
2026-03-30,added,SITM,,"derived from wiki revision diff (rev 1346242889 @ 2026-03-30, prev 2026-02-28)"
2026-03-30,added,SOLS,,"derived from wiki revision diff (rev 1346242889 @ 2026-03-30, prev 2026-02-28)"
2026-03-30,added,VICR,,"derived from wiki revision diff (rev 1346242889 @ 2026-03-30, prev 2026-02-28)"
2026-03-30,removed,ASGN,,"derived from wiki revision diff (rev 1346242889 @ 2026-03-30, prev 2026-02-28)"
2026-03-30,removed,COHR,,"derived from wiki revision diff (rev 1346242889 @ 2026-03-30, prev 2026-02-28)"
2026-03-30,removed,GTM,,"derived from wiki revision diff (rev 1346242889 @ 2026-03-30, prev 2026-02-28)"
2026-03-30,removed,KMPR,,"derived from wiki revision diff (rev 1346242889 @ 2026-03-30, prev 2026-02-28)"
2026-03-30,removed,LITE,,"derived from wiki revision diff (rev 1346242889 @ 2026-03-30, prev 2026-02-28)"
2026-03-30,removed,SATS,,"derived from wiki revision diff (rev 1346242889 @ 2026-03-30, prev 2026-02-28)"
2026-04-16,added,DOCN,,"derived from wiki revision diff (rev 1349161546 @ 2026-04-16, prev 2026-03-30)"
2026-04-16,removed,CASY,,"derived from wiki revision diff (rev 1349161546 @ 2026-04-16, prev 2026-03-30)"
2026-05-24,added,P,,"derived from wiki revision diff (rev 1355833270 @ 2026-05-24, prev 2026-04-16)"
2026-05-24,added,SN,,"derived from wiki revision diff (rev 1355833270 @ 2026-05-24, prev 2026-04-16)"
2026-05-24,removed,FLO,,"derived from wiki revision diff (rev 1355833270 @ 2026-05-24, prev 2026-04-16)"
2026-05-24,removed,PSTG,,"derived from wiki revision diff (rev 1355833270 @ 2026-05-24, prev 2026-04-16)"
2026-06-21,added,CDE,,"derived from wiki revision diff (rev 1360492269 @ 2026-06-21, prev 2026-05-24)"
2026-06-21,added,ROKU,,"derived from wiki revision diff (rev 1360492269 @ 2026-06-21, prev 2026-05-24)"
2026-06-21,added,SANM,,"derived from wiki revision diff (rev 1360492269 @ 2026-06-21, prev 2026-05-24)"
2026-06-21,added,SIRI,,"derived from wiki revision diff (rev 1360492269 @ 2026-06-21, prev 2026-05-24)"
2026-06-21,added,SMTC,,"derived from wiki revision diff (rev 1360492269 @ 2026-06-21, prev 2026-05-24)"
2026-06-21,added,VIAV,,"derived from wiki revision diff (rev 1360492269 @ 2026-06-21, prev 2026-05-24)"
2026-06-21,removed,BLKB,,"derived from wiki revision diff (rev 1360492269 @ 2026-06-21, prev 2026-05-24)"
2026-06-21,removed,BRBR,,"derived from wiki revision diff (rev 1360492269 @ 2026-06-21, prev 2026-05-24)"
2026-06-21,removed,CNXC,,"derived from wiki revision diff (rev 1360492269 @ 2026-06-21, prev 2026-05-24)"
2026-06-21,removed,COTY,,"derived from wiki revision diff (rev 1360492269 @ 2026-06-21, prev 2026-05-24)"
2026-06-21,removed,FLEX,,"derived from wiki revision diff (rev 1360492269 @ 2026-06-21, prev 2026-05-24)"
2026-06-21,removed,MASI,,"derived from wiki revision diff (rev 1360492269 @ 2026-06-21, prev 2026-05-24)"
2026-07-06,added,ALSN,,"derived from wiki revision diff (rev 1362781477 @ 2026-07-06, prev 2026-06-21)"
2026-07-06,removed,GT,,"derived from wiki revision diff (rev 1362781477 @ 2026-07-06, prev 2026-06-21)"
2026-07-19,added,BTSG,,"derived from wiki revision diff (rev 1364890191 @ 2026-07-19, prev 2026-07-06)"
2026-07-19,removed,GTLS,,"derived from wiki revision diff (rev 1364890191 @ 2026-07-19, prev 2026-07-06)"
